data_referencia,instituicoes_financeiras_r_bilhoes,fundos_r_bilhoes,nao_residentes_r_bilhoes,previdencia_r_bilhoes,governo_r_bilhoes,seguradoras_r_bilhoes,outros_r_bilhoes,instituicoes_financeiras_participacao_pct,instituicoes_financeiras_participacao_publicada_pct,instituicoes_financeiras_participacao_sobre_total_publicado_pct,instituicoes_financeiras_diferenca_publicada_menos_calculada_pp,fundos_participacao_pct,fundos_participacao_publicada_pct,fundos_participacao_sobre_total_publicado_pct,fundos_diferenca_publicada_menos_calculada_pp,nao_residentes_participacao_pct,nao_residentes_participacao_publicada_pct,nao_residentes_participacao_sobre_total_publicado_pct,nao_residentes_diferenca_publicada_menos_calculada_pp,previdencia_participacao_pct,previdencia_participacao_publicada_pct,previdencia_participacao_sobre_total_publicado_pct,previdencia_diferenca_publicada_menos_calculada_pp,governo_participacao_pct,governo_participacao_publicada_pct,governo_participacao_sobre_total_publicado_pct,governo_diferenca_publicada_menos_calculada_pp,seguradoras_participacao_pct,seguradoras_participacao_publicada_pct,seguradoras_participacao_sobre_total_publicado_pct,seguradoras_diferenca_publicada_menos_calculada_pp,outros_participacao_pct,outros_participacao_publicada_pct,outros_participacao_sobre_total_publicado_pct,outros_diferenca_publicada_menos_calculada_pp,total_ntnb_r_bilhoes,total_ntnb_publicado_r_bilhoes,diferenca_total_calculado_menos_publicado_r_bilhoes,soma_participacoes_calculadas_pct,soma_participacoes_publicadas_pct,maior_diferenca_participacao_publicada_vs_calculada_pp,status_reconciliacao_fonte,fonte_publicacao,fonte_anexo,planilha_fonte,metodologia
2011-02-28,86.764649471,71.575334287,23.561272127,139.722858861,32.120879877,23.704849977,13.895842658,22.170845954,22.170845954,22.170845954,-0.0,18.289542115,18.289542115,18.289542115,-0.0,6.020577943,6.020577943,6.020577943,-0.0,35.70318095,35.70318095,35.70318095,-0.0,8.207802187,8.207802187,8.207802187,-0.0,6.057266184,6.057266184,6.057266184,-0.0,3.550784667,3.550784667,3.550784667,-0.0,391.345687257,391.345687257,0.0,100.0,100.0,0.0,OK_EXATO,https://www.tesourotransparente.gov.br/publicacoes/relatorio-mensal-da-divida-rmd/2026/5,https://cdn.tesouro.gov.br/sistemas-internos/apex/producao/sistemas/thot/arquivos/publicacoes/54943_1730238/anexos/28577_919203/Anexo%20RMD_Maio_26.zip,2.8,Estoques extraídos diretamente do Anexo 2.8; participação principal recalculada sobre a soma dos sete grupos
2011-03-31,96.531104326,66.934184157,24.585023908,146.695439988,32.746429752,24.673525515,14.384586639,23.743951409,23.743951409,23.743951409,0.0,16.463936959,16.463936959,16.463936959,0.0,6.047228167,6.047228167,6.047228167,0.0,36.082974739,36.082974739,36.082974739,0.0,8.054705706,8.054705706,8.054705706,0.0,6.068997087,6.068997087,6.068997087,0.0,3.538205934,3.538205934,3.538205934,0.0,406.550294284,406.550294284,-0.0,100.0,100.0,0.0,OK_EXATO,https://www.tesourotransparente.gov.br/publicacoes/relatorio-mensal-da-divida-rmd/2026/5,https://cdn.tesouro.gov.br/sistemas-internos/apex/producao/sistemas/thot/arquivos/publicacoes/54943_1730238/anexos/28577_919203/Anexo%20RMD_Maio_26.zip,2.8,Estoques extraídos diretamente do Anexo 2.8; participação principal recalculada sobre a soma dos sete grupos
2011-04-30,94.582174012,75.306738135,25.523155508,152.214400988,33.193126985,26.045169184,15.09610939,22.414915646,22.414915646,22.414915646,0.0,17.846853284,17.846853284,17.846853284,0.0,6.048701922,6.048701922,6.048701922,0.0,36.073107791,36.073107791,36.073107791,0.0,7.866399236,7.866399236,7.866399236,0.0,6.172413315,6.172413315,6.172413315,0.0,3.577608805,3.577608805,3.577608805,0.0,421.960874203,421.960874203,0.0,100.0,100.0,0.0,OK_EXATO,https://www.tesourotransparente.gov.br/publicacoes/relatorio-mensal-da-divida-rmd/2026/5,https://cdn.tesouro.gov.br/sistemas-internos/apex/producao/sistemas/thot/arquivos/publicacoes/54943_1730238/anexos/28577_919203/Anexo%20RMD_Maio_26.zip,2.8,Estoques extraídos diretamente do Anexo 2.8; participação principal recalculada sobre a soma dos sete grupos
2011-05-31,82.155041259,68.719326338,24.92462151,148.217891695,26.962216546,25.901301142,14.85997526,20.971808566,20.971808566,20.971808566,0.0,17.542058706,17.542058706,17.542058706,0.0,6.362535797,6.362535797,6.362535797,0.0,37.83574572,37.83574572,37.83574572,0.0,6.882674943,6.882674943,6.882674943,0.0,6.61185389,6.61185389,6.61185389,0.0,3.793322378,3.793322378,3.793322378,0.0,391.74037375,391.74037375,0.0,100.0,100.0,0.0,OK_EXATO,https://www.tesourotransparente.gov.br/publicacoes/relatorio-mensal-da-divida-rmd/2026/5,https://cdn.tesouro.gov.br/sistemas-internos/apex/producao/sistemas/thot/arquivos/publicacoes/54943_1730238/anexos/28577_919203/Anexo%20RMD_Maio_26.zip,2.8,Estoques extraídos diretamente do Anexo 2.8; participação principal recalculada sobre a soma dos sete grupos
2011-06-30,98.063845754,69.858856358,25.104793764,150.501610123,27.207624303,26.373372309,15.215901283,23.78308543,23.78308543,23.78308543,-0.0,16.942626877,16.942626877,16.942626877,-0.0,6.088578825,6.088578825,6.088578825,-0.0,36.500635105,36.500635105,36.500635105,-0.0,6.598571045,6.598571045,6.598571045,0.0,6.396242793,6.396242793,6.396242793,-0.0,3.690259925,3.690259925,3.690259925,-0.0,412.326003893,412.326003893,0.0,100.0,100.0,0.0,OK_EXATO,https://www.tesourotransparente.gov.br/publicacoes/relatorio-mensal-da-divida-rmd/2026/5,https://cdn.tesouro.gov.br/sistemas-internos/apex/producao/sistemas/thot/arquivos/publicacoes/54943_1730238/anexos/28577_919203/Anexo%20RMD_Maio_26.zip,2.8,Estoques extraídos diretamente do Anexo 2.8; participação principal recalculada sobre a soma dos sete grupos
2011-07-31,100.05158753,75.620547244,26.205234107,154.671866331,27.373238101,27.374069285,15.722381256,23.43024675,23.43024675,23.43024675,-0.0,17.708945206,17.708945206,17.708945206,-0.0,6.136785197,6.136785197,6.136785197,-0.0,36.221314254,36.221314254,36.221314254,-0.0,6.41031031,6.41031031,6.41031031,-0.0,6.410504958,6.410504958,6.410504958,-0.0,3.681893325,3.681893325,3.681893325,-0.0,427.018923853,427.018923853,0.0,100.0,100.0,0.0,OK_EXATO,https://www.tesourotransparente.gov.br/publicacoes/relatorio-mensal-da-divida-rmd/2026/5,https://cdn.tesouro.gov.br/sistemas-internos/apex/producao/sistemas/thot/arquivos/publicacoes/54943_1730238/anexos/28577_919203/Anexo%20RMD_Maio_26.zip,2.8,Estoques extraídos diretamente do Anexo 2.8; participação principal recalculada sobre a soma dos sete grupos
2011-08-31,103.227920895,84.709028183,26.172043759,149.709251832,26.515547357,26.79845519,15.660806072,23.851566034,23.851566034,23.851566034,-0.0,19.572640443,19.572640443,19.572640443,-0.0,6.047242108,6.047242108,6.047242108,-0.0,34.591417467,34.591417467,34.591417467,-0.0,6.126611126,6.126611126,6.126611126,-0.0,6.19197905,6.19197905,6.19197905,-0.0,3.618543771,3.618543771,3.618543771,-0.0,432.793053289,432.793053289,0.0,100.0,100.0,0.0,OK_EXATO,https://www.tesourotransparente.gov.br/publicacoes/relatorio-mensal-da-divida-rmd/2026/5,https://cdn.tesouro.gov.br/sistemas-internos/apex/producao/sistemas/thot/arquivos/publicacoes/54943_1730238/anexos/28577_919203/Anexo%20RMD_Maio_26.zip,2.8,Estoques extraídos diretamente do Anexo 2.8; participação principal recalculada sobre a soma dos sete grupos
2011-09-30,103.673122092,91.946087627,27.62592691,146.883747596,26.719015635,27.869870194,16.55757486,23.493975652,23.493975652,23.493975652,-0.0,20.836443433,20.836443433,20.836443433,-0.0,6.260473699,6.260473699,6.260473699,-0.0,33.286189516,33.286189516,33.286189516,-0.0,6.054953204,6.054953204,6.054953204,-0.0,6.315755121,6.315755121,6.315755121,-0.0,3.752209375,3.752209375,3.752209375,-0.0,441.275344914,441.275344914,0.0,100.0,100.0,0.0,OK_EXATO,https://www.tesourotransparente.gov.br/publicacoes/relatorio-mensal-da-divida-rmd/2026/5,https://cdn.tesouro.gov.br/sistemas-internos/apex/producao/sistemas/thot/arquivos/publicacoes/54943_1730238/anexos/28577_919203/Anexo%20RMD_Maio_26.zip,2.8,Estoques extraídos diretamente do Anexo 2.8; participação principal recalculada sobre a soma dos sete grupos
2011-10-31,103.352029463,90.553354882,28.180603505,157.612165059,27.007831125,28.002271866,16.4381018,22.908758477,22.908758477,22.908758477,0.0,20.071835522,20.071835522,20.071835522,0.0,6.246443759,6.246443759,6.246443759,0.0,34.935927636,34.935927636,34.935927636,0.0,5.986489897,5.986489897,5.986489897,0.0,6.206915203,6.206915203,6.206915203,0.0,3.643629505,3.643629505,3.643629505,0.0,451.146357699,451.146357699,-0.0,100.0,100.0,0.0,OK_EXATO,https://www.tesourotransparente.gov.br/publicacoes/relatorio-mensal-da-divida-rmd/2026/5,https://cdn.tesouro.gov.br/sistemas-internos/apex/producao/sistemas/thot/arquivos/publicacoes/54943_1730238/anexos/28577_919203/Anexo%20RMD_Maio_26.zip,2.8,Estoques extraídos diretamente do Anexo 2.8; participação principal recalculada sobre a soma dos sete grupos
2011-11-30,98.483873705,91.859507681,28.238447415,154.195092201,26.674089709,27.849034539,16.3059048,22.200755805,22.200755805,22.200755805,0.0,20.707456172,20.707456172,20.707456172,0.0,6.365660202,6.365660202,6.365660202,0.0,34.759473398,34.759473398,34.759473398,0.0,6.013014412,6.013014412,6.013014412,0.0,6.277876691,6.277876691,6.277876691,0.0,3.675763321,3.675763321,3.675763321,0.0,443.60595005,443.60595005,0.0,100.0,100.0,0.0,OK_EXATO,https://www.tesourotransparente.gov.br/publicacoes/relatorio-mensal-da-divida-rmd/2026/5,https://cdn.tesouro.gov.br/sistemas-internos/apex/producao/sistemas/thot/arquivos/publicacoes/54943_1730238/anexos/28577_919203/Anexo%20RMD_Maio_26.zip,2.8,Estoques extraídos diretamente do Anexo 2.8; participação principal recalculada sobre a soma dos sete grupos
2011-12-31,98.015852635,98.668942803,28.776666659,156.041837871,26.970171734,28.282904727,16.772436098,21.611824856,21.611824856,21.611824856,-0.0,21.755826769,21.755826769,21.755826769,-0.0,6.345058101,6.345058101,6.345058101,-0.0,34.406157572,34.406157572,34.406157572,-0.0,5.94673833,5.94673833,5.94673833,-0.0,6.236186973,6.236186973,6.236186973,-0.0,3.698207398,3.698207398,3.698207398,-0.0,453.528812525,453.528812525,0.0,100.0,100.0,0.0,OK_EXATO,https://www.tesourotransparente.gov.br/publicacoes/relatorio-mensal-da-divida-rmd/2026/5,https://cdn.tesouro.gov.br/sistemas-internos/apex/producao/sistemas/thot/arquivos/publicacoes/54943_1730238/anexos/28577_919203/Anexo%20RMD_Maio_26.zip,2.8,Estoques extraídos diretamente do Anexo 2.8; participação principal recalculada sobre a soma dos sete grupos
2012-01-31,107.59554009,100.450259506,30.691255684,153.521527512,27.268221912,29.346095592,17.390242844,23.076140946,23.076140946,23.076140946,0.0,21.543684287,21.543684287,21.543684287,0.0,6.582389395,6.582389395,6.582389395,0.0,32.925941021,32.925941021,32.925941021,0.0,5.84824735,5.84824735,5.84824735,0.0,6.293891341,6.293891341,6.293891341,0.0,3.729705661,3.729705661,3.729705661,0.0,466.263143139,466.263143139,-0.0,100.0,100.0,0.0,OK_EXATO,https://www.tesourotransparente.gov.br/publicacoes/relatorio-mensal-da-divida-rmd/2026/5,https://cdn.tesouro.gov.br/sistemas-internos/apex/producao/sistemas/thot/arquivos/publicacoes/54943_1730238/anexos/28577_919203/Anexo%20RMD_Maio_26.zip,2.8,Estoques extraídos diretamente do Anexo 2.8; participação principal recalculada sobre a soma dos sete grupos
2012-02-29,109.542229922,108.628171112,31.516463895,155.65672234,49.31646732,29.731485236,18.716365857,21.77310845,21.77310845,21.77310845,-0.0,21.591425991,21.591425991,21.591425991,-0.0,6.264354732,6.264354732,6.264354732,-0.0,30.939033273,30.939033273,30.939033273,-0.0,9.80236382,9.80236382,9.80236382,-0.0,5.90956431,5.90956431,5.90956431,-0.0,3.720149424,3.720149424,3.720149424,-0.0,503.107905682,503.107905682,-0.0,100.0,100.0,0.0,OK_EXATO,https://www.tesourotransparente.gov.br/publicacoes/relatorio-mensal-da-divida-rmd/2026/5,https://cdn.tesouro.gov.br/sistemas-internos/apex/producao/sistemas/thot/arquivos/publicacoes/54943_1730238/anexos/28577_919203/Anexo%20RMD_Maio_26.zip,2.8,Estoques extraídos diretamente do Anexo 2.8; participação principal recalculada sobre a soma dos sete grupos
2012-03-31,109.680829863,114.314238905,31.749058656,158.128884892,50.907287634,30.678119675,19.000195168,21.319660456,21.319660456,21.319660456,-0.0,22.220298313,22.220298313,22.220298313,-0.0,6.171353291,6.171353291,6.171353291,-0.0,30.736949552,30.736949552,30.736949552,-0.0,9.895312503,9.895312503,9.895312503,-0.0,5.963185141,5.963185141,5.963185141,-0.0,3.693240743,3.693240743,3.693240743,-0.0,514.458614793,514.458614793,0.0,100.0,100.0,0.0,OK_EXATO,https://www.tesourotransparente.gov.br/publicacoes/relatorio-mensal-da-divida-rmd/2026/5,https://cdn.tesouro.gov.br/sistemas-internos/apex/producao/sistemas/thot/arquivos/publicacoes/54943_1730238/anexos/28577_919203/Anexo%20RMD_Maio_26.zip,2.8,Estoques extraídos diretamente do Anexo 2.8; participação principal recalculada sobre a soma dos sete grupos
2012-04-30,115.368106937,116.760894275,34.029780424,159.631129414,52.429047172,30.549103702,18.691468292,21.872409224,21.872409224,21.872409224,-0.0,22.136464996,22.136464996,22.136464996,-0.0,6.451638178,6.451638178,6.451638178,-0.0,30.264147346,30.264147346,30.264147346,-0.0,9.939918452,9.939918452,9.939918452,-0.0,5.791743622,5.791743622,5.791743622,-0.0,3.543678182,3.543678182,3.543678182,-0.0,527.459530216,527.459530216,-0.0,100.0,100.0,0.0,OK_EXATO,https://www.tesourotransparente.gov.br/publicacoes/relatorio-mensal-da-divida-rmd/2026/5,https://cdn.tesouro.gov.br/sistemas-internos/apex/producao/sistemas/thot/arquivos/publicacoes/54943_1730238/anexos/28577_919203/Anexo%20RMD_Maio_26.zip,2.8,Estoques extraídos diretamente do Anexo 2.8; participação principal recalculada sobre a soma dos sete grupos
2012-05-31,114.360666282,115.634479931,35.375246373,160.116982555,56.582878378,31.516009181,18.746974146,21.482909269,21.482909269,21.482909269,0.0,21.722198038,21.722198038,21.722198038,0.0,6.645319872,6.645319872,6.645319872,0.0,30.078336552,30.078336552,30.078336552,0.0,10.629221409,10.629221409,10.629221409,0.0,5.920353455,5.920353455,5.920353455,0.0,3.521661405,3.521661405,3.521661405,0.0,532.333236846,532.333236846,0.0,100.0,100.0,0.0,OK_EXATO,https://www.tesourotransparente.gov.br/publicacoes/relatorio-mensal-da-divida-rmd/2026/5,https://cdn.tesouro.gov.br/sistemas-internos/apex/producao/sistemas/thot/arquivos/publicacoes/54943_1730238/anexos/28577_919203/Anexo%20RMD_Maio_26.zip,2.8,Estoques extraídos diretamente do Anexo 2.8; participação principal recalculada sobre a soma dos sete grupos
2012-06-30,117.890277816,108.083468959,36.189558886,180.481816423,85.974468616,22.638717659,19.046722923,20.67144271,20.67144271,20.67144271,-0.0,18.951870145,18.951870145,18.951870145,-0.0,6.345649591,6.345649591,6.345649591,-0.0,31.646541153,31.646541153,31.646541153,-0.0,15.075172741,15.075172741,15.075172741,-0.0,3.969580561,3.969580561,3.969580561,-0.0,3.339743099,3.339743099,3.339743099,-0.0,570.305031283,570.305031283,0.0,100.0,100.0,0.0,OK_EXATO,https://www.tesourotransparente.gov.br/publicacoes/relatorio-mensal-da-divida-rmd/2026/5,https://cdn.tesouro.gov.br/sistemas-internos/apex/producao/sistemas/thot/arquivos/publicacoes/54943_1730238/anexos/28577_919203/Anexo%20RMD_Maio_26.zip,2.8,Estoques extraídos diretamente do Anexo 2.8; participação principal recalculada sobre a soma dos sete grupos
2012-07-31,118.020634131,114.783855348,40.493694925,178.501215873,86.630960689,22.698057038,19.512250047,20.325933167,20.325933167,20.325933167,-0.0,19.768483619,19.768483619,19.768483619,-0.0,6.973968093,6.973968093,6.973968093,-0.0,30.74211396,30.74211396,30.74211396,-0.0,14.919892018,14.919892018,14.919892018,-0.0,3.909140074,3.909140074,3.909140074,-0.0,3.360469068,3.360469068,3.360469068,-0.0,580.640668051,580.640668051,-0.0,100.0,100.0,0.0,OK_EXATO,https://www.tesourotransparente.gov.br/publicacoes/relatorio-mensal-da-divida-rmd/2026/5,https://cdn.tesouro.gov.br/sistemas-internos/apex/producao/sistemas/thot/arquivos/publicacoes/54943_1730238/anexos/28577_919203/Anexo%20RMD_Maio_26.zip,2.8,Estoques extraídos diretamente do Anexo 2.8; participação principal recalculada sobre a soma dos sete grupos
2012-08-31,100.635466784,105.536960266,40.273517657,176.662832333,79.190987709,24.738560466,19.005475176,18.429925715,18.429925715,18.429925715,-0.0,19.327563135,19.327563135,19.327563135,-0.0,7.375510468,7.375510468,7.375510468,-0.0,32.353234705,32.353234705,32.353234705,-0.0,14.502680491,14.502680491,14.502680491,-0.0,4.530508441,4.530508441,4.530508441,-0.0,3.480577046,3.480577046,3.480577046,-0.0,546.043800391,546.043800391,-0.0,100.0,100.0,0.0,OK_EXATO,https://www.tesourotransparente.gov.br/publicacoes/relatorio-mensal-da-divida-rmd/2026/5,https://cdn.tesouro.gov.br/sistemas-internos/apex/producao/sistemas/thot/arquivos/publicacoes/54943_1730238/anexos/28577_919203/Anexo%20RMD_Maio_26.zip,2.8,Estoques extraídos diretamente do Anexo 2.8; participação principal recalculada sobre a soma dos sete grupos
2012-09-30,105.963940733,112.042388329,44.300047738,177.093407259,80.746486643,27.09194381,20.795321149,18.654521975,18.654521975,18.654521975,0.0,19.72460802,19.72460802,19.72460802,0.0,7.798843723,7.798843723,7.798843723,0.0,31.176576054,31.176576054,31.176576054,0.0,14.215091464,14.215091464,14.215091464,0.0,4.769426822,4.769426822,4.769426822,0.0,3.660931942,3.660931942,3.660931942,0.0,568.033535661,568.033535661,0.0,100.0,100.0,0.0,OK_EXATO,https://www.tesourotransparente.gov.br/publicacoes/relatorio-mensal-da-divida-rmd/2026/5,https://cdn.tesouro.gov.br/sistemas-internos/apex/producao/sistemas/thot/arquivos/publicacoes/54943_1730238/anexos/28577_919203/Anexo%20RMD_Maio_26.zip,2.8,Estoques extraídos diretamente do Anexo 2.8; participação principal recalculada sobre a soma dos sete grupos
2012-10-31,105.231170582,118.61570394,49.613353612,179.606380609,80.6597327,27.284591419,19.082781052,18.140374229,18.140374229,18.140374229,0.0,20.44767959,20.44767959,20.44767959,0.0,8.552644585,8.552644585,8.552644585,0.0,30.961614701,30.961614701,30.961614701,0.0,13.904603819,13.904603819,13.904603819,0.0,4.703479932,4.703479932,4.703479932,0.0,3.289603144,3.289603144,3.289603144,0.0,580.093713912,580.093713912,0.0,100.0,100.0,0.0,OK_EXATO,https://www.tesourotransparente.gov.br/publicacoes/relatorio-mensal-da-divida-rmd/2026/5,https://cdn.tesouro.gov.br/sistemas-internos/apex/producao/sistemas/thot/arquivos/publicacoes/54943_1730238/anexos/28577_919203/Anexo%20RMD_Maio_26.zip,2.8,Estoques extraídos diretamente do Anexo 2.8; participação principal recalculada sobre a soma dos sete grupos
2012-11-30,101.157892435,128.290714451,52.199356699,177.024952893,81.396808077,27.976221082,17.233590386,17.283688598,17.283688598,17.283688598,0.0,21.919562629,21.919562629,21.919562629,0.0,8.918705249,8.918705249,8.918705249,0.0,30.246222873,30.246222873,30.246222873,0.0,13.907338813,13.907338813,13.907338813,0.0,4.779975953,4.779975953,4.779975953,0.0,2.944505886,2.944505886,2.944505886,0.0,585.279536023,585.279536023,-0.0,100.0,100.0,0.0,OK_EXATO,https://www.tesourotransparente.gov.br/publicacoes/relatorio-mensal-da-divida-rmd/2026/5,https://cdn.tesouro.gov.br/sistemas-internos/apex/producao/sistemas/thot/arquivos/publicacoes/54943_1730238/anexos/28577_919203/Anexo%20RMD_Maio_26.zip,2.8,Estoques extraídos diretamente do Anexo 2.8; participação principal recalculada sobre a soma dos sete grupos
2012-12-31,108.124080138,126.684720023,56.009500314,183.68032394,80.173788915,29.929541637,17.537209318,17.956659615,17.956659615,17.956659615,0.0,21.039109817,21.039109817,21.039109817,0.0,9.301753421,9.301753421,9.301753421,0.0,30.504629965,30.504629965,30.504629965,0.0,13.314827148,13.314827148,13.314827148,0.0,4.970535619,4.970535619,4.970535619,0.0,2.912484415,2.912484415,2.912484415,0.0,602.139164285,602.139164285,0.0,100.0,100.0,0.0,OK_EXATO,https://www.tesourotransparente.gov.br/publi…29788 tokens truncated….226288585,120.578771472,167.335536721,18.933764742,18.93347502,18.600788734,-0.000289721573,16.607204849,16.606950728,16.315144561,-0.000254120909,2.28240468,2.282369755,2.242265489,-3.4925007e-05,43.240837251,43.240175587,42.480388308,-0.000661664679,4.594030492,4.593960194,4.513238216,-7.0297152e-05,6.006341156,6.006249248,5.900711476,-9.1908114e-05,8.33541683,8.188827186,8.188827186,-0.146589643588,2007.524520211,2043.461571661,-35.937051450508,100.0,99.852007719,0.146589643588,DIVERGENCIA_RELEVANTE_NA_FONTE,https://www.tesourotransparente.gov.br/publicacoes/relatorio-mensal-da-divida-rmd/2026/5,https://cdn.tesouro.gov.br/sistemas-internos/apex/producao/sistemas/thot/arquivos/publicacoes/54943_1730238/anexos/28577_919203/Anexo%20RMD_Maio_26.zip,2.8,Estoques extraídos diretamente do Anexo 2.8; participação principal recalculada sobre a soma dos sete grupos
2024-08-31,256.408451953,295.709837509,39.742928319,832.491661283,79.732123132,114.715606788,156.568416102,14.442543963,14.442327438,14.442543963,-0.000216524666,16.656246298,16.655996585,16.656246298,-0.000249712805,2.238572813,2.238539252,2.238572813,-3.3561001e-05,46.891189917,46.890486918,46.891189917,-0.000702999366,4.49101691,4.49094958,4.49101691,-6.7329962e-05,6.46150773,6.461410858,6.46150773,-9.687184e-05,8.81892237,8.81892237,8.81892237,0.0,1775.369025086,1775.369025086,7e-12,100.0,99.998633,0.000702999366,OK_ARREDONDAMENTO,https://www.tesourotransparente.gov.br/publicacoes/relatorio-mensal-da-divida-rmd/2026/5,https://cdn.tesouro.gov.br/sistemas-internos/apex/producao/sistemas/thot/arquivos/publicacoes/54943_1730238/anexos/28577_919203/Anexo%20RMD_Maio_26.zip,2.8,Estoques extraídos diretamente do Anexo 2.8; participação principal recalculada sobre a soma dos sete grupos
2024-09-30,279.216099859,293.136661631,41.366686796,835.595725877,82.155677792,114.957184352,162.656355211,15.434111375,15.444270189,15.434111375,0.010158814027,16.203592436,16.214257727,16.203592436,0.010665290545,2.286609016,2.288114074,2.286609016,0.001505058191,46.188874869,46.219276632,46.188874869,0.030401762596,4.541284982,4.54427408,4.541284982,0.002989097879,6.354440119,6.358622645,6.354440119,0.004182526213,8.991087203,8.991087203,8.991087203,0.0,1809.084391517,1809.084391517,1e-12,100.0,100.059902549,0.030401762596,DIVERGENCIA_RELEVANTE_NA_FONTE,https://www.tesourotransparente.gov.br/publicacoes/relatorio-mensal-da-divida-rmd/2026/5,https://cdn.tesouro.gov.br/sistemas-internos/apex/producao/sistemas/thot/arquivos/publicacoes/54943_1730238/anexos/28577_919203/Anexo%20RMD_Maio_26.zip,2.8,Estoques extraídos diretamente do Anexo 2.8; participação principal recalculada sobre a soma dos sete grupos
2024-10-31,288.485974749,300.487293267,42.377697731,847.217424508,84.256232625,114.341368258,167.535194135,15.638629012,15.638353175,15.638629012,-0.0002758374,16.289212349,16.288925036,16.289212349,-0.000287312524,2.297266249,2.29722573,2.297266249,-4.0519661e-05,45.927081918,45.926271847,45.927081918,-0.000810071448,4.56747322,4.567392658,4.56747322,-8.0562045e-05,6.198368016,6.198258688,6.198368016,-0.000109328108,9.081969236,9.081969236,9.081969236,-0.0,1844.701185272,1844.701185272,-6e-12,100.0,99.998396369,0.000810071448,OK_ARREDONDAMENTO,https://www.tesourotransparente.gov.br/publicacoes/relatorio-mensal-da-divida-rmd/2026/5,https://cdn.tesouro.gov.br/sistemas-internos/apex/producao/sistemas/thot/arquivos/publicacoes/54943_1730238/anexos/28577_919203/Anexo%20RMD_Maio_26.zip,2.8,Estoques extraídos diretamente do Anexo 2.8; participação principal recalculada sobre a soma dos sete grupos
2024-11-30,296.406680061,296.987583423,40.845613015,853.160752209,83.640081244,114.521211763,171.507451849,15.960991241,15.96076332,15.960991241,-0.000227921796,15.992271891,15.992043522,15.992271891,-0.000228368481,2.199466191,2.199434783,2.199466191,-3.1408218e-05,45.941242926,45.940586888,45.941242926,-0.000656037613,4.503874892,4.503810577,4.503874892,-6.4315006e-05,6.166770795,6.166682733,6.166770795,-8.8061039e-05,9.235382064,9.235382064,9.235382064,-0.0,1857.069373565,1857.069373565,-0.0,100.0,99.998703888,0.000656037613,OK_ARREDONDAMENTO,https://www.tesourotransparente.gov.br/publicacoes/relatorio-mensal-da-divida-rmd/2026/5,https://cdn.tesouro.gov.br/sistemas-internos/apex/producao/sistemas/thot/arquivos/publicacoes/54943_1730238/anexos/28577_919203/Anexo%20RMD_Maio_26.zip,2.8,Estoques extraídos diretamente do Anexo 2.8; participação principal recalculada sobre a soma dos sete grupos
2024-12-31,307.305298556,288.336800531,40.149191193,865.376185448,85.988403064,115.827609343,179.060018397,16.328278145,16.328056802,16.328278145,-0.000221343441,15.320411007,15.320203326,15.320411007,-0.000207680961,2.133276465,2.133247547,2.133276465,-2.8918343e-05,45.980668483,45.980045177,45.980668483,-0.000623306346,4.568884979,4.568823044,4.568884979,-6.193505e-05,6.154353443,6.154270016,6.154353443,-8.3427399e-05,9.514127478,9.514127478,9.514127478,0.0,1882.043506532,1882.043506532,5e-12,100.0,99.998773388,0.000623306346,OK_ARREDONDAMENTO,https://www.tesourotransparente.gov.br/publicacoes/relatorio-mensal-da-divida-rmd/2026/5,https://cdn.tesouro.gov.br/sistemas-internos/apex/producao/sistemas/thot/arquivos/publicacoes/54943_1730238/anexos/28577_919203/Anexo%20RMD_Maio_26.zip,2.8,Estoques extraídos diretamente do Anexo 2.8; participação principal recalculada sobre a soma dos sete grupos
2025-01-31,310.433891482,299.566398435,40.663287804,876.044128254,93.010895288,118.390877844,185.012445808,16.142184615,16.141945461,16.142184615,-0.000239153189,15.5770882,15.576857419,15.5770882,-0.00023078105,2.114441486,2.11441016,2.114441486,-3.1326331e-05,45.55322868,45.55255379,45.55322868,-0.000674890058,4.836453377,4.836381723,4.836453377,-7.1654071e-05,6.156181587,6.156090381,6.156181587,-9.1206395e-05,9.620422055,9.620422055,9.620422055,-0.0,1923.121924915,1923.121924915,-3e-12,100.0,99.998660989,0.000674890058,OK_ARREDONDAMENTO,https://www.tesourotransparente.gov.br/publicacoes/relatorio-mensal-da-divida-rmd/2026/5,https://cdn.tesouro.gov.br/sistemas-internos/apex/producao/sistemas/thot/arquivos/publicacoes/54943_1730238/anexos/28577_919203/Anexo%20RMD_Maio_26.zip,2.8,Estoques extraídos diretamente do Anexo 2.8; participação principal recalculada sobre a soma dos sete grupos
2025-02-28,335.307470211,310.477639912,42.391201014,880.160964662,96.594705599,119.846756044,187.998923186,16.996718733,16.996495009,16.996718733,-0.00022372459,15.738095889,15.737888732,15.738095889,-0.000207157576,2.148807839,2.148779554,2.148807839,-2.8284351e-05,44.615314854,44.614727591,44.615314854,-0.000587262942,4.896380749,4.896316299,4.896380749,-6.4450133e-05,6.075026012,6.074946048,6.075026012,-7.9964417e-05,9.529655923,9.529655923,9.529655923,-0.0,1972.777660628,1972.777660628,-4e-12,100.0,99.998809156,0.000587262942,OK_ARREDONDAMENTO,https://www.tesourotransparente.gov.br/publicacoes/relatorio-mensal-da-divida-rmd/2026/5,https://cdn.tesouro.gov.br/sistemas-internos/apex/producao/sistemas/thot/arquivos/publicacoes/54943_1730238/anexos/28577_919203/Anexo%20RMD_Maio_26.zip,2.8,Estoques extraídos diretamente do Anexo 2.8; participação principal recalculada sobre a soma dos sete grupos
2025-03-31,375.088964218,291.078995094,44.826994112,888.801018255,98.003354489,121.570597563,194.557368737,18.624752027,18.624498344,18.624752027,-0.00025368301,14.453302072,14.453105207,14.453302072,-0.000196864751,2.225849676,2.225819358,2.225849676,-3.0317732e-05,44.13272622,44.132125099,44.13272622,-0.000601120638,4.866280667,4.866214385,4.866280667,-6.6282371e-05,6.03649387,6.036411649,6.03649387,-8.2221548e-05,9.660595468,9.660595468,9.660595468,-0.0,2013.927292468,2013.927292468,-1e-12,100.0,99.99876951,0.000601120638,OK_ARREDONDAMENTO,https://www.tesourotransparente.gov.br/publicacoes/relatorio-mensal-da-divida-rmd/2026/5,https://cdn.tesouro.gov.br/sistemas-internos/apex/producao/sistemas/thot/arquivos/publicacoes/54943_1730238/anexos/28577_919203/Anexo%20RMD_Maio_26.zip,2.8,Estoques extraídos diretamente do Anexo 2.8; participação principal recalculada sobre a soma dos sete grupos
2025-04-30,389.441740088,319.809522299,47.954981492,898.517917721,98.673475049,122.584771152,200.945398588,18.741832074,18.741557273,18.741832074,-0.000274801016,15.390790831,15.390790831,15.390790831,-0.0,2.307827122,2.307793284,2.307827122,-3.383838e-05,43.241055582,43.241055582,43.241055582,-0.0,4.748647896,4.748578269,4.748647896,-6.9626772e-05,5.899375848,5.899289349,5.899375848,-8.6499253e-05,9.670470647,9.670470647,9.670470647,-0.0,2077.92780639,2077.92780639,-2e-12,100.0,99.999535235,0.000274801016,OK_ARREDONDAMENTO,https://www.tesourotransparente.gov.br/publicacoes/relatorio-mensal-da-divida-rmd/2026/5,https://cdn.tesouro.gov.br/sistemas-internos/apex/producao/sistemas/thot/arquivos/publicacoes/54943_1730238/anexos/28577_919203/Anexo%20RMD_Maio_26.zip,2.8,Estoques extraídos diretamente do Anexo 2.8; participação principal recalculada sobre a soma dos sete grupos
2025-05-31,293.241501183,295.752989686,50.469288653,893.680910754,92.86543687,122.980390788,204.346229826,15.0123373,15.012134865,15.0123373,-0.000202434772,15.140911572,15.140707404,15.140911572,-0.000204168539,2.583747462,2.583712622,2.583747462,-3.4840699e-05,45.751502488,45.750885549,45.751502488,-0.000616938907,4.754194942,4.754130834,4.754194942,-6.410823e-05,6.295913438,6.29582854,6.295913438,-8.4897626e-05,10.461392797,10.461392797,10.461392797,0.0,1953.336747761,1953.336747761,4e-12,100.0,99.998792611,0.000616938907,OK_ARREDONDAMENTO,https://www.tesourotransparente.gov.br/publicacoes/relatorio-mensal-da-divida-rmd/2026/5,https://cdn.tesouro.gov.br/sistemas-internos/apex/producao/sistemas/thot/arquivos/publicacoes/54943_1730238/anexos/28577_919203/Anexo%20RMD_Maio_26.zip,2.8,Estoques extraídos diretamente do Anexo 2.8; participação principal recalculada sobre a soma dos sete grupos
2025-06-30,318.27759406,285.747998611,57.135351603,914.50708544,93.264075045,120.386577149,206.821691046,15.944649904,15.944452189,15.944649904,-0.000197715388,14.31502526,14.314847752,14.31502526,-0.000177507866,2.862291269,2.862255776,2.862291269,-3.5492722e-05,45.813766298,45.813198202,45.813766298,-0.000568095671,4.672220266,4.67216233,4.672220266,-5.7936038e-05,6.0309675,6.030892715,6.0309675,-7.4784651e-05,10.361079504,10.361079504,10.361079504,-0.0,1996.140372954,1996.140372954,-1e-12,100.0,99.998888468,0.000568095671,OK_ARREDONDAMENTO,https://www.tesourotransparente.gov.br/publicacoes/relatorio-mensal-da-divida-rmd/2026/5,https://cdn.tesouro.gov.br/sistemas-internos/apex/producao/sistemas/thot/arquivos/publicacoes/54943_1730238/anexos/28577_919203/Anexo%20RMD_Maio_26.zip,2.8,Estoques extraídos diretamente do Anexo 2.8; participação principal recalculada sobre a soma dos sete grupos
2025-07-31,345.51311626,285.460582623,59.406588944,915.726697371,93.945319946,124.899764482,211.488336441,16.966522331,16.966287679,16.966522331,-0.00023465218,14.017625155,14.017431287,14.017625155,-0.000193868032,2.917177874,2.917137529,2.917177874,-4.034546e-05,44.967026516,44.966404608,44.967026516,-0.000621907694,4.613212332,4.61314853,4.613212332,-6.3802134e-05,6.133239358,6.133154533,6.133239358,-8.4824571e-05,10.385196434,10.385196434,10.385196434,0.0,2036.440406067,2036.440406067,5e-12,100.0,99.9987606,0.000621907694,OK_ARREDONDAMENTO,https://www.tesourotransparente.gov.br/publicacoes/relatorio-mensal-da-divida-rmd/2026/5,https://cdn.tesouro.gov.br/sistemas-internos/apex/producao/sistemas/thot/arquivos/publicacoes/54943_1730238/anexos/28577_919203/Anexo%20RMD_Maio_26.zip,2.8,Estoques extraídos diretamente do Anexo 2.8; participação principal recalculada sobre a soma dos sete grupos
2025-08-31,337.482637694,289.866541272,60.365051083,919.435831195,94.860361881,124.009699257,213.671468458,16.545767959,16.545552631,16.545767959,-0.000215327704,14.211292657,14.21110771,14.211292657,-0.00018494669,2.959518554,2.959480039,2.959518554,-3.8515368e-05,45.077198696,45.076612059,45.077198696,-0.000586637605,4.65072084,4.650660315,4.65072084,-6.0524784e-05,6.07982598,6.079746857,6.07982598,-7.9123252e-05,10.475675314,10.475675314,10.475675314,-0.0,2039.691590841,2039.691590841,-2e-12,100.0,99.998834925,0.000586637605,OK_ARREDONDAMENTO,https://www.tesourotransparente.gov.br/publicacoes/relatorio-mensal-da-divida-rmd/2026/5,https://cdn.tesouro.gov.br/sistemas-internos/apex/producao/sistemas/thot/arquivos/publicacoes/54943_1730238/anexos/28577_919203/Anexo%20RMD_Maio_26.zip,2.8,Estoques extraídos diretamente do Anexo 2.8; participação principal recalculada sobre a soma dos sete grupos
2025-09-30,350.235039366,307.740170634,65.846995426,927.729537288,97.378812709,124.870522199,216.515672369,16.755118064,16.755118064,16.755118064,-0.0,14.722178858,14.722178858,14.722178858,-0.0,3.150096531,3.150096531,3.150096531,-0.0,44.382246724,44.382246724,44.382246724,-0.0,4.658567306,4.658567306,4.658567306,-0.0,5.97376078,5.97376078,5.97376078,-0.0,10.358031737,10.358031737,10.358031737,-0.0,2090.316749991,2090.316749991,-1e-12,100.0,100.0,0.0,OK_EXATO,https://www.tesourotransparente.gov.br/publicacoes/relatorio-mensal-da-divida-rmd/2026/5,https://cdn.tesouro.gov.br/sistemas-internos/apex/producao/sistemas/thot/arquivos/publicacoes/54943_1730238/anexos/28577_919203/Anexo%20RMD_Maio_26.zip,2.8,Estoques extraídos diretamente do Anexo 2.8; participação principal recalculada sobre a soma dos sete grupos
2025-10-31,356.788703548,313.977108764,66.130165851,931.628285078,98.132751417,125.81837551,222.643369266,16.868495065,16.868495065,16.868495065,-0.0,14.84441984,14.84441984,14.84441984,-0.0,3.126546231,3.126546231,3.126546231,-0.0,44.046145443,44.046145443,44.046145443,-0.0,4.639585885,4.639585885,4.639585885,-0.0,5.948525346,5.948525346,5.948525346,-0.0,10.52628219,10.52628219,10.52628219,-0.0,2115.118759434,2115.118759434,-1e-12,100.0,100.0,0.0,OK_EXATO,https://www.tesourotransparente.gov.br/publicacoes/relatorio-mensal-da-divida-rmd/2026/5,https://cdn.tesouro.gov.br/sistemas-internos/apex/producao/sistemas/thot/arquivos/publicacoes/54943_1730238/anexos/28577_919203/Anexo%20RMD_Maio_26.zip,2.8,Estoques extraídos diretamente do Anexo 2.8; participação principal recalculada sobre a soma dos sete grupos
2025-11-30,355.202124685,312.013256826,65.595942786,943.885567053,97.703573184,126.63710643,224.00550861,16.715055243,16.715055243,16.715055243,0.0,14.682679134,14.682679134,14.682679134,0.0,3.086805318,3.086805318,3.086805318,0.0,44.417243873,44.417243873,44.417243873,0.0,4.597722,4.597722,4.597722,0.0,5.959272433,5.959272433,5.959272433,0.0,10.541222,10.541222,10.541222,0.0,2125.043079574,2125.043079574,0.0,100.0,100.0,0.0,OK_EXATO,https://www.tesourotransparente.gov.br/publicacoes/relatorio-mensal-da-divida-rmd/2026/5,https://cdn.tesouro.gov.br/sistemas-internos/apex/producao/sistemas/thot/arquivos/publicacoes/54943_1730238/anexos/28577_919203/Anexo%20RMD_Maio_26.zip,2.8,Estoques extraídos diretamente do Anexo 2.8; participação principal recalculada sobre a soma dos sete grupos
2025-12-31,350.096412115,310.586582832,66.627390727,963.762291625,98.558912758,126.841108021,234.216605248,16.278335117,16.278335117,16.278335117,0.0,14.441257617,14.441257617,14.441257617,0.0,3.097955182,3.097955182,3.097955182,0.0,44.811786162,44.811786162,44.811786162,0.0,4.582666246,4.582666246,4.582666246,0.0,5.897695582,5.897695582,5.897695582,0.0,10.890304094,10.890304094,10.890304094,0.0,2150.689303326,2150.689303326,3e-12,100.0,100.0,0.0,OK_EXATO,https://www.tesourotransparente.gov.br/publicacoes/relatorio-mensal-da-divida-rmd/2026/5,https://cdn.tesouro.gov.br/sistemas-internos/apex/producao/sistemas/thot/arquivos/publicacoes/54943_1730238/anexos/28577_919203/Anexo%20RMD_Maio_26.zip,2.8,Estoques extraídos diretamente do Anexo 2.8; participação principal recalculada sobre a soma dos sete grupos
2026-01-31,347.02,315.11,67.67,985.16,102.18,128.81,245.35,15.83626158,15.84,15.83626158,0.003738420116,14.380048373,14.38,14.380048373,-4.8373112e-05,3.088121207,3.09,3.088121207,0.00187879341,44.957787615,44.96,44.957787615,0.002212385342,4.662985442,4.66,4.662985442,-0.002985442431,5.87824579,5.88,5.87824579,0.00175420983,11.196549993,11.2,11.196549993,0.003450006845,2191.3,2191.3,0.0,100.0,100.01,0.003738420116,OK_ARREDONDAMENTO,https://www.tesourotransparente.gov.br/publicacoes/relatorio-mensal-da-divida-rmd/2026/5,https://cdn.tesouro.gov.br/sistemas-internos/apex/producao/sistemas/thot/arquivos/publicacoes/54943_1730238/anexos/28577_919203/Anexo%20RMD_Maio_26.zip,2.8,Estoques extraídos diretamente do Anexo 2.8; participação principal recalculada sobre a soma dos sete grupos
2026-02-28,349.066987925,308.060919544,71.440801652,989.075735146,102.282775178,127.879855056,252.114506525,15.867246857,15.867246857,15.867246857,0.0,14.003268217,14.003268217,14.003268217,0.0,3.24742492,3.24742492,3.24742492,0.0,44.959590545,44.959590545,44.959590545,0.0,4.649382781,4.649382781,4.649382781,0.0,5.812927886,5.812927886,5.812927886,0.0,11.460158794,11.460158794,11.460158794,0.0,2199.921581025,2199.921581025,2e-12,100.0,100.0,0.0,OK_EXATO,https://www.tesourotransparente.gov.br/publicacoes/relatorio-mensal-da-divida-rmd/2026/5,https://cdn.tesouro.gov.br/sistemas-internos/apex/producao/sistemas/thot/arquivos/publicacoes/54943_1730238/anexos/28577_919203/Anexo%20RMD_Maio_26.zip,2.8,Estoques extraídos diretamente do Anexo 2.8; participação principal recalculada sobre a soma dos sete grupos
2026-03-31,342.803021784,296.45180209,74.697902533,1002.738130064,101.774512085,129.30122347,268.079997462,15.470521444,15.470521444,15.470521444,0.0,13.378715092,13.378715092,13.378715092,0.0,3.371077352,3.371077352,3.371077352,0.0,45.25304842,45.25304842,45.25304842,0.0,4.593030608,4.593030608,4.593030608,0.0,5.835296725,5.835296725,5.835296725,0.0,12.098310358,12.098310358,12.098310358,0.0,2215.846589488,2215.846589488,1e-12,100.0,100.0,0.0,OK_EXATO,https://www.tesourotransparente.gov.br/publicacoes/relatorio-mensal-da-divida-rmd/2026/5,https://cdn.tesouro.gov.br/sistemas-internos/apex/producao/sistemas/thot/arquivos/publicacoes/54943_1730238/anexos/28577_919203/Anexo%20RMD_Maio_26.zip,2.8,Estoques extraídos diretamente do Anexo 2.8; participação principal recalculada sobre a soma dos sete grupos
2026-04-30,358.394650412,312.052012722,73.131657504,1018.762688988,102.978033626,124.769624808,274.595685599,15.825368769,15.825368769,15.825368769,-0.0,13.779051028,13.779051028,13.779051028,-0.0,3.229220769,3.229220769,3.229220769,-0.0,44.98475416,44.98475416,44.98475416,-0.0,4.54712523,4.54712523,4.54712523,-0.0,5.509360481,5.509360481,5.509360481,-0.0,12.125119563,12.125119563,12.125119563,-0.0,2264.684353659,2264.684353659,-1e-12,100.0,100.0,0.0,OK_EXATO,https://www.tesourotransparente.gov.br/publicacoes/relatorio-mensal-da-divida-rmd/2026/5,https://cdn.tesouro.gov.br/sistemas-internos/apex/producao/sistemas/thot/arquivos/publicacoes/54943_1730238/anexos/28577_919203/Anexo%20RMD_Maio_26.zip,2.8,Estoques extraídos diretamente do Anexo 2.8; participação principal recalculada sobre a soma dos sete grupos
2026-05-31,363.248968444,303.050986134,65.60055656,1032.49870094,103.126978023,131.388573469,281.891567853,15.926339884,15.926339884,15.926339884,-0.0,13.287010912,13.287010912,13.287010912,-0.0,2.876200213,2.876200213,2.876200213,-0.0,45.269021167,45.269021167,45.269021167,-0.0,4.521514019,4.521514019,4.521514019,-0.0,5.760619464,5.760619464,5.760619464,-0.0,12.359294341,12.359294341,12.359294341,-0.0,2280.806331423,2280.806331423,-1e-12,100.0,100.0,0.0,OK_EXATO,https://www.tesourotransparente.gov.br/publicacoes/relatorio-mensal-da-divida-rmd/2026/5,https://cdn.tesouro.gov.br/sistemas-internos/apex/producao/sistemas/thot/arquivos/publicacoes/54943_1730238/anexos/28577_919203/Anexo%20RMD_Maio_26.zip,2.8,Estoques extraídos diretamente do Anexo 2.8; participação principal recalculada sobre a soma dos sete grupos
