target,sample,start,end,n,r2,adj_r2,invalid_nonpositive_windows_full,d_focus_pib3_beta,d_focus_pib3_beta_std,d_focus_pib3_t,d_focus_pib3_p,d_focus_pib3_partial_r2,d_bcom_usd3_beta,d_bcom_usd3_beta_std,d_bcom_usd3_t,d_bcom_usd3_p,d_bcom_usd3_partial_r2,d_usdbrl3_beta,d_usdbrl3_beta_std,d_usdbrl3_t,d_usdbrl3_p,d_usdbrl3_partial_r2,d_ipca12_3_available_beta,d_ipca12_3_available_beta_std,d_ipca12_3_available_t,d_ipca12_3_available_p,d_ipca12_3_available_partial_r2,d_swap360_3_beta,d_swap360_3_beta_std,d_swap360_3_t,d_swap360_3_p,d_swap360_3_partial_r2,focus_ibov_same_sample,focus_difference_vs_ibov,focus_difference_p,d_focus_pib3_q_bh,d_bcom_usd3_q_bh,d_usdbrl3_q_bh,d_ipca12_3_available_q_bh,d_swap360_3_q_bh,focus_difference_q_bh
IBOV,full,2009-04,2026-07,208,0.42156239854717303,0.4072446361349744,0,5.968952397629377,0.40884433266258297,5.514900878246487,3.489765854070015e-08,0.13458729519670887,0.6425647656115169,0.39061204085773316,3.5702679678293765,0.0003566162259081018,0.08388161703033592,0.2796608472641493,0.1643062703731633,1.6408484518695945,0.10082887767624515,0.013970484994119237,3.1759078086445047,0.26961045903228187,2.95294671950929,0.003147562847097163,0.053235347815641876,0.7937536012147359,0.06783372838465096,0.9983248566665499,0.3181218581500387,0.003017170608975217,5.968952397629377,0.0,,,,,,,
IBOV,ex_2013_14,2009-04,2026-07,184,0.4378618651513946,0.42207146810508545,0,6.179005187471408,0.430088638781141,5.679723558059265,1.349126099725595e-08,0.1482996890874133,0.638970710509807,0.3819227272079247,3.241243806124603,0.001190093526896252,0.0773936418805341,0.30761286578718927,0.17760775023582037,1.6585011190967796,0.09721636183488536,0.016172119745116564,3.209394419808668,0.27778237812723067,2.9333750006721546,0.00335298638717596,0.05424323110696572,0.7412980849881029,0.06267292448919115,0.9454318453259561,0.34443845057217715,0.0024387250754548395,6.179005187471408,0.0,,,,,,,
IBOV,ex_2020_21,2009-04,2026-07,184,0.24162811460113742,0.22032553355060758,0,3.8491398290680143,0.23110054171717043,3.2048454350100353,0.001351350271558971,0.044149731692410765,0.644049963595104,0.4603184610415526,3.749151418650591,0.0001774339357081267,0.12752999602989057,0.29165169069599184,0.20440352375182957,1.6992991698118174,0.08926282893149251,0.022024909631309875,2.155016137003257,0.20863910516578718,1.9810196896619119,0.047589065553500065,0.03364990387677713,0.5590357332648435,0.05226391181580653,0.6378026119139591,0.5236021791219696,0.0020580716852192094,3.8491398290680143,0.0,,,,,,,
IBOV,clean,2009-04,2026-07,160,0.24994435729384612,0.22559190136182805,0,4.166800677918155,0.2548726497622179,3.3911466581937932,0.0006960084581588699,0.054124969794097866,0.6388790310264731,0.45483038829140343,3.348884329618049,0.0008113766187791693,0.12152880948072065,0.327206901919177,0.22748047588095055,1.7043663850527677,0.0883126598412991,0.02723985821769448,2.145720601704407,0.21510962475540113,1.9322015280488225,0.053334636667004665,0.03466097949767277,0.49066740201279013,0.04484376031567555,0.5706505391826517,0.568236552611753,0.0014784462450865288,4.166800677918155,0.0,,,,,,,
IBOV,ex_seams,2009-04,2026-07,193,0.4612024723761622,0.4467961213701772,0,6.257300955716724,0.4345551816236298,5.986832802161705,2.139665333800167e-09,0.15400178323787028,0.6098486586818714,0.36285411183335287,3.0118686902628315,0.0025964488513294803,0.07564355068023343,0.31370507237244283,0.18324079443495153,1.7904378886679697,0.07338354390328261,0.018061079212948195,4.096021470339889,0.34076955043653884,3.9293751774127474,8.516687195081474e-05,0.08628352326463096,0.7030359680732714,0.060050466455740165,0.9423785147667454,0.34599888317450067,0.002420155991802009,6.257300955716724,0.0,,,,,,,
IBOV,audit_clean,2009-04,2026-07,151,0.2947933990467133,0.27047593004832415,0,4.442488062949742,0.2777487624893034,3.391520682662669,0.0006950591692611585,0.06387832910925195,0.6450459278625379,0.46145055700881465,3.107269104957294,0.0018882442564400748,0.12319027289377849,0.3559614878121167,0.25246773373660336,1.8014179856492487,0.071637023413615,0.033096776109808324,2.7647025198319914,0.2695855944701918,3.254091526615604,0.0011375562289384078,0.05708410642763351,0.9363982293652462,0.08449022987147772,1.2789753938510928,0.20090572096373926,0.0055263049665270625,4.442488062949742,0.0,,,,,,,
IBOV,since_2020,2020-01,2026-07,79,0.6199256236942613,0.5938931321664709,0,6.517266411873479,0.43090681425615834,4.88324916324047,1.043518726762116e-06,0.136124032798712,0.8550046567171536,0.4534955386926144,2.561765647675719,0.010414156408874442,0.09919709046665093,0.4048231772411639,0.1770281614251965,1.3823404170488605,0.16686720154295642,0.015678030485350214,3.38422980561314,0.2807176965913113,2.6844650149499514,0.0072645985923682765,0.056850393923771336,1.0210285967229726,0.07615054089811854,0.8129834843837989,0.4162275272981144,0.003500394598115686,6.517266411873479,0.0,,,,,,,
IBOV,since_2022,2022-01,2026-07,55,0.5394878636893492,0.49249682937193584,0,0.2982402843671333,0.00788274212834527,0.07879882672850258,0.9371926372822919,6.026101701428477e-05,1.0652936574491805,0.7454804295599953,3.6260120891898264,0.0002878318850667583,0.2959629297012488,0.6626591147376043,0.32388801433819814,2.2892829679261184,0.02206291665221216,0.050408481555220264,2.43314029001824,0.26202955549937906,2.035679626494002,0.041782536208928356,0.06160459493864556,-0.00870170594006836,-0.0007275168402570225,-0.006010523191808698,0.9952043252179945,3.2166863372928844e-07,0.2982402843671333,0.0,,,,,,,
IBOV,since_2022_ex_seams,2022-01,2026-07,52,0.5628461890453108,0.5153294704632794,0,-0.25374865841430233,-0.006695245399023109,-0.06716788430550454,0.9464480519775598,4.36618114388887e-05,1.160931030616655,0.795625844399258,3.886685190838934,0.00010162240555677826,0.3214359218566947,0.7592700695540957,0.37246747996820145,2.5646771766667595,0.010327183884280888,0.06292158964585814,2.3570314767518243,0.25372074808780765,2.0169735411136176,0.04369827456223874,0.05773215114060193,-0.041408225362889545,-0.0034492521989908367,-0.027919874094315116,0.9777260573864586,7.2562538149245626e-06,-0.25374865841430233,0.0,,,,,,,
Communication Services,full,2009-04,2026-07,208,0.06317116315059434,0.039982330555312084,0,-0.883540011863548,-0.05941605254267802,-0.852692663659449,0.39382976032876815,0.0028424686998202997,-0.03128925824252951,-0.0186741865574614,-0.12556485883644994,0.9000763813199093,0.00019171625072977871,-0.30819361972694104,-0.17777218847880558,-1.2553154506155586,0.2093642684944914,0.016354258034920854,2.764655203099809,0.23042390425412201,2.312387712578633,0.020756326885603915,0.03888496264872743,-0.3152832859132041,-0.02645322551013174,-0.25350597521842383,0.7998772443851705,0.00045884474346891135,5.968952397629377,-6.8524924094929265,2.4019728730451106e-06,0.433212736361645,0.9866714792407835,0.5033100362593185,0.2246705158112964,0.8372413255272277,8.807233867832073e-06
Communication Services,ex_2013_14,2009-04,2026-07,184,0.07607061262603543,0.05011753994699142,0,-1.0551454972175867,-0.07550815951397988,-0.9458722207781625,0.3442137637735818,0.0045710089220903916,-0.13883137633718734,-0.08531478583911827,-0.5167801585801381,0.6053096322505283,0.0038619165730123806,-0.40675778016574105,-0.2414545590732794,-1.5090057737895932,0.13129730729027722,0.02988917599446439,2.741022214609645,0.24391374698958634,2.291007074707301,0.021963004487102644,0.041822378071602606,-0.13581286269003734,-0.011805111948994085,-0.11660739229556684,0.9071711794881825,8.65253057288351e-05,6.179005187471408,-7.234150684688998,7.848961884882044e-07,0.42070571127882217,0.9662546132430333,0.36106759504826236,0.24159304935812909,0.9683227461635778,2.8779526911234163e-06
Communication Services,ex_2020_21,2009-04,2026-07,184,0.08321338194884342,0.057460948857518734,0,-0.7398567885381091,-0.033069120392357085,-0.42801143018410526,0.6686427986451651,0.000904006239691002,-0.004009908497659115,-0.00213359016121316,-0.013955539193255241,0.9888654521631886,2.739791796546598e-06,-0.35286327976802,-0.18410604621455007,-1.2269517947417083,0.21984070956910085,0.01786789867802674,3.5699441360864514,0.25730268008289986,2.5040113131757753,0.012279410772955135,0.05117773072627718,0.29074363420999927,0.02023532869600153,0.18604113481263776,0.8524125034726469,0.00030851565018963356,3.8491398290680143,-4.588996617606125,0.026764239495962183,0.7487098281381741,0.9888654521631886,0.4234185263265951,0.06753675925125324,0.852412503472647,0.098135544818528
Communication Services,clean,2009-04,2026-07,160,0.10191467204103677,0.0727560574969145,0,-1.4236058141443197,-0.06642529438183913,-0.7477053023992102,0.45463793216829584,0.0036763612038001048,-0.1522009352803948,-0.08265542952507653,-0.4824356014770666,0.6294965356011621,0.004013498187507958,-0.49140217763643745,-0.26060453908547276,-1.530995553467601,0.1257704916016742,0.03575036976838464,3.4927059563297522,0.26709879165768274,2.4886259026690927,0.012823782273272633,0.05343982074393261,0.6811491629801252,0.04748760541224445,0.47516280045994597,0.6346709393399252,0.0016579141359638339,4.166800677918155,-5.590406492062472,0.011568348844297693,0.7144310362644648,0.718167628131334,0.2737209695649228,0.07053080250299948,0.6981380332739178,0.06362591864363731
Communication Services,ex_seams,2009-04,2026-07,193,0.07669219709475894,0.052004822685527974,0,-0.4563795373955875,-0.03118162279553999,-0.41793580686910425,0.6759940518784902,0.0007929271916206071,-0.12019341105150849,-0.07035667339630103,-0.5241191036461282,0.6001957021418398,0.002843926725725421,-0.3243274198767141,-0.1863798477964846,-1.3160974366094005,0.18814134124796844,0.018685179354608672,3.3204804497564946,0.2717779040383032,2.602537571554884,0.00925366751647605,0.05488258996752704,-0.7477882158119704,-0.06283941280982193,-0.589958605094235,0.555218402083429,0.0026501766634002832,6.257300955716724,-6.713680493112314,7.366251579377092e-06,0.6759940518784902,0.8090555968373689,0.39477873517995377,0.10179034268123655,0.6786002692130799,2.700958912438267e-05
Communication Services,audit_clean,2009-04,2026-07,151,0.10328106483799182,0.07235972224619847,0,-1.3415917401323207,-0.06226055784999246,-0.6501079187065504,0.5156225145381561,0.0032097802286424892,-0.18061909444386803,-0.09591023739898266,-0.6046006459415331,0.5454443773767197,0.005321768764018131,-0.5096114581643711,-0.2682926784812775,-1.5457111127198575,0.12217435222402129,0.03737589244006245,3.6552780206018265,0.2645668685651993,2.5437629744531454,0.010966547263408177,0.05497848371349057,0.8099447854647558,0.05424604630491385,0.5413797975584467,0.5882458290706729,0.0022780226867160636,4.442488062949742,-5.78407980308206,0.016406867932986735,0.6992771055179756,0.9581476092413563,0.27322637413212103,0.060316009948744975,0.6470704119777402,0.06015851575428469
Communication Services,since_2020,2020-01,2026-07,79,0.18628387439113303,0.13054989318504628,0,-0.05378320270849386,-0.009766855504864985,-0.08016677609009722,0.9361046139273366,6.993226720297674e-05,0.13015135919313972,0.18960223900501214,1.0829582858088884,0.27882693890910737,0.017339629729497652,-0.03490828493736217,-0.04192718616418426,-0.2897190991189561,0.7720311437123839,0.0008794238113288833,1.825364899877989,0.41586259146604565,2.5184039587176708,0.011788802900501771,0.1247652399416258,-1.5872727289717166,-0.32514483242026965,-1.7553537411978861,0.07919881937688711,0.06381528779529255,6.517266411873479,-6.571049614581968,1.7365088992304933e-05,0.9361046139273366,0.5513720907474443,0.831904993950753,0.06483841595275974,0.14519783552429302,9.550798945767713e-05
Communication Services,since_2022,2022-01,2026-07,55,0.33832040681732867,0.27080208098236225,0,4.081376394847972,0.1933339863636839,1.3585496054887507,0.17428935343997987,0.036249183560152276,0.23246316298098701,0.2915490232665865,3.1616252408458525,0.0015689133524847687,0.04526765587681836,0.10224463812231077,0.08956447526639016,0.48263305412817425,0.6293563050626796,0.003854654283960368,2.1792817164774743,0.42061721921195355,2.9140183325094324,0.0035680895257024225,0.15874009716416249,-2.6386691165778986,-0.39537947865251827,-1.9991964501718849,0.04558710251120357,0.09500596253432625,0.2982402843671333,3.783136110480841,0.47401580412032907,0.6390609626132595,0.009353498314541686,0.7231921470233547,0.01308299492757555,0.1671527092077464,0.9772311542052887
Communication Services,since_2022_ex_seams,2022-01,2026-07,52,0.3488743812107209,0.27809985742927756,0,4.385167485774207,0.20654765275408798,1.4812620752894876,0.1385367503201025,0.04155365963574964,0.22308751650583591,0.27292861084439446,2.4906344774626574,0.012751522978133867,0.037824637542802186,0.10050021810809362,0.08800967520193527,0.4848600847822994,0.627775597975796,0.0035130457154795014,2.257428798661581,0.43378646372037877,3.075617501491205,0.002100671391560782,0.16875543352085276,-2.7232163976445,-0.4049410631135442,-2.0693480455393063,0.03851343811764307,0.10001063923035036,-0.25374865841430233,4.638916144188507,0.37531201618132615,0.6845642455099491,0.14026675275947253,0.6905531577733756,0.007702461769056201,0.14121593976469127,0.9127750527660768
Consumer Discretionary,full,2009-04,2026-07,208,0.19275513404364952,0.17277382548037357,0,3.92559497336404,0.2756882411244894,3.345768664314699,0.0008205482341148151,0.06119621847546464,0.015085836610212455,0.009402665917781279,0.0697005181663428,0.9444320293495982,4.860462001110566e-05,-0.20256108051625787,-0.12202009553706478,-0.9934820851807908,0.32047507662632246,0.00770488089029342,2.2831567981161767,0.19872727344855248,1.9691613214574861,0.04893456891293324,0.028922882436577035,1.9040317015584676,0.16683495232199935,1.5358272306554446,0.12458075925338052,0.018250828134407815,5.968952397629377,-2.043357424265335,0.23297111682719351,0.009026030575262967,0.9866714792407835,0.5033100362593185,0.2246705158112964,0.36354796876680706,0.28474247612212544
Consumer Discretionary,ex_2013_14,2009-04,2026-07,184,0.2640832588475134,0.2434114402758143,0,4.538925815437483,0.3542791715015566,4.382574440276152,1.1728507188335513e-05,0.10062723524790629,0.07617274238111582,0.0510560565921683,0.3816370107194615,0.7027306278131151,0.0013830848185791833,-0.1408031790566926,-0.09116392244047937,-0.7360790727326499,0.46168257770463095,0.004260780172763323,2.205377592873549,0.2140512071335312,1.8330333324017976,0.06679761426921438,0.032208576475901474,1.6635306492242994,0.15771427878837674,1.35703248199669,0.17477088985203348,0.015443472224677901,6.179005187471408,-1.6400793720339244,0.33350838447744713,0.00012901357907169064,0.9662546132430333,0.5642787060834379,0.2632026036499188,0.3888261902065162,0.40762135880576866
Consumer Discretionary,ex_2020_21,2009-04,2026-07,184,0.06364912114308985,0.03734713016396318,0,2.447671839493641,0.12598564499354845,1.1313290566239649,0.25791661891114126,0.013121040290522301,0.04720799495048836,0.028925773742024007,0.19617761283333734,0.8444711499565125,0.0005035765876371112,-0.11620185504283942,-0.06981802160494227,-0.49281766959269785,0.6221414245358077,0.0025696410110076506,1.9373754102912943,0.1608013035843598,1.377682708758252,0.16830127225507385,0.019988101010191106,1.6145215065409653,0.12940074458620165,1.1757047992735117,0.23971286014605675,0.012616248178006662,3.8491398290680143,-1.4014679895743736,0.5735402393464533,0.7043878603541852,0.9289182649521639,0.8373060161960555,0.6171046649352708,0.4394735769344374,0.6308942632810985
Consumer Discretionary,clean,2009-04,2026-07,160,0.09774698160358963,0.06845305243487498,0,3.87785693309109,0.2245211736323114,1.9978666584665683,0.0457311182048894,0.042001597258747636,0.11230000555585362,0.07567555768111296,0.4932960484215719,0.6218034200879758,0.0033642755339927666,-0.03675306206823725,-0.024185786430818257,-0.1629416782454459,0.8705643548234256,0.0003079193729585983,1.8628564492126496,0.17677102274967732,1.2855894077544885,0.19858639534788347,0.023406867427755995,1.2487249647331016,0.108025584317642,0.9114026347403509,0.3620832658940323,0.008579357033339341,4.166800677918155,-0.28894374482706386,0.9053824929541239,0.16768076675126112,0.718167628131334,0.8960101119446274,0.4368900697653436,0.5689879892620507,0.9053824929541239
Consumer Discretionary,ex_seams,2009-04,2026-07,193,0.19549396054577683,0.1739831038758778,0,4.128321639343767,0.30080952715117104,3.6721900215725243,0.00024048075852101114,0.07379366121554554,-0.10984084554414086,-0.0685699787809345,-0.48417284015615825,0.6282632103810517,0.0027013187853925924,-0.2533139469021459,-0.1552458138992918,-1.2892985437757947,0.1972943170571817,0.012964004183352307,2.498216592899723,0.21806643176326745,1.9076832799195655,0.05643216403880347,0.03533327897770633,1.6418024754072968,0.14713632976393995,1.3094918962899158,0.19036778099505236,0.014529491866812183,6.257300955716724,-2.128979316372954,0.20476864134194273,0.0026452883437311225,0.8090555968373689,0.39477873517995377,0.15518845110670954,0.4188091181891152,0.25027278386237445
Consumer Discretionary,audit_clean,2009-04,2026-07,151,0.08795004452529609,0.05650004606065118,0,3.651566511074157,0.21908418734526902,1.888654376910375,0.05893815563569116,0.039743979334243784,0.02321735208552478,0.01593871035360106,0.10131442213927593,0.9193008678918129,0.0001469712626032127,-0.10791865506636311,-0.07345229115923567,-0.4904854042577286,0.6237904556313889,0.0028014612711003695,1.5371674392555503,0.14383858570559244,1.0224388018441264,0.3065732636246512,0.016250721680375002,1.4768348284764325,0.12787445275969744,1.052126662091658,0.29274144107752287,0.012658709703629145,4.442488062949742,-0.7909215518755826,0.753447261981266,0.21610657066420091,0.9581476092413563,0.7624105568828087,0.48175798569588046,0.45971750530088473,0.7648892435215306
Consumer Discretionary,since_2020,2020-01,2026-07,79,0.3324190373724224,0.28669431390478006,0,4.870679368193197,0.36719245724209915,3.142164669167334,0.0016770368914262868,0.09884520034297417,0.2998836528036213,0.18136089640054093,0.9966030406257771,0.3189572294801901,0.015865004641063996,0.14834284394985153,0.07396562190298334,0.3543823416541106,0.7230523663305033,0.0027369484214537776,3.2837857952095564,0.3105782853800698,1.552958971289181,0.12043293682210177,0.06958827499502951,-0.07806289552105661,-0.0066384404733304675,-0.03426123541860945,0.9726688363635978,2.660131773668528e-05,6.517266411873479,-1.6465870436802756,0.48233847947328123,0.003689481161137831,0.5513720907474443,0.831904993950753,0.24347335092644412,0.9726688363635977,0.5895248082451215
Consumer Discretionary,since_2022,2022-01,2026-07,55,0.3036758566825378,0.23262237267055197,0,-1.3870946547388894,-0.03031324712635297,-0.17092215839637873,0.8642849731631006,0.000891141641572446,0.8259860729720208,0.4779197491726909,3.1380711237226686,0.0017006360571893975,0.12163954270573585,1.5369158863551888,0.6211123259496815,3.0616191798748376,0.0022014333431292776,0.18537627763781506,3.8629371275868842,0.34396647583416856,1.527276698439713,0.12669222118259826,0.10615605717454313,-6.299339587919677,-0.4354607497855048,-2.629208156911987,0.008558395646113048,0.1152446160871834,0.2982402843671333,-1.6853349391060166,0.8200860465305913,0.9072887452862399,0.009353498314541686,0.012107883387211027,0.2787228866017162,0.047071176053621766,0.9772311542052887
Consumer Discretionary,since_2022_ex_seams,2022-01,2026-07,52,0.275973910104491,0.19727542207237048,0,-1.8749846994586132,-0.04439566193057193,-0.21428303308831506,0.8303263483856891,0.0019197727442272772,0.6649845638665881,0.4089724838240958,2.1785698433708722,0.029363638479481313,0.08493072352105946,1.3600542639154247,0.5987263601175425,2.4412564136172437,0.014636258497426669,0.16258471847555012,3.6974604475384396,0.3571693640299133,1.5471966166514084,0.12181584158394965,0.11440741538614496,-5.9940907955000275,-0.4480657122739902,-2.4038497794666,0.01622343839049578,0.12244639074593,-0.25374865841430233,-1.62123604104432,0.8458294464241978,0.9361322152825664,0.16150001163714722,0.08049942173584668,0.2679948514846892,0.0892289111477268,0.9127750527660768
Consumer Staples,full,2009-04,2026-07,208,0.08771426274082184,0.06513293261064412,0,0.7422051640121128,0.06519660424049817,0.5458682829133673,0.5851564818447612,0.0034224574184947842,0.06383204307954686,0.049763234615277756,0.46037598766033677,0.6452463672021873,0.0013614219376866243,-0.1385148053001053,-0.10436618349072226,-0.8465724932199223,0.39723345122262765,0.005636672632463924,1.0765209519486723,0.11720131198922366,1.1334102005750915,0.2570420324066012,0.010059851524416574,1.6079742166230002,0.17623014475468082,1.0804758634562808,0.2799303293017883,0.020364271954801172,5.968952397629377,-5.226747233617262,0.0027812457710798544,0.5851564818447612,0.9866714792407835,0.5033100362593185,0.5654924712945226,0.43989051747423874,0.005098950580313066
Consumer Staples,ex_2013_14,2009-04,2026-07,184,0.10203261262098395,0.07680880960471947,0,0.9888551618659024,0.09480915999020752,0.7357442840298802,0.4618863341205608,0.007206508400802836,0.058977654623136755,0.048557939850301886,0.417874021893872,0.6760392270035211,0.001251050334795667,-0.16724709920275127,-0.1330130385428612,-0.9863409292414932,0.32396584148057506,0.009070506760504471,1.4769109496713038,0.1760816552141396,1.5657381236342165,0.11740993728675342,0.02179537732910819,0.9174294420639637,0.106841003620856,0.5959484709971611,0.5512096509532962,0.007087267755643389,6.179005187471408,-5.190150025605499,0.0033229215677927915,0.5080749675326169,0.9662546132430333,0.5642787060834379,0.3228773275385719,0.7209609207328858,0.006092022874286784
Consumer Staples,ex_2020_21,2009-04,2026-07,184,0.016692970067153867,-0.010928013919723867,0,-0.9806854154622037,-0.0671258884262828,-0.8701625839140816,0.3842115601931919,0.00372482810112007,0.08816692608481623,0.07184020895342808,0.6192183432883381,0.535772529309164,0.003106209436027463,0.042227482244701964,0.03373977039417865,0.32067102445320084,0.7484597076981099,0.0006000972325483911,0.8135917519775608,0.08979967745695835,0.8423604706623842,0.3995862123012184,0.006233643459824245,-0.2974916397359656,-0.031707365872711224,-0.245080535542435,0.8063940738006459,0.0007574901692123381,3.8491398290680143,-4.829825244530215,0.008776895291494391,0.7043878603541852,0.8635982664161705,0.8373060161960555,0.6530692764357904,0.852412503472647,0.04827292410321915
Consumer Staples,clean,2009-04,2026-07,160,0.030966878339145798,-0.0004952360004921719,0,-0.11099031443321844,-0.008480872370744713,-0.10547544713219895,0.915998551649589,5.9928340811366e-05,0.07705588432943705,0.06852855682275083,0.5449616924617537,0.5857798645817667,0.0027588206548428973,0.019772912847264054,0.017172252362993856,0.13070318595012168,0.8960101119446273,0.00015522837496195763,1.3130026417727618,0.16443232948368408,1.4924318393432492,0.13558597341429968,0.020253289237269878,-1.4266670113387787,-0.16288173006317916,-1.3117282303420936,0.18961184807041986,0.01950501283652417,4.166800677918155,-4.277790992351376,0.025358202997039392,0.915998551649589,0.718167628131334,0.8960101119446274,0.4368900697653436,0.3553610092681516,0.09298007765581111
Consumer Staples,ex_seams,2009-04,2026-07,193,0.10263172953563404,0.07863792551252258,0,0.7774972038817614,0.07752237848194556,0.5399205465509258,0.5892518275658534,0.004901060481656727,-0.0578223847482289,-0.04939424356693274,-0.4372161765108979,0.6619545792305745,0.0014017174712592784,-0.16790974268811343,-0.14081434034111046,-1.1777117091369933,0.2389115572757292,0.010665792625286663,1.9156382320459098,0.22881390704213328,2.035542341011839,0.04179633271228811,0.03890192942440707,1.0039154053319692,0.1231136828893146,0.7636220550621509,0.4450925022000418,0.010172395461270578,6.257300955716724,-5.479803751834965,0.002835319040840112,0.6481770103224387,0.8090555968373689,0.39477873517995377,0.15518845110670954,0.6120021905250574,0.005198084908206872
Consumer Staples,audit_clean,2009-04,2026-07,151,0.027991882798086398,-0.005525638484738193,0,-0.5186238333680167,-0.04109071361265461,-0.47403925840749944,0.6354719121958976,0.001398094893933055,0.038048915831634805,0.034493889893233855,0.2795721357918863,0.7798057873472803,0.0006883517385667393,-0.039005486855496374,-0.03505854765664623,-0.2617695061244167,0.7934991500772883,0.0006382073047475068,1.2123932636853174,0.14981563435609552,1.348830960540011,0.17739126772612668,0.017629342653522007,-1.0935608526362182,-0.1250415108204298,-0.9654089830897272,0.3343400038551889,0.012104038295040143,4.442488062949742,-4.961111896317752,0.015467970016199706,0.6992771055179756,0.9581476092413563,0.800081580172293,0.48175798569588046,0.45971750530088473,0.06015851575428469
Consumer Staples,since_2020,2020-01,2026-07,79,0.32559658922619517,0.2794045747896332,0,1.585056241845666,0.15375028302209698,1.4939042281400898,0.13520065318128172,0.017330054593135857,-0.08971058655492414,-0.06980742119943183,-0.4744905943262271,0.6351501036072102,0.0023504774316596144,-0.4425878684137255,-0.2839421424312578,-1.6261562849395435,0.10391641301732446,0.040333554458149345,0.7381555019071528,0.08982788334778183,0.6926438551000885,0.48853308140980367,0.005821249688385821,4.098468113600946,0.4484458473921169,2.045661066753093,0.04078972877200737,0.12139227025843402,6.517266411873479,-4.932210170027809,0.007585071993581494,0.18590089812426236,0.7762945710754792,0.28577013579764227,0.5842754380261526,0.08973740329841622,0.013905965321566072
Consumer Staples,since_2022,2022-01,2026-07,55,0.04784855022952439,-0.04930976097154449,0,-0.9555836674064759,-0.03249691989940584,-0.36035429970275534,0.718582197633248,0.0010241562454099684,0.12378455784285824,0.11145404682417345,0.579512073643136,0.5622437023100817,0.006615406082445374,0.27395165592746407,0.17228247326440663,0.7691330039668882,0.44181435727871676,0.014262513125694043,1.3978411183408763,0.19368830926848593,1.2366184447423312,0.2162287689769653,0.033660406964357015,-1.407424389869102,-0.15140010885761018,-0.6322503181931597,0.5272233220449596,0.013930765711928639,0.2982402843671333,-1.253823951773611,0.8063611263953516,0.9072887452862399,0.5622437023100817,0.6074947412582355,0.33978806553523117,0.7922010945865314,0.9772311542052887
Consumer Staples,since_2022_ex_seams,2022-01,2026-07,52,0.03576223877827733,-0.06904621352843154,0,-1.1531387408355154,-0.042464376772641116,-0.5211046884828957,0.6022938450223414,0.0017563790952410674,-0.05079227403842834,-0.04858257906969617,-0.2372676675128879,0.8124491435729799,0.0011984992813072193,0.06288615680551629,0.043055395332305915,0.17771209197683707,0.8589490883893651,0.0008407717817952021,1.204962545248468,0.1810275172587938,1.1445720277791775,0.2523864850751538,0.029389687206576753,-0.9457630619052529,-0.10995149182773713,-0.4126826736921807,0.679839120722199,0.00737334946810686,-0.25374865841430233,-0.899390082421217,0.8592552657836818,0.9361322152825664,0.893694057930278,0.858949088389365,0.33737048995447294,0.8827674863636481,0.9127750527660768
Energy,full,2009-04,2026-07,206,0.49377481532976364,0.4811191857130077,2,28.233040623324193,0.6270607454719992,2.945597583934818,0.0032233145432249977,0.31144195233672733,0.6337208616431314,0.12892130690648426,1.7238030192400122,0.08474340938967062,0.009005503255673508,0.3924887415133149,0.07739321256092857,0.8454539806659841,0.39785741632353266,0.0030215054974821465,6.739876475479515,0.19028708025984567,1.8715146800638534,0.06127377703944448,0.026602483454533643,7.0383105830039465,0.20156760916172778,1.9329819595105264,0.05323842022907943,0.02671297077399959,5.706845342030378,22.526195281293834,0.012311805705848666,0.017728229987737487,0.4660887516431884,0.5033100362593185,0.2246705158112964,0.29281131125993687,0.019347123252047904
Energy,ex_2013_14,2009-04,2026-07,182,0.4993292883463868,0.4851056885835,2,28.626538032501575,0.6296303188510535,2.9331660342343393,0.0033552440821082996,0.31243395303972876,0.6400293339822536,0.1248453547446441,1.5420798600448746,0.12305418840164828,0.00813932407182183,0.4045749707754993,0.0764283657095556,0.7963291543399398,0.42584074429732044,0.0029132024299126646,6.84317507402199,0.19205800004547327,1.8004948993050542,0.07178252826815967,0.026009746670000444,6.832861814191537,0.18876383109007946,1.6866493528195603,0.0916707961480836,0.02218984153516579,5.925752558414628,22.700785474086945,0.013564099876675506,0.018453842451595648,0.6767980362090655,0.5642787060834379,0.2632026036499188,0.3888261902065162,0.021315014091918653
Energy,ex_2020_21,2009-04,2026-07,184,0.16073669310257155,0.13716188111107075,2,9.793495366825459,0.3360349927271993,2.4727615189473777,0.01340735781534197,0.09334587927356008,0.581465163484268,0.23750460806808135,2.086472829388797,0.0369358139013225,0.03394998927645354,0.33256530387725647,0.13320187095661734,1.1043342907877585,0.26944815311692416,0.009353152777550777,0.9523964744331335,0.05269537154858972,0.5682056848910342,0.5698953117543497,0.002146531900971027,2.1493488874074296,0.11483618804367593,0.9606929029290247,0.33670660071918057,0.00993606007047354,3.8491398290680143,5.944355537757443,0.0850753516456515,0.07374046798438083,0.20314697645727375,0.4234185263265951,0.6530692764357904,0.5291103725587123,0.1871657736204333
Energy,clean,2009-04,2026-07,160,0.1624879947161636,0.13529604649266236,2,10.08931264021524,0.3418899807808112,2.4984526125800186,0.012473681833376382,0.09739214846811572,0.5873892347394793,0.23166536405143023,1.9373980648866151,0.05269670300623952,0.03152844218566564,0.3261369572668684,0.12561050839441512,0.9601653864291031,0.3369719844235681,0.00830555260528354,0.9913758438526203,0.0550591230924844,0.5664918394236064,0.5710594788738841,0.00227080439762839,1.8143427032889927,0.09186253482233553,0.7358730836231313,0.46180793920340024,0.006204093628924823,4.166800677918155,5.922511962297091,0.09241446195592973,0.0686052500835701,0.28983186653431736,0.5295274040941785,0.7183762040793694,0.6349859164046754,0.14522272593074673
Energy,ex_seams,2009-04,2026-07,191,0.4979417414332141,0.4843725993097875,2,28.194554375889357,0.6250200840131077,2.887994018057077,0.0038770724573631288,0.3135559443784547,0.5822816846653227,0.11427222240407583,1.4032848718057016,0.16053190756968316,0.007394313253898832,0.43935612204515806,0.0849172822444817,0.9052223345104637,0.3653476118901797,0.0037828946576182743,8.170420842247292,0.22259106992793148,1.9321883385759862,0.05333626399437019,0.036950889094865436,7.252325001374225,0.20462536524862723,1.949727184314035,0.05120864443494,0.02819650482034941,6.03355971264353,22.160994663245827,0.016658877798097604,0.02132389851549721,0.8090555968373689,0.5023529663489972,0.15518845110670954,0.3501608579080534,0.026178236539867665
Energy,audit_clean,2009-04,2026-07,151,0.17821282494671498,0.14987533615177406,2,9.978455544837985,0.3451499789676633,2.385385015564932,0.017061254972397633,0.09864270768649075,0.5515429107760372,0.2182893284347993,1.658632888866324,0.09718979024422136,0.02756709974920779,0.29701722853303814,0.11654755605780345,0.8561751071300976,0.3919009294196061,0.0070531037265231245,1.5299349740987072,0.08253533288279255,1.078275533268052,0.280910812436892,0.00535058981386638,2.7910906516417766,0.13932803475065947,1.1541620935053494,0.2484337202094804,0.015027920429729336,4.442488062949742,5.535967481888249,0.12268674332698337,0.09383690234818698,0.46923644927178615,0.615844317659381,0.48175798569588046,0.45971750530088473,0.1927934537995453
Energy,since_2020,2020-01,2026-07,77,0.6870470109520358,0.6650080680613342,2,40.06190807837756,0.7268271089689927,4.195343059761824,2.7245888757354564e-05,0.3767079900036122,0.17977247617289294,0.027672421371227773,0.2040499315197478,0.8383144799371876,0.00035332968322709934,0.201467489227662,0.025612578012207066,0.2122589819460914,0.831904993950753,0.00030826177595522086,4.868590169300216,0.11571701639992085,1.4363168606719718,0.1509121984449726,0.009877292752810463,15.20175027332694,0.3281101589597246,2.661558857539337,0.007777974126706777,0.06462791705884197,6.269183634334258,33.7927244440433,0.00019065050135891326,0.0001498523881654501,0.9221459279309062,0.831904993950753,0.24347335092644412,0.0439300975918863,0.0004194311029896092
Energy,since_2022,2022-01,2026-07,55,0.2309314778888898,0.1524550980816337,2,3.869159584002884,0.06967781938079082,0.5708695735958129,0.5680880572119187,0.004708373634786267,0.9241136301325157,0.44061489520499453,1.9909018517742325,0.04649167859631187,0.10339110414849062,0.5361071302971787,0.17853492182340558,0.9872392947813439,0.3235253424126907,0.015316524040652313,1.9806318351813412,0.14532949969344697,1.4052211564585775,0.15995552488466114,0.018950475125018462,1.5612040108061374,0.08893346209234469,0.5590226670731007,0.5761462506083865,0.004806766348350311,0.2982402843671333,3.5709192996357517,0.409702993618382,0.9072887452862399,0.17046948818647686,0.508396966648514,0.29325179562187875,0.7922010945865314,0.9772311542052887
Energy,since_2022_ex_seams,2022-01,2026-07,52,0.2128183458679942,0.12725512259277616,2,2.6385849094289293,0.04987006136742326,0.4447114363087884,0.6565283035719476,0.0024224150475237183,0.8300069437137054,0.4074649636046197,1.6541718066761613,0.09809260950887588,0.08430574843126903,0.37434907977869103,0.13154517819318579,0.7391069510483529,0.45984205631393005,0.00784825005995804,1.5105103462150882,0.11647169309221007,1.1275567489658522,0.2595071613277151,0.01216596466462705,2.3155222479225,0.13816351485688505,0.8734119989266087,0.3824385531757579,0.01164258217385672,-0.25374865841430233,2.89233356784323,0.3801718049327256,0.9361322152825664,0.2697546761494087,0.5688850760090902,0.33737048995447294,0.6247003961706689,0.9127750527660768
Financials,full,2009-04,2026-07,208,0.12497457389597788,0.10331552869538319,0,1.5933244231169468,0.23034262518713985,2.282700402161341,0.022448022092140807,0.042720539191024254,-0.01617020819415077,-0.02074696444350084,-0.1109486394137998,0.9116570749875013,0.0002366380981053684,-0.09404481653953134,-0.11661853044857443,-0.7609437812315464,0.4466906468976637,0.0070378229449027385,0.7696450840693287,0.13790168754766371,1.3108689338184616,0.18990204818710588,0.013927263290043013,0.8664026806872978,0.15627517686016118,1.5054856581182143,0.13219926136974802,0.01601358209006576,5.968952397629377,-4.375627974512429,0.00011606831495614145,0.08230941433784962,0.9866714792407835,0.5033100362593185,0.5222306325145412,0.36354796876680706,0.000319187866129389
Financials,ex_2013_14,2009-04,2026-07,184,0.14121226533587905,0.11708901436216779,0,1.7070586487209107,0.2514328770161939,2.4480414045780323,0.014363514862337112,0.050683713740495406,0.018773683138318065,0.023745332060722723,0.11964119914816193,0.9047673819064683,0.0002991649926153972,-0.08295469817465739,-0.10135206855155444,-0.6235594784699783,0.5329169293837066,0.005266333473939233,0.8620681096734212,0.15789100535619063,1.3842010369629176,0.16629690594156976,0.01752471436467118,0.5956276134517162,0.10656046767715716,0.9940094762942774,0.3202182539855438,0.0070500980736694085,6.179005187471408,-4.471946538750493,0.00012182305187824483,0.05266622116190275,0.9866714792407835,0.5862086223220773,0.3658531930714535,0.5032001134058546,0.00033501339266517327
Financials,ex_2020_21,2009-04,2026-07,184,0.044556544254205965,0.01771824493550389,0,0.7509781321598248,0.09915529786723351,0.6630708456214383,0.5072851816847468,0.008127518910403753,0.10684641910475817,0.16793845809715613,1.111850725839863,0.26620233756720046,0.01697445674456899,0.01685631226639317,0.025979919758079735,0.20534061204830928,0.8373060161960555,0.0003558057720068897,0.2281178899827752,0.048568633878167136,0.5913630140899977,0.5542772164924457,0.0018234933383631802,0.3357790093173143,0.06903466861341495,0.6269316748635059,0.5307040232947597,0.003590799547706358,3.8491398290680143,-3.0981616969081913,0.05084609024512776,0.7484332346301469,0.8635982664161705,0.8373060161960555,0.6530692764357904,0.7297180320302946,0.13982674817410135
Financials,clean,2009-04,2026-07,160,0.07633837064114268,0.04634935670092,0,1.1517199408251397,0.15541956396472223,1.034424223717163,0.3009378848038855,0.020126236477966963,0.15809068354840894,0.24829925032623537,1.610392341885754,0.10731223137126866,0.03621855452187206,0.042518172513708485,0.06521305622104938,0.47982961203325514,0.6313485549157654,0.002238647397045268,0.31188222784716696,0.0689787931173203,0.8423298462044168,0.39960334921665397,0.0035641200923817173,-0.06836986022565261,-0.013785350112737016,-0.12735963329297448,0.8986557639729316,0.00013971308886429057,4.166800677918155,-3.0150807370930144,0.06803373490579911,0.6916769145070888,0.39347818169465176,0.8681042630091773,0.7183762040793694,0.8986557639729316,0.14169438016516755
Financials,ex_seams,2009-04,2026-07,193,0.1384604387966255,0.11542462165215028,0,1.7719856604370101,0.25764471145681284,2.488356773860446,0.012833491767569205,0.05413502588604169,-0.051477375502612,-0.06412531520643913,-0.3300963546925246,0.7413271575402516,0.0023624728944344753,-0.0816627564235699,-0.09986833283391253,-0.6572549515358462,0.511016997224377,0.00536481765595842,1.1088497615156798,0.19314096828790828,1.6634581897449832,0.09622075345030501,0.02771756768093203,0.7520764877164924,0.1344943350921065,1.4160631556686039,0.15675701430527522,0.012139996832349231,6.257300955716724,-4.485315295279711,8.004579705023218e-05,0.047056136481087085,0.8154598732942768,0.6245763299409052,0.211685657590671,0.4188091181891152,0.0002201259418881385
Financials,audit_clean,2009-04,2026-07,151,0.07693507860790771,0.04510525373231844,0,1.2789226215724512,0.17435119217144213,1.1443309279603133,0.25248642158565837,0.025170922067041968,0.1515576427301621,0.23641072097607188,1.5221417090212994,0.1279735770741235,0.03233407215126394,0.04977169707788698,0.07697330009244271,0.5415805520837449,0.5881074922901302,0.0030764803244907046,0.38942342491476095,0.08279900812044773,1.0891815279411075,0.27607384309287597,0.0053848314303539535,0.0018959807840594478,0.0003730221563250681,0.0035291035646903635,0.9971841885972148,1.0771870428971653e-07,4.442488062949742,-3.1635654413772882,0.06546432840096572,0.6593571353922666,0.46923644927178615,0.7624105568828087,0.48175798569588046,0.9971841885972149,0.12001793540177048
Financials,since_2020,2020-01,2026-07,79,0.31652699146147656,0.26971377169856403,0,2.341991798100389,0.3591280564035275,3.675056284476978,0.00023779698529136084,0.09455113647771762,-0.24473068965682865,-0.30105029057328503,-0.9814641335048628,0.32636391307713764,0.04371505182262436,-0.21812683396316723,-0.22122396061881855,-0.9542267667767915,0.33996886842988294,0.024483365355987385,1.0869979605062279,0.2091147911789608,1.4223054861321596,0.1549375869531917,0.03154738748919883,1.904987735933354,0.3295136034398647,1.6667833814403354,0.09555748590057567,0.06554170228015366,6.517266411873479,-4.175274613773087,8.882020055711592e-05,0.0008719222794016565,0.5513720907474443,0.7479315105457425,0.24347335092644412,0.15016176355804747,0.00032567406870942506
Financials,since_2022,2022-01,2026-07,55,0.26863922786286876,0.19401057764479412,0,1.7952200769130822,0.190538825944327,1.4766071439227824,0.1397809756311712,0.03520860251624769,0.08576470978478046,0.24100735773164872,1.2593561189693654,0.20790173161423864,0.03093324112309137,0.2286335271007376,0.4487447604385116,2.0213580969185188,0.04324270910493677,0.0967637393710773,0.7988438460463301,0.3454616137423494,2.6446757728529198,0.008176922539729903,0.1070809316052217,-0.5840946897329141,-0.19609958706554192,-1.0949103188256815,0.27355592789965755,0.023370928770172883,0.2982402843671333,1.4969797925459525,0.6581302625558969,0.6390609626132595,0.3267027211080893,0.0951339600308609,0.022486536984257233,0.6018230413792466,0.9772311542052887
Financials,since_2022_ex_seams,2022-01,2026-07,52,0.26156376467313625,0.1812989564854337,0,1.7074172228075957,0.18238911065898544,1.3918625184377804,0.16396403382902913,0.03240160786088797,0.09654958212174813,0.26788559665008427,1.1785362218759512,0.2385829007496647,0.03643974866188371,0.2364688267427335,0.4696371888431235,1.9117823178482196,0.05590412068353601,0.10003406665817083,0.7747892655060273,0.33765306698802544,2.6462000359683393,0.008140166419662087,0.10224619879385621,-0.5598251251560765,-0.18879357932681853,-1.0282209290659372,0.3038459156511846,0.02173887204759306,-0.25374865841430233,1.9611658812218917,0.5605013920446604,0.6845642455099491,0.37491598689233024,0.12298906550377922,0.02238545765407074,0.6247003961706689,0.9127750527660768
Health Care,full,2011-04,2026-07,184,0.1427183611722901,0.11863741626139945,0,-0.7588255148361802,-0.06644873891759176,-0.8683852799834433,0.3851834504369611,0.0033008493180491927,0.10593023494491104,0.08347946485764719,0.7390350861437144,0.4598856923661321,0.0038949029318902095,-0.3648016785066043,-0.27680465835883133,-2.307005790240323,0.0210544973163711,0.042145590606799566,0.5071544795097195,0.058896286770981576,0.4993436366740204,0.6175373188018796,0.002554592384370724,1.8576314638415163,0.21558873750551813,1.1460649458430765,0.2517682805348589,0.029701668421696636,6.545174596036837,-7.304000110873012,5.726182639165245e-09,0.433212736361645,0.9866714792407835,0.11186004919926547,0.8491138133525844,0.43989051747423874,3.1494004515408847e-08
Health Care,ex_2013_14,2011-04,2026-07,160,0.1443502025827489,0.11656936500426673,0,-0.6044922285073145,-0.05361663896746517,-0.6465657994182377,0.5179129987007762,0.002107420689984707,0.11721123189824378,0.09025462953771021,0.7108795261991063,0.4771588942222511,0.00434568057463558,-0.3115037809766166,-0.23009072530391902,-1.8753502036980032,0.060744560929456126,0.028719026320508045,0.21930866039159164,0.02586143092291822,0.20597749397380793,0.8368084915544522,0.00047104517510654365,2.2716491881932517,0.25861757919330486,1.3508634529202581,0.17673917736659828,0.039992631223684905,6.797517437672876,-7.402009666180187,6.881720038265371e-08,0.5179129987007762,0.9662546132430333,0.25041047291457813,0.9386131198694879,0.3888261902065162,3.784946021045954e-07
Health Care,ex_2020_21,2011-04,2026-07,160,0.19334512195431863,0.16715502851127695,0,0.8721378934221543,0.04721054747740597,0.41158272136162494,0.6806452983074309,0.001665327572362485,0.09119600530444238,0.06686130749377688,0.6107475170441828,0.5413667432542955,0.002864064039310721,-0.5196232544315711,-0.37784116385752226,-3.101180496675602,0.0019275075858535828,0.08150871945838034,0.4174541447202499,0.04467020822876362,0.4715404327474574,0.6372548531313429,0.001590283740978582,2.4552126088165056,0.24942149430957247,1.2374635265032177,0.21591504710221399,0.045670237179498474,4.423805672816994,-3.5516677793948395,0.19689381002004103,0.7487098281381741,0.8635982664161705,0.010601291722194706,0.6530692764357904,0.4394735769344374,0.2707289887775564
Health Care,clean,2011-04,2026-07,136,0.19401978902333528,0.16302055013961736,0,1.0548399741245769,0.056257476960388034,0.4561082738993668,0.6483121207272686,0.002403689952931165,0.1219137636814439,0.08648237795670131,0.7090355766216269,0.47830239966631716,0.0046918804630309285,-0.46736651221929576,-0.32667195734732113,-2.679979790123279,0.007362660523854814,0.060529330144406646,0.16693168223537017,0.018039796168183943,0.18006481344815287,0.8571016858571829,0.00025354098574736916,2.9057735622725165,0.27729140451175877,1.405276691432672,0.15993901664937749,0.05612841304864169,4.925762693455346,-3.8709227193307685,0.18740111242703028,0.7754930747273424,0.718167628131334,0.040494632881201476,0.8571016858571828,0.3553610092681516,0.25767652958716664
Health Care,ex_seams,2011-04,2026-07,172,0.1817585168254584,0.15711268901899622,0,-0.6410802145982467,-0.055920765834879926,-0.686104719015086,0.49264707534982843,0.0023928605566607697,0.12467396585998661,0.09528256246072722,0.8784377807834938,0.379706189004291,0.005312293457065742,-0.4141854613323189,-0.3059513235545667,-2.6351701878417133,0.008409510679710186,0.05362782158633861,0.07577249918352169,0.008510137822170125,0.07445246148247311,0.9406503663693779,5.3848979565174204e-05,2.4407993273480724,0.279302980776347,1.5061240323753184,0.13203533632581932,0.050734743392096715,6.845386320163209,-7.486466534761455,8.208840052148503e-09,0.6021242032053459,0.8090555968373689,0.09250461747681205,0.9406503663693779,0.4188091181891152,4.5148620286816765e-08
Health Care,audit_clean,2011-04,2026-07,130,0.2041865721709598,0.17209732104882103,0,1.089768415088332,0.05838626515609657,0.46661876657642715,0.6407726579027062,0.0025827570312985104,0.06585733250674353,0.046696692342563295,0.39410279648222435,0.6935051464570092,0.0013303942805982238,-0.5154747177936175,-0.3585823058666917,-3.0320715575309554,0.0024288161901355743,0.07215224096728534,0.19199395686689497,0.01991994628809941,0.21716991727722307,0.8280759277556979,0.00032036981474214965,3.1589887197183795,0.2940130566025805,1.4967200197062476,0.13446612484158216,0.06538333577171929,5.256187035189023,-4.166418620100691,0.17379221808436762,0.6992771055179756,0.9581476092413563,0.013358489045745658,0.9108835205312678,0.398761597592996,0.23896429986600548
Health Care,since_2020,2020-01,2026-07,79,0.11316068591815343,0.05241826714542419,0,-0.7220018604968343,-0.09026797298169148,-0.7683510739918606,0.442278639065141,0.005973590718405419,0.2573802392101098,0.2581411408400646,0.9328970054633915,0.35087314865746455,0.03214158921088184,0.0594770593132819,0.04918174838343993,0.23544546007808823,0.813863005543688,0.0012100817579908663,1.4774779963543692,0.23174397573716413,1.8758682264780033,0.06067337658380634,0.038744566107448475,-0.12262117139358297,-0.017293306275674946,-0.12686040461620013,0.8990508859103337,0.00018052073219543274,6.517266411873479,-7.239268272370312,0.00015927479677690926,0.48650650297165504,0.5513720907474443,0.831904993950753,0.22246904747395657,0.9726688363635977,0.0004194311029896092
Health Care,since_2022,2022-01,2026-07,55,0.1905991265091842,0.10800720064277447,0,4.414734846750082,0.16151183936806945,0.9539799940150724,0.34009376924421986,0.02529825373100847,0.3370349579440539,0.3264604525773196,1.113293324766029,0.2655824723964062,0.05675785586995985,-0.11084824579844366,-0.07499326284041762,-0.31316979208698353,0.754151667330816,0.002702454312059732,0.8390963686830385,0.12507879692841456,0.9398408625556783,0.347299195155244,0.014037182191916964,-0.431114428523666,-0.04989073815376071,-0.3304888417092631,0.7410306224677756,0.001512733667034083,0.2982402843671333,4.11649456238295,0.49566404187461854,0.7482062923372836,0.3651758995450585,0.754151667330816,0.42447679407863154,0.8248457995503515,0.9772311542052887
Health Care,since_2022_ex_seams,2022-01,2026-07,52,0.18100621745614343,0.09198515413615904,0,4.801664471101765,0.18600393002447216,0.9993105713395195,0.31764426597942585,0.03369868787577912,0.1956762453376406,0.1968829621906826,0.731480349577886,0.4644858028677632,0.019683073553380837,-0.2723238076831085,-0.19613055500011695,-0.8096077576178289,0.41816564807508394,0.0174467074749034,0.8105322363240713,0.12809390315959385,1.1340398533670386,0.2567778311951998,0.014715082184714512,-0.18681198274408706,-0.022846023941812815,-0.1474618543313872,0.8827674863636481,0.00031833458237184864,-0.25374865841430233,5.055413129516054,0.4162716432738274,0.6988173851547369,0.6386679789431744,0.5688850760090902,0.33737048995447294,0.8827674863636481,0.9127750527660768
Industrials,full,2009-04,2026-07,208,0.1168767223132533,0.09501723524179917,0,2.8045009315544918,0.2426682151117753,1.035853472782735,0.3002705066102225,0.04741479669940685,0.018190933254294994,0.013969508933519482,0.09259475744089936,0.9262255088119145,0.00010728470722620731,0.17845758475491058,0.1324509019607522,1.1192422395725465,0.26303680985461453,0.009078478055737804,0.2948888623935882,0.0316245722062274,0.188857198707982,0.8502047403050126,0.0007324465590096141,2.2402789078196568,0.24185747251531065,1.9477402855167418,0.05144604712930123,0.03835548797422905,5.968952397629377,-3.1644514660748864,0.17068688214314154,0.4128719465890559,0.9866714792407835,0.5033100362593185,0.9352252143355138,0.29281131125993687,0.23469446294681962
Industrials,ex_2013_14,2009-04,2026-07,184,0.13381460012775392,0.10948354956954476,0,2.997954806769225,0.26770027791479883,1.0865906450896123,0.27721776121290276,0.05745422143248324,0.02844819540743848,0.02181391436380175,0.13021970708952774,0.8963926033317089,0.00025247680491369273,0.21765345214709075,0.1612156902068759,1.3353441624694393,0.1817637308506097,0.013324709088838094,-0.1212438264974207,-0.013462495236646152,-0.07701310472274428,0.9386131198694878,0.00012740524087151428,2.509348492780966,0.2721650730829949,1.996913625015704,0.04583456682598985,0.045990454941955194,6.179005187471408,-3.1810503807021786,0.1813475362348438,0.3811744216677413,0.9866714792407835,0.3998802078713414,0.9386131198694879,0.3888261902065162,0.2493528623229102
Industrials,ex_2020_21,2009-04,2026-07,184,0.1930971411337602,0.17043133049144998,0,-4.690567224088998,-0.35062180069342513,-3.2670969285039373,0.0010865647139834955,0.10162579903686009,0.06075202382236472,0.05405997725011111,0.4137979245092787,0.6790221041011555,0.00175892482383333,0.16653169180087346,0.1453105177070236,1.1688957595813987,0.24244563218707849,0.011130930689259744,-2.2017976116944005,-0.2653987402432412,-2.6053867146628655,0.009177061566828293,0.054449026495903,1.536515982120467,0.1788445464468315,1.6286618715972034,0.10338461853391645,0.02409950243872394,3.8491398290680143,-8.539707053157015,1.5398184949333427e-08,0.01195221185381845,0.8635982664161705,0.4234185263265951,0.06753675925125324,0.37176939688101707,1.693800344426677e-07
Industrials,clean,2009-04,2026-07,160,0.25845117876421064,0.2343749183344772,0,-4.881107283463601,-0.38229713208569854,-3.380886123168991,0.0007225248027011855,0.12177363746714531,0.06701096030655851,0.06108560219243596,0.44976532625031185,0.6528796619375763,0.0021920881593539,0.2073483887009262,0.18457994656318777,1.442000094207594,0.14930234703541245,0.01793434906472957,-2.8812848566032194,-0.3698580258004621,-4.199534845675141,2.674638687505393e-05,0.1024687033137398,2.0574972274055594,0.24077769579515643,2.255134425019126,0.0241248924204287,0.042622017329105755,4.166800677918155,-9.047907961381755,9.567506786822833e-10,0.00794777282971304,0.718167628131334,0.2737209695649228,0.0002942102556255932,0.13268690831235785,1.0524257465505116e-08
Industrials,ex_seams,2009-04,2026-07,193,0.12364723369629849,0.10021534154914069,0,3.0513848000913155,0.26298080958661507,1.1026227631008043,0.2701910207516316,0.056400635845086367,-0.013946660463035054,-0.01029791716573171,-0.07092040616038552,0.9434611024998742,6.092655143297154e-05,0.18215346463055893,0.13204052772820518,1.14738428917589,0.2512228314781524,0.009378078597709338,0.42069602297630393,0.04343463273271474,0.24754357722703232,0.804487570867769,0.0014017759842450683,2.2256937227477978,0.23592471109675528,1.8545143398967685,0.06366561052873698,0.03735574935695973,6.257300955716724,-3.2059161556254083,0.19276156182279003,0.37151265353349344,0.9434611024998744,0.39477873517995377,0.9328281158347742,0.3501608579080534,0.25027278386237445
Industrials,audit_clean,2009-04,2026-07,151,0.2634823749622862,0.23808521547822714,0,-4.635895364341248,-0.36919110914834785,-3.252955782822438,0.0011421126803268233,0.11286304157109772,0.03639723533394079,0.03316612086102988,0.2506588483628082,0.8020778793186312,0.0006363783939165035,0.21780638369081196,0.19677286924474388,1.5374064559268787,0.12419380642369138,0.020105013334253963,-2.9618004916419842,-0.3678712260804634,-4.1953081540519666,2.7250085194552298e-05,0.10629515842376591,1.9696479090499084,0.22637384782006081,2.105706173172055,0.0352298832780269,0.03967111162066783,4.442488062949742,-9.078383427290985,4.0029846104516764e-09,0.012563239483595057,0.9581476092413563,0.27322637413212103,0.0002997509371400753,0.19376435802914793,4.403283071496844e-08
Industrials,since_2020,2020-01,2026-07,79,0.5573590223696536,0.5270411471894929,0,8.157012182587511,0.7643935543128515,5.335405914737165,9.53310508311489e-08,0.42835329853405646,-0.31017285443269405,-0.2331719707801362,-1.012633047433473,0.311235468606204,0.02622440134990156,0.12268667245215426,0.07604005022926363,0.5649863088192267,0.5720830766270415,0.0028926212806783536,-0.8346532918769751,-0.09812599508087683,-0.5988785665284144,0.5492538652868593,0.006946436064617423,4.417549232030263,0.4669651850392013,2.650185449332162,0.008044759935771362,0.1316254973533535,6.517266411873479,1.63974577071404,0.36070410706517997,1.048641559142638e-06,0.5513720907474443,0.831904993950753,0.5842754380261526,0.0439300975918863,0.49596814721462246
Industrials,since_2022,2022-01,2026-07,55,0.3631199129263686,0.2981321489392633,0,0.39707458877908985,0.020166596595208114,0.1298159307828317,0.8967120586299351,0.00039440920267885815,0.08078749944592678,0.10863269974432252,0.6147058774887821,0.5387489776078633,0.006284720522767295,0.48220345365638523,0.45288143600433106,2.157239202526325,0.03098703139639314,0.0985559615359618,-2.112703076565708,-0.4371908822395428,-2.93073827365245,0.003381575513526691,0.17149629347791917,0.8424713791797069,0.13534533918984537,0.859431773352799,0.3901023462973514,0.011132923455493549,0.2982402843671333,0.09883430441195523,0.9772311542052887,0.9072887452862399,0.5622437023100817,0.08521433634008113,0.01308299492757555,0.7151876348784776,0.9772311542052887
Industrials,since_2022_ex_seams,2022-01,2026-07,52,0.35844363127072565,0.28870924336536974,0,0.5783700471940698,0.029387821218345378,0.18780529270278082,0.8510292866205149,0.0008412082602085036,0.06923799384972074,0.09137887117651058,0.48596050501817967,0.6269951684438939,0.00424002310546312,0.46971969549551107,0.4437411470576275,2.0030402260861826,0.04517297096458961,0.08930635582511559,-2.086904095692527,-0.43260540677738,-3.1802763050714375,0.0014713468745934932,0.16783775412878543,0.8426371041324903,0.13516920544184616,0.846028911838124,0.3975366157449711,0.011143409428259421,-0.25374865841430233,0.8321187056083673,0.8054246812294614,0.9361322152825664,0.7663274280980925,0.12298906550377922,0.007702461769056201,0.6247003961706689,0.9127750527660768
Information Technology,full,2020-04,2026-07,76,0.024773621474271867,-0.044885405563280134,0,-0.9401232980465728,-0.10645216675960692,-1.2007061208016214,0.22986521899469992,0.008701987762344099,0.002359426589998548,0.002019314119638571,0.01670560048955807,0.9866714792407836,2.3053211741785873e-06,-0.2184231542147007,-0.15426810621399994,-0.7428795984818786,0.4575545784175623,0.013260339458493697,-0.6213201570984397,-0.0895375748472208,-0.5471503577123578,0.5842754380261526,0.005231581610514846,0.4127522127106782,0.05360184728739115,0.5390141123378437,0.5898771169632702,0.0016372489856755212,6.7634522997471915,-7.703575597793769,4.50328663248456e-12,0.36121677270595703,0.9866714792407835,0.5033100362593185,0.8491138133525844,0.7209609207328858,4.953615295733016e-11
Information Technology,ex_2013_14,2020-04,2026-07,76,0.024773621474271867,-0.044885405563280134,0,-0.9401232980465728,-0.10645216675960692,-1.2007061208016214,0.22986521899469992,0.008701987762344099,0.002359426589998548,0.002019314119638571,0.01670560048955807,0.9866714792407836,2.3053211741785873e-06,-0.2184231542147007,-0.15426810621399994,-0.7428795984818786,0.4575545784175623,0.013260339458493697,-0.6213201570984397,-0.0895375748472208,-0.5471503577123578,0.5842754380261526,0.005231581610514846,0.4127522127106782,0.05360184728739115,0.5390141123378437,0.5898771169632702,0.0016372489856755212,6.7634522997471915,-7.703575597793769,4.50328663248456e-12,0.36121677270595703,0.9866714792407835,0.5642787060834379,0.9181471168982398,0.7209609207328858,4.953615295733016e-11
Information Technology,ex_2020_21,2022-01,2026-07,55,0.3456807957195902,0.2789135299766913,0,-4.367063322191754,-0.19868093207288637,-1.0060352838370141,0.3143985975032222,0.0382819626611165,-0.09032546667007058,-0.10880097926930515,-0.5836371190196332,0.5594644812542404,0.006304206532529721,-0.6926124440460071,-0.5827075912966446,-3.952800776283671,7.724174495105096e-05,0.16316056982735272,0.4307738314235312,0.07985242832815378,0.44950240101513306,0.6530692764357904,0.005721222019023364,2.90573647194528,0.41816777021037865,2.8634214159234856,0.004190927572327974,0.10627319258021717,0.2982402843671333,-4.6653036065588855,0.3342465328156379,0.7043878603541852,0.8635982664161705,0.0008496591944615606,0.6530692764357904,0.04610020329560771,0.40852354010800185
Information Technology,clean,2022-01,2026-07,55,0.3456807957195902,0.2789135299766913,0,-4.367063322191754,-0.19868093207288637,-1.0060352838370141,0.3143985975032222,0.0382819626611165,-0.09032546667007058,-0.10880097926930515,-0.5836371190196332,0.5594644812542404,0.006304206532529721,-0.6926124440460071,-0.5827075912966446,-3.952800776283671,7.724174495105096e-05,0.16316056982735272,0.4307738314235312,0.07985242832815378,0.44950240101513306,0.6530692764357904,0.005721222019023364,2.90573647194528,0.41816777021037865,2.8634214159234856,0.004190927572327974,0.10627319258021717,0.2982402843671333,-4.6653036065588855,0.3342465328156379,0.6916769145070888,0.718167628131334,0.0008496591944615606,0.7183762040793694,0.04610020329560771,0.40852354010800185
Information Technology,ex_seams,2020-04,2026-07,73,0.022003446584470288,-0.05098137083459897,0,-0.9775558134093074,-0.11274699802708874,-1.2468006895743657,0.21247058759934778,0.009756867315977247,0.08211726767966032,0.06992831443006525,0.5231179538566495,0.6008921722277769,0.002667308340139063,-0.13923331690265053,-0.09983949809470276,-0.46638664414336134,0.6409387697299662,0.005318202327678878,-0.48090918659215326,-0.06997711884749938,-0.45033654650691013,0.65246779077532,0.0031865470205707513,0.2683154867162597,0.03520110284388064,0.3423109637606465,0.732116885537712,0.0007083905684536207,6.716670142107276,-7.694225955516585,6.387335105273451e-12,0.33388235194183224,0.8090555968373689,0.7050326467029628,0.9328281158347742,0.8053285740914833,7.026068615800796e-11
Information Technology,audit_clean,2022-01,2026-07,52,0.372439002184873,0.3042258502484462,0,-4.45094517172395,-0.21002968821906923,-1.0370602287278956,0.29970778881466664,0.04296651460674228,0.01592040066303113,0.01951291504656373,0.09964107997168724,0.9206292789927286,0.0001933396611595306,-0.5672335073597211,-0.4976450125593106,-3.2844647080936404,0.0010217629401065853,0.11232134017025908,0.5021472103237303,0.09666902836528429,0.5514794478185494,0.5813050516013849,0.00838070358296561,2.6693852136329626,0.39766308763012337,2.7273949317783157,0.006383658397082215,0.09644797777278624,-0.25374865841430233,-4.197196513309653,0.3706852367097808,0.6593571353922666,0.9581476092413563,0.011239392341172438,0.7992944459519042,0.07022024236790436,0.4530597337563988
Information Technology,since_2020,2020-04,2026-07,76,0.024773621474271867,-0.044885405563280134,0,-0.9401232980465728,-0.10645216675960692,-1.2007061208016214,0.22986521899469992,0.008701987762344099,0.002359426589998548,0.002019314119638571,0.01670560048955807,0.9866714792407836,2.3053211741785873e-06,-0.2184231542147007,-0.15426810621399994,-0.7428795984818786,0.4575545784175623,0.013260339458493697,-0.6213201570984397,-0.0895375748472208,-0.5471503577123578,0.5842754380261526,0.005231581610514846,0.4127522127106782,0.05360184728739115,0.5390141123378437,0.5898771169632702,0.0016372489856755212,6.7634522997471915,-7.703575597793769,4.50328663248456e-12,0.2809463787712999,0.9866714792407835,0.831904993950753,0.5842754380261526,0.8110810358244964,4.953615295733016e-11
Information Technology,since_2022,2022-01,2026-07,55,0.3456807957195902,0.2789135299766913,0,-4.367063322191754,-0.19868093207288637,-1.0060352838370141,0.3143985975032222,0.0382819626611165,-0.09032546667007058,-0.10880097926930515,-0.5836371190196332,0.5594644812542404,0.006304206532529721,-0.6926124440460071,-0.5827075912966446,-3.952800776283671,7.724174495105096e-05,0.16316056982735272,0.4307738314235312,0.07985242832815378,0.44950240101513306,0.6530692764357904,0.005721222019023364,2.90573647194528,0.41816777021037865,2.8634214159234856,0.004190927572327974,0.10627319258021717,0.2982402843671333,-4.6653036065588855,0.3342465328156379,0.7482062923372836,0.5622437023100817,0.0008496591944615606,0.6530692764357904,0.04610020329560771,0.9772311542052887
Information Technology,since_2022_ex_seams,2022-01,2026-07,52,0.372439002184873,0.3042258502484462,0,-4.45094517172395,-0.21002968821906923,-1.0370602287278956,0.29970778881466664,0.04296651460674228,0.01592040066303113,0.01951291504656373,0.09964107997168724,0.9206292789927286,0.0001933396611595306,-0.5672335073597211,-0.4976450125593106,-3.2844647080936404,0.0010217629401065853,0.11232134017025908,0.5021472103237303,0.09666902836528429,0.5514794478185494,0.5813050516013849,0.00838070358296561,2.6693852136329626,0.39766308763012337,2.7273949317783157,0.006383658397082215,0.09644797777278624,-0.25374865841430233,-4.197196513309653,0.3706852367097808,0.6988173851547369,0.9206292789927286,0.011239392341172438,0.5813050516013849,0.07022024236790436,0.9127750527660768
Materials,full,2009-04,2026-07,206,0.03870239228721395,0.014669952094394367,2,6.488450445350453,0.15804627481306638,2.0260459781667532,0.04276007321743425,0.020121816150996175,0.43113158419959574,0.09270640290855053,0.9134394368719376,0.3610114722579416,0.004718049892123433,0.15579427834835435,0.03224690841497068,0.34933280735704186,0.7268394712766277,0.0005401654411117951,-1.0029195999695337,-0.030087120047707916,-0.2904671171455328,0.7714589035899839,0.0006655204477754584,-0.6906596772395749,-0.020982711723198606,-0.20542341793945237,0.8372413255272277,0.00028905483167662727,5.920897353880115,0.567553091470338,0.8459795648767896,0.11759020134794418,0.9866714792407835,0.7268394712766277,0.9352252143355138,0.8372413255272277,0.8459795648767897
Materials,ex_2013_14,2009-04,2026-07,182,0.031766264148429535,0.004259623925373601,2,6.773677135301451,0.16589956054683025,2.1110002697503427,0.03477228867633153,0.022087921988712678,0.2090900084654903,0.04370863971234604,0.41188575865971455,0.6804231595997976,0.0010132342070198197,0.11540857856285491,0.023199213702118138,0.2387452410269275,0.8113031336808183,0.0002778432353210958,-1.1374875531374615,-0.03442061063784211,-0.304461804115701,0.7607760882033401,0.0008379089919596794,0.15087945034559494,0.0044857874549679155,0.03971198550596631,0.9683227461635779,1.2528058557226274e-05,6.130093699219806,0.6435834360816429,0.8238547770490532,0.09562379385991171,0.9662546132430333,0.8113031336808182,0.9386131198694879,0.9683227461635778,0.8238547770490533
Materials,ex_2020_21,2009-04,2026-07,182,0.023544748324699438,-0.004195457688803472,2,5.74781916958805,0.09438499918895325,0.8706837821985403,0.38392683600825195,0.007402505054434072,0.28158254397889615,0.05477001229864034,0.5143464106768635,0.6070098190585784,0.0018029060345913228,-0.11379041376186372,-0.02157069224651272,-0.2234351325203478,0.8231968635801983,0.0002471856465426914,-2.2827719695611646,-0.059893213984433154,-0.5160098255711703,0.6058475467560354,0.002802391051142661,1.22088776272037,0.031217022525858763,0.3031529993202092,0.7617732656590264,0.000738474045561488,3.7917043784671853,1.9561147911208616,0.7545787337780694,0.7043878603541852,0.8635982664161705,0.8373060161960555,0.6530692764357904,0.852412503472647,0.7545787337780694
Materials,clean,2009-04,2026-07,158,0.017901427671243475,-0.014404446418518235,2,5.507495172540182,0.08895470592573507,0.7816767661345632,0.4344045593502064,0.006642359212092663,0.013818698036536237,0.002583510012234643,0.02241624046009778,0.9821159255931609,3.925574709295887e-06,-0.18189781969849772,-0.03296438871743182,-0.3223152074517514,0.7472139134983617,0.0005799974481128789,-2.466883974880359,-0.06468861658147876,-0.5068950939499229,0.61222842820539,0.0031833136203724965,2.3631551252242224,0.05699298644302471,0.4819077375731254,0.6298714892337121,0.002411005045860115,4.104556404824133,1.402938767716043,0.8331536655379603,0.7144310362644648,0.9821159255931609,0.8960101119446274,0.7183762040793694,0.6981380332739178,0.9053824929541239
Materials,ex_seams,2009-04,2026-07,191,0.04058531408975008,0.014655187443527118,2,7.107232270886631,0.17509278819592924,2.0620074215655553,0.03920702940300891,0.025018635968189984,0.39796679577089433,0.08348825390867981,0.7965712986428269,0.4257000518889966,0.0040008359808042515,0.16349892074163996,0.03353524667813547,0.34457381620820465,0.7304147931952694,0.0006070587377192682,0.6060436915454201,0.017763073517777707,0.19546431139665169,0.8450294741612803,0.00023504036886845547,0.04357868553174282,0.0013201606495573392,0.013678143355521004,0.9890867608931471,1.170738226696777e-06,6.206079047591063,0.9011532232955635,0.777144763866054,0.1078193308582745,0.8090555968373689,0.7304147931952693,0.9328281158347742,0.989086760893147,0.777144763866054
Materials,audit_clean,2009-04,2026-07,149,0.019610897896041868,-0.014668441338362204,2,6.365813131293479,0.10544121715821926,0.8972820831308403,0.3695684145632905,0.009276867412068568,-0.03295159429626926,-0.006209357729572913,-0.052478270324874426,0.9581476092413563,2.2300251512397118e-05,-0.14984221573537582,-0.027807493083471257,-0.2532415244403148,0.8000815801722931,0.000406618708116091,-0.21812970620901106,-0.005577136267470206,-0.055398229873301855,0.9558212060302962,2.4806166724511414e-05,3.9141532211858543,0.09349829742909915,0.8557304130517939,0.3921469137072846,0.0068362748312805754,4.372923561877174,1.9928895694163131,0.7648892435215306,0.6775420933660325,0.9581476092413563,0.800081580172293,0.9558212060302961,0.47929067230890343,0.7648892435215306
Materials,since_2020,2020-01,2026-07,79,0.44265588309933834,0.40448162851710123,2,5.324628624259324,0.3409334537510346,2.205747270697492,0.027401700128230955,0.08521328721233379,1.0099669767244324,0.5187691247548731,3.3662386463475933,0.0007620075276100202,0.12980790393581787,0.9819636096339022,0.41584816687452114,2.905039176523361,0.0036720713490272505,0.08651200345087606,5.284267678006786,0.4244799314167444,4.379234012378992,1.1909718832914251e-05,0.12998948404562516,-6.174480880426768,-0.4459620926373734,-2.214100881557592,0.026821840014419562,0.12005131163504523,6.517266411873479,-1.19263778761416,0.5506308363531776,0.05023645023509008,0.008382082803710222,0.020196392419649878,0.00013100690716205676,0.0737600600396538,0.6056939199884953
Materials,since_2022,2022-01,2026-07,55,0.3630670623684963,0.2980739054673224,2,-3.741789589629452,-0.09606217770508566,-0.3635596449312344,0.7161868660950106,0.00894925067954866,0.5522328739345359,0.37536278469646644,1.6386823997961208,0.10127942139630974,0.07503558085717843,0.1911118531511251,0.09073072378451218,0.4434401416828016,0.6574474063848679,0.003955693304781183,4.33366062021446,0.45331498775200413,4.126298806465544,3.686482227793775e-05,0.18437952952704373,-0.5825844194762652,-0.0473107207276748,-0.22131676177975118,0.8248457995503515,0.001360322062220587,0.2982402843671333,-4.040029873996581,0.684970499772348,0.9072887452862399,0.22281472707188144,0.7231921470233547,0.0004055130450573152,0.8248457995503515,0.9772311542052887
Materials,since_2022_ex_seams,2022-01,2026-07,52,0.39056507115727934,0.3243221441091575,2,-4.00340369371525,-0.10214112372107143,-0.38912772218948355,0.6971816670807591,0.010161785264451884,0.6627358968819586,0.43918900383339954,1.8422726463169823,0.06543527880709998,0.09794438903685798,0.3259524269305848,0.15461613054303122,0.7298998143123144,0.46545142582561927,0.01084257825987689,4.394234868040306,0.4573854739918803,4.2975394213475235,1.7270455291651388e-05,0.18761627501179745,-0.8493810019102472,-0.06841469189915451,-0.32538110501781753,0.7448926541687713,0.0028547055324004145,-0.25374865841430233,-3.7496550353009486,0.705025470970077,0.9361322152825664,0.23992935562603326,0.5688850760090902,0.00018997500820816526,0.8827674863636481,0.9127750527660768
Real Estate,full,2011-12,2026-07,176,0.2693597592022495,0.2478703403552569,4,4.405236235237736,0.3742807160262763,1.8539643556446985,0.06374425965685848,0.10373446996630276,-0.16826769947817705,-0.12609992005830967,-1.0118791451030043,0.3115958418454863,0.00896932494570557,-0.459192058478755,-0.32931447767518235,-2.4740678823540874,0.013358431206281551,0.0579583415488244,-0.4269955404735345,-0.04804141073127495,-0.5456793846598719,0.5852863451808057,0.0016119924687750808,1.3658816504159426,0.14918237884574792,0.95146148927528,0.3413701589946989,0.01321402154112461,6.492977113348984,-2.087740878111247,0.4532071147229453,0.14023737124508867,0.9866714792407835,0.11186004919926547,0.8491138133525844,0.46938396861771103,0.49852782619523983
Real Estate,ex_2013_14,2011-12,2026-07,152,0.2763767525922227,0.25159513453031257,4,4.353681161161876,0.383942646429172,1.7916185393338975,0.0731940913298259,0.10685336397975875,-0.2355731768856223,-0.17618176594820564,-1.2970020765572858,0.1946304723079395,0.016687786081958866,-0.4802213433654834,-0.3426772643280146,-2.415611636950065,0.015708806191057745,0.06168893025263511,-0.7864226247654174,-0.0921026964595946,-0.9952393895552417,0.31961984844129865,0.005639853209954859,2.162643226599779,0.23768680644303847,1.462346534601193,0.1436462726368739,0.03135903047699573,6.756316075983591,-2.4026349148217143,0.39873847032229515,0.161027000925617,0.7136450651291115,0.1727968681016352,0.5859697221423809,0.3888261902065162,0.4386123173545247
Real Estate,ex_2020_21,2011-12,2026-07,152,0.14507235270657393,0.11579400862118261,4,0.07990945111703254,0.005402082685996734,0.03662949937198345,0.9707804222102974,2.164990478825679e-05,-0.05595240381113298,-0.05025232120662021,-0.3764526645818889,0.7065803997950486,0.0016482595869217187,-0.20660892968132152,-0.18238955732702783,-1.4692254082062832,0.14177166088337945,0.01819451803053651,-0.8344174298293363,-0.11148658071470395,-1.0143908101948682,0.3103963076281149,0.009641930386231845,-1.7401692435447045,-0.2129692019418738,-2.188932871891886,0.028601719429334427,0.029553078507874475,4.326328511404108,-4.246419060287077,0.1564433701877026,0.9707804222102975,0.8635982664161705,0.3898720674292935,0.6530692764357904,0.15730945686133935,0.24583958172353265
Real Estate,clean,2011-12,2026-07,128,0.10930262239186261,0.07279863150628318,4,-0.7883634495654727,-0.057070191069551246,-0.3785881754476095,0.704993704297584,0.0024676474208986665,-0.08079214746109101,-0.07619021280855892,-0.5112726380788163,0.6091601617472799,0.00370970171858509,-0.21057886493030614,-0.19390077393870547,-1.4790303243982765,0.1391322103208945,0.02030470939873108,-1.1482845883298336,-0.1688070716451701,-1.3083833992510754,0.19074330040422094,0.021578423848540584,-0.9720080163538053,-0.1216791221611637,-1.3952675193317858,0.16293518290303388,0.009607898629387823,4.86306037311907,-5.651423822684542,0.04683211689145095,0.7754930747273424,0.718167628131334,0.2737209695649228,0.4368900697653436,0.3553610092681516,0.1287883214514901
Real Estate,ex_seams,2011-12,2026-07,164,0.23943268596981937,0.21536410008278828,4,4.14338690608311,0.3581756786209167,1.7312098720116333,0.08341433926243669,0.09728903183874327,-0.12469923093374377,-0.0922675438409431,-0.7579417223795164,0.44848587156878494,0.005053607468084698,-0.41788053882643794,-0.29717578929173283,-2.267566743554909,0.02335562658334034,0.04905705099088886,-0.31741014001225465,-0.03528886778608489,-0.36352558008941355,0.7162123078787745,0.0008690131764773623,1.387866013984094,0.1521195540657621,0.9356507836289192,0.3494530183981541,0.013825036048415895,6.803507385488639,-2.6601204794055264,0.34678475281598375,0.17116441598185253,0.8090555968373689,0.12845594620837186,0.9328281158347742,0.5491404574828136,0.38146322809758215
Real Estate,audit_clean,2011-12,2026-07,122,0.08754503184010332,0.048215076315969774,4,-0.8111969643381373,-0.06010981772237711,-0.4078046752845844,0.6834170809164417,0.002728091683416367,-0.03346770128346116,-0.03209251661432697,-0.22565152652556572,0.8214724618748461,0.000638769749288115,-0.1685058557803356,-0.15715505233398336,-1.2607197252772002,0.207409844584185,0.013162063149825709,-1.0702268923088851,-0.15401519111603962,-1.2494954570687058,0.21148391406774225,0.018692867331325136,-1.0283920502168278,-0.1271675305597419,-1.457406451396698,0.145004217306544,0.01093956110481642,5.244664568598911,-6.055861532937044,0.04360839350625678,0.6992771055179756,0.9581476092413563,0.3802513817376725,0.48175798569588046,0.398761597592996,0.11992308214220615
Real Estate,since_2020,2020-01,2026-07,79,0.5154302170795315,0.4822405059205953,4,6.041064732797061,0.5006139233069784,3.4718271611756566,0.0005169290335769183,0.18372740098124907,-0.5856645492767223,-0.3893364124977561,-2.9194283752441645,0.003506739688834193,0.07311440359007226,-0.9861581756280433,-0.5404992760259499,-4.152877537953413,3.2832046024555694e-05,0.1461493943403761,-1.6706349181772153,-0.17368529364248741,-1.61651310387778,0.10598342257001026,0.021763061507557913,4.412821927238943,0.4124991294570869,2.5127053429484505,0.011980935706878082,0.10271103195904319,6.517266411873479,-0.4762016790764142,0.8500078462872727,0.0014215548423365254,0.01928706828858806,0.00036115250627011264,0.24347335092644412,0.0439300975918863,0.8500078462872728
Real Estate,since_2022,2022-01,2026-07,55,0.26062329042549504,0.18517668740768833,4,10.946895704480216,0.3638969400919176,1.3710030682272178,0.17037399957415844,0.12842176230004043,-0.339830991945691,-0.29909303328796794,-1.7399845867507506,0.0818617244393458,0.04764062150901094,-0.5625370489337027,-0.34580577370097954,-1.8571553763975082,0.06328905158941467,0.057461682978252826,-1.4101782011671888,-0.19100007398273516,-1.0122933843246946,0.31139779710226456,0.03273253320001168,0.3877593515126396,0.04077343839014655,0.22377739754969572,0.8229305181334021,0.0010103626581954295,0.2982402843671333,10.648655420113082,0.2503902585858644,0.6390609626132595,0.22281472707188144,0.1160299279139269,0.42447679407863154,0.8248457995503515,0.9772311542052887
Real Estate,since_2022_ex_seams,2022-01,2026-07,52,0.23708999179256807,0.15416499090045588,4,10.816255801090753,0.36446549773968523,1.3204064847074997,0.18669933968453156,0.1293843040736682,-0.2881383952926839,-0.25218562231075986,-1.3323177592607574,0.18275579379983586,0.032293661684977826,-0.5017068487704708,-0.3143104621933078,-1.5972171199218892,0.1102173178322805,0.044806460637138,-1.3914120628367541,-0.19127715009244145,-1.0892800652276164,0.2760304008718415,0.03281194374878693,0.2825172380911771,0.030053842825674845,0.1662388053092278,0.8679690220744047,0.0005508870805399635,-0.25374865841430233,11.070004459505046,0.23641021511734994,0.6845642455099491,0.3435773446111296,0.20206508269251425,0.33737048995447294,0.8827674863636481,0.9127750527660768
Utilities,full,2009-04,2026-07,208,0.05402762458060262,0.030612466773191738,0,1.5220745452500921,0.12508298693909897,1.5706119298720957,0.11627281719079452,0.012597506414773862,0.32364077411817255,0.23604478178793148,2.4229151139773215,0.015396523883129953,0.030631223832583432,0.22735477417568717,0.16026142525705792,2.163440881027168,0.03050728614525422,0.013291108687828013,0.04497755577521002,0.004581072378282466,0.05067447717036665,0.9595849147794415,1.5369542177956497e-05,-1.0549332061163024,-0.10816515978117178,-1.27224922966286,0.2032845811715127,0.00767155290864896,5.968952397629377,-4.446877852379283,0.0018658089760683616,0.21316683151645663,0.1693617627144295,0.11186004919926547,0.9595849147794415,0.43989051747423874,0.004104779747350395
Utilities,ex_2013_14,2009-04,2026-07,184,0.04312098206495507,0.016242357965655985,0,1.4329922282042227,0.12531637185956535,1.4371582827212923,0.1506730236534013,0.012590411518391909,0.27593229140742637,0.20721521762777168,1.9377938436629774,0.052648379165598946,0.02278230021125416,0.19830072916031383,0.1438488173451682,1.8230635568629443,0.06829376534033949,0.010608542328502724,0.11439483824029867,0.012439776973381528,0.13075187394771226,0.8959715950738476,0.00010878308135109371,-0.95271040219425,-0.10119814612244198,-1.136552274223047,0.2557255010199255,0.006358402789407025,6.179005187471408,-4.746012959267179,0.0013042748307912078,0.2762338766979024,0.5791321708215884,0.25041047291457813,0.9386131198694879,0.4688300852031968,0.002869404627740657
Utilities,ex_2020_21,2009-04,2026-07,184,0.0514783927202106,0.024834527347182833,0,1.027129081595052,0.05766672872511654,0.6063007213042378,0.5443150797310159,0.002749012870636447,0.3578818003813308,0.23918914185735043,2.5705928482242686,0.010152460802927532,0.03443328699552828,0.27848199393890916,0.18250888612259053,2.502163726476655,0.012343682601492212,0.017559227571882774,-0.579386353403597,-0.052453740252290756,-0.6230952955582892,0.5332219010292758,0.002126891461670666,-1.413024713140369,-0.12353076073573385,-1.4939492990907577,0.13518887159309712,0.011497592302406767,3.8491398290680143,-2.8220107474729668,0.12684863931724832,0.7484332346301469,0.11167706883220285,0.045260169538804775,0.6530692764357904,0.37176939688101707,0.23255583874828858
Utilities,clean,2009-04,2026-07,160,0.038237143913540494,0.0070110771574866115,0,0.7573082627585546,0.0445601114869171,0.4457387232709187,0.6557859894377629,0.0016544122469404066,0.31167595650305824,0.21344559946392952,2.1008165246765778,0.035657075296728236,0.02676422721102012,0.2514340841450835,0.1681507805417507,2.194023406515567,0.028233726886490507,0.01488381837566044,-0.5244445020146143,-0.050575393915945246,-0.5865680391335277,0.5574938531950386,0.0019160184828375115,-1.3087268061340092,-0.11505801573486452,-1.2993224944615658,0.19383327778262815,0.009732742947253237,4.166800677918155,-3.409492415159602,0.07728784372645503,0.7754930747273424,0.28983186653431736,0.10352366525046519,0.7183762040793694,0.3553610092681516,0.14169438016516755
Utilities,ex_seams,2009-04,2026-07,193,0.060682150503628574,0.03556669998233519,0,1.6394573235027021,0.13367374876526555,1.6779215819310076,0.09336240871737411,0.014572301204124782,0.35028265880310683,0.24469029006791793,2.4879995249661597,0.012846390462590174,0.03439864061180997,0.22561297544454129,0.1547222671572953,2.034865862057255,0.04186437178764146,0.01287671271449431,0.1901727590323831,0.01857526364394481,0.19163827395376365,0.8480255598497948,0.0002563753587164763,-0.9159994222000738,-0.09185909507365225,-1.0363968514880606,0.300017038635946,0.005663108918751658,6.257300955716724,-4.617843632214021,0.001586420918793685,0.17116441598185253,0.1413102950884919,0.15350269655468537,0.9328281158347742,0.5491404574828136,0.0034901260213461073
Utilities,audit_clean,2009-04,2026-07,151,0.037193199984310144,0.00399296550101047,0,0.6771100784669598,0.03995656024862887,0.38629648217624346,0.6992771055179756,0.0013219817819531965,0.33999371809995754,0.22956643089945117,2.1808156931258265,0.02919705136340567,0.03048897559446595,0.2665601600955154,0.17844363504746819,2.2483617184985945,0.02455313414144422,0.01653392837818557,-0.3646680517330113,-0.03356208575755279,-0.3755987805842945,0.7072151974532506,0.0008847482850651289,-1.1531221598431265,-0.0982028696479153,-1.0834247500140577,0.2786199349325673,0.007465694625808594,4.442488062949742,-3.76537798448278,0.05621489972516969,0.6992771055179756,0.32116756499746235,0.09002815851862882,0.8643741302206396,0.45971750530088473,0.12001793540177048
Utilities,since_2020,2020-01,2026-07,79,0.104281461528688,0.04293087670188578,0,2.462679870631809,0.2898925027396682,1.6671572582471124,0.09548313914880424,0.06160870078540348,0.15303257605449838,0.14451055314474712,0.6513683324182101,0.5148087477338181,0.010072842026147888,0.3227784005372092,0.2513000589815829,1.7136222087757393,0.08659813206271827,0.03159308004555006,0.7515012521757899,0.11098155093542203,0.7129902977601786,0.4758517608869173,0.008885778319218773,-0.3970455434487712,-0.05272135309043853,-0.32110954268265074,0.7481273789326437,0.0016778151660460372,6.517266411873479,-4.054586541241667,0.07923713860986892,0.15004493294812096,0.7078620281339999,0.28577013579764227,0.5842754380261526,0.9143779075843423,0.12451550352979401
Utilities,since_2022,2022-01,2026-07,55,0.1352249251355626,0.046982570557558834,0,0.5333360947200793,0.016648582871078087,0.11645904152971501,0.9072887452862399,0.0002688043931938777,0.3697973197282792,0.3056299747069226,1.3952114623831795,0.1629520814922898,0.04974583386220055,0.8589434340964299,0.49583199353701357,2.226341898534421,0.02599128903728065,0.1181361882229901,0.8836492369845852,0.11239016728624561,0.716492696749113,0.47368717546409433,0.011333633938336751,-2.105597475450875,-0.20791186775557258,-1.1606479254511584,0.2457851070635968,0.026271276372307195,0.2982402843671333,0.2350958103529564,0.9636121262639505,0.9072887452862399,0.2987454827358646,0.08521433634008113,0.5210558930105037,0.6018230413792466,0.9772311542052887
Utilities,since_2022_ex_seams,2022-01,2026-07,52,0.13269692900429741,0.038424856069981916,0,0.3143430028926143,0.009800119818604751,0.06606321499591897,0.9473274970269285,9.35473568851597e-05,0.3833218208249195,0.31040652910668654,1.3182922798131589,0.1874058243333434,0.04892584565302949,0.8804575006703925,0.5103467116889681,2.231522850475742,0.025646515629851985,0.11812820547843428,0.877332810599138,0.11158859650859959,0.66729389459082,0.5045844254734091,0.01116722853875085,-2.162852197403762,-0.21287762515352907,-1.1366453929217302,0.2556865558326731,0.027639017378658925,-0.25374865841430233,0.5680916613069104,0.9127750527660767,0.9473274970269284,0.3435773446111296,0.09403722397612395,0.55504286802075,0.6247003961706689,0.9127750527660768
