seam_start,revision_month,target,revision_3m_log_pct
2011-01,2011-01,IBOV,12.819551514897022
2011-01,2011-01,Communication Services,12.054874209765025
2011-01,2011-01,Consumer Discretionary,8.748804703218724
2011-01,2011-01,Consumer Staples,-1.7695309547538534
2011-01,2011-01,Energy,5.929174799869321
2011-01,2011-01,Financials,7.330807423454227
2011-01,2011-01,Health Care,
2011-01,2011-01,Industrials,18.98266866093595
2011-01,2011-01,Information Technology,
2011-01,2011-01,Materials,8.738170177403697
2011-01,2011-01,Real Estate,
2011-01,2011-01,Utilities,-6.152738939869089
2011-01,2011-02,IBOV,11.109556726106531
2011-01,2011-02,Communication Services,8.306323772162667
2011-01,2011-02,Consumer Discretionary,6.851631333271214
2011-01,2011-02,Consumer Staples,-4.700290839229417
2011-01,2011-02,Energy,1.3153921534390192
2011-01,2011-02,Financials,7.7389093358174375
2011-01,2011-02,Health Care,
2011-01,2011-02,Industrials,14.363270940563048
2011-01,2011-02,Information Technology,
2011-01,2011-02,Materials,5.525230954974147
2011-01,2011-02,Real Estate,
2011-01,2011-02,Utilities,1.181028348061617
2011-01,2011-03,IBOV,4.767769110936255
2011-01,2011-03,Communication Services,9.0151179793596
2011-01,2011-03,Consumer Discretionary,2.3945868600399587
2011-01,2011-03,Consumer Staples,-5.892524201005509
2011-01,2011-03,Energy,-3.2929993030255935
2011-01,2011-03,Financials,6.383376418793177
2011-01,2011-03,Health Care,
2011-01,2011-03,Industrials,2.6363086452957276
2011-01,2011-03,Information Technology,
2011-01,2011-03,Materials,2.5143455412344333
2011-01,2011-03,Real Estate,
2011-01,2011-03,Utilities,5.741267119729973
2014-01,2014-01,IBOV,19.269185115957924
2014-01,2014-01,Communication Services,24.014276665002274
2014-01,2014-01,Consumer Discretionary,18.901306735879288
2014-01,2014-01,Consumer Staples,35.29450984517295
2014-01,2014-01,Energy,22.18563805953628
2014-01,2014-01,Financials,6.641935344230705
2014-01,2014-01,Health Care,-11.543305947046196
2014-01,2014-01,Industrials,16.268843994177132
2014-01,2014-01,Information Technology,
2014-01,2014-01,Materials,28.18046329734276
2014-01,2014-01,Real Estate,-2.262035292142143
2014-01,2014-01,Utilities,7.983914408622837
2014-01,2014-02,IBOV,12.499467288936707
2014-01,2014-02,Communication Services,32.0350342781713
2014-01,2014-02,Consumer Discretionary,21.708955333277427
2014-01,2014-02,Consumer Staples,33.489980102513265
2014-01,2014-02,Energy,-1.2026028441393226
2014-01,2014-02,Financials,9.45327903670674
2014-01,2014-02,Health Care,-5.599468225411134
2014-01,2014-02,Industrials,10.083582415152259
2014-01,2014-02,Information Technology,
2014-01,2014-02,Materials,22.94495352691995
2014-01,2014-02,Real Estate,-6.692803521846331
2014-01,2014-02,Utilities,11.196338549639188
2014-01,2014-03,IBOV,17.4822050643899
2014-01,2014-03,Communication Services,35.66336176509582
2014-01,2014-03,Consumer Discretionary,29.429156507654692
2014-01,2014-03,Consumer Staples,31.293762319958063
2014-01,2014-03,Energy,-0.5937784011851444
2014-01,2014-03,Financials,9.590989443434163
2014-01,2014-03,Health Care,5.02632532554829
2014-01,2014-03,Industrials,9.616259556312775
2014-01,2014-03,Information Technology,
2014-01,2014-03,Materials,28.404571747045466
2014-01,2014-03,Real Estate,-8.64855904638046
2014-01,2014-03,Utilities,5.552810243108789
2017-01,2017-01,IBOV,14.444666486676047
2017-01,2017-01,Communication Services,6.704366531562314
2017-01,2017-01,Consumer Discretionary,-1.5970450436851125
2017-01,2017-01,Consumer Staples,-1.3711246701003357
2017-01,2017-01,Energy,21.718930349379967
2017-01,2017-01,Financials,7.622121708526877
2017-01,2017-01,Health Care,6.6554073113647165
2017-01,2017-01,Industrials,1.0804387316942075
2017-01,2017-01,Information Technology,
2017-01,2017-01,Materials,82.71562621940016
2017-01,2017-01,Real Estate,4.554537266060925
2017-01,2017-01,Utilities,0.34556463581981145
2017-01,2017-02,IBOV,16.27081053329744
2017-01,2017-02,Communication Services,2.6221809658077335
2017-01,2017-02,Consumer Discretionary,-3.723407226794383
2017-01,2017-02,Consumer Staples,6.3457729032568535
2017-01,2017-02,Energy,27.334756807722872
2017-01,2017-02,Financials,4.49870351809088
2017-01,2017-02,Health Care,4.835011038313522
2017-01,2017-02,Industrials,9.813606673114975
2017-01,2017-02,Information Technology,
2017-01,2017-02,Materials,79.65360951252731
2017-01,2017-02,Real Estate,9.276753425951856
2017-01,2017-02,Utilities,8.555820522971626
2017-01,2017-03,IBOV,14.039621340314321
2017-01,2017-03,Communication Services,-0.21543052283189648
2017-01,2017-03,Consumer Discretionary,-1.553521929901541
2017-01,2017-03,Consumer Staples,6.1770659963164025
2017-01,2017-03,Energy,20.32434108633202
2017-01,2017-03,Financials,6.159673337576598
2017-01,2017-03,Health Care,3.4357648032366135
2017-01,2017-03,Industrials,3.0188973025581136
2017-01,2017-03,Information Technology,
2017-01,2017-03,Materials,56.01850765804532
2017-01,2017-03,Real Estate,12.291914477056945
2017-01,2017-03,Utilities,17.116561806108617
2020-01,2020-01,IBOV,-9.236160362673196
2020-01,2020-01,Communication Services,-4.073939225075627
2020-01,2020-01,Consumer Discretionary,-3.9699918287889173
2020-01,2020-01,Consumer Staples,-10.085699904462334
2020-01,2020-01,Energy,5.810712546209148
2020-01,2020-01,Financials,-5.316582093698714
2020-01,2020-01,Health Care,5.516638962194924
2020-01,2020-01,Industrials,6.167449531681666
2020-01,2020-01,Information Technology,
2020-01,2020-01,Materials,1.1280452844659936
2020-01,2020-01,Real Estate,3.8442645834609173
2020-01,2020-01,Utilities,-6.5258966325499115
2020-01,2020-02,IBOV,-7.917957098831925
2020-01,2020-02,Communication Services,-4.795018528064966
2020-01,2020-02,Consumer Discretionary,-3.4517964316694205
2020-01,2020-02,Consumer Staples,-19.967960619614825
2020-01,2020-02,Energy,1.7100823229461837
2020-01,2020-02,Financials,-3.1219056636640437
2020-01,2020-02,Health Care,10.241845491587297
2020-01,2020-02,Industrials,7.609570918648205
2020-01,2020-02,Information Technology,
2020-01,2020-02,Materials,3.07095725560435
2020-01,2020-02,Real Estate,6.684177528152543
2020-01,2020-02,Utilities,6.326488819771203
2020-01,2020-03,IBOV,-22.556033504741972
2020-01,2020-03,Communication Services,1.3720934397745461
2020-01,2020-03,Consumer Discretionary,-19.702493165993385
2020-01,2020-03,Consumer Staples,-25.551266373741484
2020-01,2020-03,Energy,-96.00206183517982
2020-01,2020-03,Financials,-6.797824969340943
2020-01,2020-03,Health Care,11.344103686527351
2020-01,2020-03,Industrials,0.2224466095199845
2020-01,2020-03,Information Technology,
2020-01,2020-03,Materials,6.166908710359349
2020-01,2020-03,Real Estate,-26.01888602957577
2020-01,2020-03,Utilities,8.314362320727152
2023-01,2023-01,IBOV,-8.584029188979267
2023-01,2023-01,Communication Services,2.014605295551222
2023-01,2023-01,Consumer Discretionary,-18.722290766249174
2023-01,2023-01,Consumer Staples,-16.87532179388406
2023-01,2023-01,Energy,-35.9306332255662
2023-01,2023-01,Financials,-0.7475341148486595
2023-01,2023-01,Health Care,-2.379421826759919
2023-01,2023-01,Industrials,6.471818504950605
2023-01,2023-01,Information Technology,15.849816361478467
2023-01,2023-01,Materials,-1.1938446009330168
2023-01,2023-01,Real Estate,8.077948262525592
2023-01,2023-01,Utilities,-0.011327838791759156
2023-01,2023-02,IBOV,-3.397083449313322
2023-01,2023-02,Communication Services,0.1517554349025482
2023-01,2023-02,Consumer Discretionary,-30.18545985422525
2023-01,2023-02,Consumer Staples,-16.053384595331377
2023-01,2023-02,Energy,-12.878084823821917
2023-01,2023-02,Financials,3.7793293290822754
2023-01,2023-02,Health Care,-7.326370389542084
2023-01,2023-02,Industrials,4.414634613538676
2023-01,2023-02,Information Technology,13.4775458820543
2023-01,2023-02,Materials,-5.28534368730962
2023-01,2023-02,Real Estate,11.347180607123981
2023-01,2023-02,Utilities,-4.055469029313335
2023-01,2023-03,IBOV,1.0059765847028914
2023-01,2023-03,Communication Services,-0.6791539872506406
2023-01,2023-03,Consumer Discretionary,2.287710699800747
2023-01,2023-03,Consumer Staples,-5.5718836208512466
2023-01,2023-03,Energy,-2.6873866521752077
2023-01,2023-03,Financials,3.149451718105165
2023-01,2023-03,Health Care,-7.553366208037379
2023-01,2023-03,Industrials,-0.9547724512798718
2023-01,2023-03,Information Technology,11.68675861634281
2023-01,2023-03,Materials,3.2395275839846347
2023-01,2023-03,Real Estate,14.485800796713438
2023-01,2023-03,Utilities,6.320067247077371
