core_rank_descending,cod_ativo,data,score_general_equal_weight,score_high_value,score_high_short_interest,score_low_momentum,quality_score,quality_percentile_high_is_better,quality_quartile_1_best_4_worst,components_available,valid_for_core,quality_data,quality_age_days
1.0,PLPL3,2026-08-12,1.4235673247421214,1.2686557595521037,1.6437970063961318,1.3582492082781288,59.14065868234946,0.6232876712328768,2.0,3,True,2026-07-30,13.0
2.0,GMAT3,2026-08-12,1.3371106356652407,1.7392781374576476,1.7590336197785665,0.5130201497595077,50.76016260484929,0.4383561643835616,3.0,3,True,2026-07-30,13.0
3.0,CEAB3,2026-08-12,1.2936839320500733,2.468439224640711,0.658828913666968,0.7537836578425405,82.02935071803236,0.9315068493150684,1.0,3,True,2026-07-30,13.0
4.0,BEEF3,2026-08-12,1.2506909227912537,0.9372200402596383,2.226573157088106,0.5882795710260169,57.98387370929075,0.589041095890411,2.0,3,True,2026-07-30,13.0
5.0,AUAU3,2026-08-12,1.1540303000431165,2.490028885151443,1.7589286728489837,-0.7868666578710772,62.140261348454466,0.6643835616438356,2.0,3,True,2026-07-30,13.0
6.0,SLCE3,2026-08-12,1.1165216198895964,-0.6930398884393869,2.2121190617915554,1.8304856863166212,39.9452510915417,0.23972602739726026,4.0,3,True,2026-07-30,13.0
7.0,ORVR3,2026-08-12,1.0338307101082262,-0.6645758562333359,2.7299922062680793,1.0360757802899356,74.96278079300468,0.8561643835616438,1.0,3,True,2026-07-30,13.0
8.0,TTEN3,2026-08-12,1.0141941740517775,-0.14337243072093855,1.7691805875633686,1.4167743653129028,26.951740480603515,0.1095890410958904,4.0,3,True,2026-07-30,13.0
9.0,GRND3,2026-08-12,0.9186655690718039,0.08416754472330538,1.8379164835745818,0.8339126789175244,71.01620918229482,0.7808219178082192,1.0,3,True,2026-07-30,13.0
10.0,EZTC3,2026-08-12,0.9146330983360843,0.990821550610877,0.7422448069211576,1.0108329374762182,65.36959623460363,0.7191780821917808,2.0,3,True,2026-07-30,13.0
11.0,GGPS3,2026-08-12,0.9108391496769643,1.6243346225785837,0.2512125987869998,0.8569702276653095,45.035218689465836,0.3493150684931507,3.0,3,True,2026-07-30,13.0
12.0,RIAA3,2026-08-12,0.9080692240726359,2.490028885151443,-0.13012394580802328,0.3643027328744883,84.36784022645607,0.958904109589041,1.0,3,True,2026-07-30,13.0
13.0,EVEN3,2026-08-12,0.8731871231274907,1.3016495595545667,0.5502298745813827,0.7676819352465228,53.21461068116802,0.5068493150684932,2.0,3,True,2026-07-30,13.0
14.0,RAIL3,2026-08-12,0.8414132990041376,2.0551954446684277,-0.19601852188346527,0.6650629742274505,52.73612441358271,0.4931506849315068,3.0,3,True,2026-07-30,13.0
15.0,RENT3,2026-08-12,0.7910266279979193,2.091478837932051,-0.7709579112554469,1.0525589573171537,46.667687314636396,0.3698630136986301,3.0,3,True,2026-07-30,13.0
16.0,SMTO3,2026-08-12,0.7289404671826213,0.6667189989556389,0.5681363323464734,0.9519660702457516,30.577149901118293,0.14383561643835616,4.0,3,True,2026-07-30,13.0
17.0,PGMN3,2026-08-12,0.7277219334915861,1.7606973350003543,-0.9044567829359695,1.3269252484103735,52.75398220092861,0.5,3.0,3,True,2026-07-30,13.0
18.0,TAEE11,2026-08-12,0.7109236372162496,-0.2056884015159069,2.7299922062680793,-0.3915328931034236,29.509648726066633,0.1232876712328767,4.0,3,True,2026-07-30,13.0
19.0,POMO4,2026-08-12,0.6974449879865671,0.8612798215658571,-0.4406077927961946,1.6716629351900385,74.09535618726984,0.8287671232876712,1.0,3,True,2026-07-30,13.0
20.0,SOJA3,2026-08-12,0.6820894885422413,-1.478670912950504,2.7299922062680793,0.7949471723091486,14.950444598161893,0.02054794520547945,4.0,3,True,2026-07-30,13.0
21.0,VAMO3,2026-08-12,0.6753929749361713,0.6761614740097063,0.8123125900806423,0.5377048607181654,62.17439627366099,0.6712328767123288,2.0,3,True,2026-07-30,13.0
22.0,MDIA3,2026-08-12,0.6271863260216038,0.753120661709165,-0.3023573313513344,1.4307956477069808,73.01836775717372,0.821917808219178,1.0,3,True,2026-07-30,13.0
23.0,DIRR3,2026-08-12,0.6180573449872827,0.5921777896148721,0.540296821706476,0.7216974236405004,80.87396057386088,0.9178082191780822,1.0,3,True,2026-07-30,13.0
24.0,JHSF3,2026-08-12,0.5415550754713536,0.3416611433519051,1.8486944593856278,-0.5656903763234722,76.23624302728781,0.8698630136986302,1.0,3,True,2026-07-30,13.0
25.0,KEPL3,2026-08-12,0.520886725262259,-0.07942057982202629,0.2874921585058796,1.3545885971029237,48.59050539695619,0.4041095890410959,3.0,3,True,2026-07-30,13.0
26.0,AZZA3,2026-08-12,0.5163518487351549,-0.19826179912079261,1.6320926889009626,0.11522465642529503,38.22453373915222,0.2191780821917808,4.0,3,True,2026-07-30,13.0
27.0,CYRE3,2026-08-12,0.507829819585914,0.35601187410416923,1.4640530093379687,-0.2965754246843961,60.39980241673277,0.6438356164383562,2.0,3,True,2026-07-30,13.0
28.0,BRBI11,2026-08-12,0.4599144383003591,0.001108164851856074,-0.4518505362673999,1.8304856863166212,54.09421425815165,0.5273972602739726,2.0,3,True,2026-07-30,13.0
29.0,POMO3,2026-08-12,0.4559116064059913,0.42810481157668046,-0.8908556786753279,1.8304856863166212,,,,3,True,,
30.0,VIVA3,2026-08-12,0.44520325948157674,0.47701399146787743,0.758610167239711,0.0999856197371419,60.8753958488932,0.6575342465753424,2.0,3,True,2026-07-30,13.0
31.0,PRNR3,2026-08-12,0.4282990039348363,2.027596452320282,-0.20419175830751723,-0.5385076822082561,41.88271899668958,0.2808219178082192,3.0,3,True,2026-07-30,13.0
32.0,VULC3,2026-08-12,0.34625361440486874,0.36465937943803856,0.4474446042113537,0.2266568595652141,56.09748539245703,0.5547945205479452,2.0,3,True,2026-07-30,13.0
33.0,LREN3,2026-08-12,0.34518782056826414,0.9042097906201481,-0.05601327130677526,0.1873669423914196,79.01009740194017,0.8972602739726028,1.0,3,True,2026-07-30,13.0
34.0,SBFG3,2026-08-12,0.34440414758069665,1.1987242239314544,-1.0860717078117157,0.9205599266223513,43.0097576360808,0.2876712328767123,3.0,3,True,2026-07-30,13.0
35.0,VTRU3,2026-08-12,0.3324663092082094,2.490028885151443,-1.20190975919807,-0.2907201983287446,72.4010889349439,0.8013698630136986,1.0,3,True,2026-07-30,13.0
36.0,MOTV3,2026-08-12,0.2985584259243315,1.8157319777483862,-0.7866828919759485,-0.13337380799944312,52.624650889301904,0.4863013698630137,3.0,3,True,2026-07-30,13.0
37.0,TOTS3,2026-08-12,0.28376380130564033,2.0728631386166896,-0.8953335235843441,-0.3262382111154244,69.6469115430029,0.773972602739726,1.0,3,True,2026-07-30,13.0
38.0,YDUQ3,2026-08-12,0.2520835244631225,-0.14811752241577758,-0.09982001054541395,1.0041881063505589,37.040623165664755,0.2054794520547945,4.0,3,True,2026-07-30,13.0
39.0,MDNE3,2026-08-12,0.21619474550364168,0.34711548249018215,0.0547559581023387,0.24671279591840417,82.03858233112526,0.9383561643835616,1.0,3,True,2026-07-30,13.0
40.0,LAVV3,2026-08-12,0.15495996036525325,0.05943942493584919,-0.28348974559891915,0.6889302017588297,66.54947739880855,0.7328767123287672,2.0,3,True,2026-07-30,13.0
41.0,SMFT3,2026-08-12,0.10536690503007877,0.32748920567093115,0.059475923754889165,-0.07086441433558396,51.2015050149268,0.4520547945205479,3.0,3,True,2026-07-30,13.0
42.0,ARML3,2026-08-12,0.06952706861916975,0.19150587060427288,-0.3733642671193364,0.3904396023725728,29.801475655843518,0.136986301369863,4.0,3,True,2026-07-30,13.0
43.0,IGTI11,2026-08-12,0.051492875346804336,0.42093754352401636,-0.28256300466895096,0.016104087185347612,77.17002110658827,0.8767123287671232,1.0,3,True,2026-07-30,13.0
44.0,ALUP11,2026-08-12,0.03434560488189689,0.6287530467044409,-0.42822330135185016,-0.09749293070690004,44.67270654304236,0.3424657534246575,3.0,3,True,2026-07-30,13.0
45.0,MULT3,2026-08-12,0.033678483098573235,0.38807911974289205,-0.3937900214189606,0.10674635097178822,44.66304839439167,0.3356164383561644,3.0,3,True,2026-07-30,13.0
46.0,CURY3,2026-08-12,0.03160323405403639,0.12427016465876412,0.8955711024316123,-0.9250315649282673,95.79515355280678,1.0,1.0,3,True,2026-07-30,13.0
47.0,RECV3,2026-08-12,0.010025423431209487,-0.13772510366721485,0.17655800041349248,-0.008756626452649168,55.823554784997576,0.547945205479452,2.0,3,True,2026-07-30,13.0
48.0,VIVT3,2026-08-12,0.0013373414623384001,0.03385801472572837,-0.5697279399346152,0.5398819495959021,64.67640937557572,0.6986301369863014,2.0,3,True,2026-07-30,13.0
49.0,BRSR6,2026-08-12,-0.010003580834227985,0.4252199475696991,-0.592733384229397,0.13750269415701397,78.61307399189658,0.8904109589041096,1.0,3,True,2026-07-30,13.0
50.0,UNIP6,2026-08-12,-0.03514005721086788,-1.3863261629338501,0.850147121454301,0.43075886984694545,29.598535102266442,0.13013698630136986,4.0,3,True,2026-07-30,13.0
51.0,EGIE3,2026-08-12,-0.04334476739876112,0.1819684362899481,-0.7965576784979244,0.4845549400116929,47.26038368762249,0.3767123287671233,3.0,3,True,2026-07-30,13.0
52.0,INTB3,2026-08-12,-0.04341196178871078,0.28931844848485694,0.12963809522789627,-0.5491924290788855,58.74895928291941,0.6027397260273972,2.0,3,True,2026-07-30,13.0
53.0,RADL3,2026-08-12,-0.05231226385881932,0.6542772014577342,-0.6384913852002085,-0.17272260783398358,52.156330762722206,0.4726027397260274,3.0,3,True,2026-07-30,13.0
54.0,B3SA3,2026-08-12,-0.08705969020395472,0.12705842405158904,-0.873404504287929,0.4851670096244758,65.43257999595956,0.726027397260274,2.0,3,True,2026-07-30,13.0
55.0,PETR4,2026-08-12,-0.0961507454347334,-0.048462060418209635,-0.1980964274266349,-0.04189374845935565,64.19729006482737,0.684931506849315,2.0,3,True,2026-07-30,13.0
56.0,BPAC11,2026-08-12,-0.11109023443823633,0.22366419919803668,-0.643501051433275,0.0865661489205293,83.86522043218214,0.952054794520548,1.0,3,True,2026-07-30,13.0
57.0,ABEV3,2026-08-12,-0.11716710539734425,-0.27510249084041705,-0.17345929758806322,0.09706047223644755,92.4197269741607,0.9931506849315068,1.0,3,True,2026-07-30,13.0
58.0,ECOR3,2026-08-12,-0.12188027193698507,-0.4762110161635843,-0.4284634275912924,0.5390336279439215,48.63977674968677,0.4178082191780822,3.0,3,True,2026-07-30,13.0
59.0,RDOR3,2026-08-12,-0.17107646358186315,0.5936149488982762,-1.0106096922166534,-0.09623464742721224,86.64112983573223,0.9657534246575342,1.0,3,True,2026-07-30,13.0
60.0,TFCO4,2026-08-12,-0.1719048271193194,0.19431767524331434,-1.005782649915896,0.2957504933146235,50.70933308592084,0.4315068493150685,3.0,3,True,2026-07-30,13.0
61.0,FESA4,2026-08-12,-0.1730494371507585,-0.6381855678673575,-0.9720743803665981,1.09111163678168,44.59537064462139,0.3287671232876712,3.0,3,True,2026-07-30,13.0
62.0,AXIA3,2026-08-12,-0.17575112807216078,-0.0062774188832920965,-0.733310677247586,0.21233471191439585,41.73568709482888,0.273972602739726,3.0,3,True,2026-07-30,13.0
63.0,LEVE3,2026-08-12,-0.17599995742212493,-0.15342329141441174,-0.8325249602351871,0.457948379383224,81.65276217902074,0.9246575342465754,1.0,3,True,2026-07-30,13.0
64.0,HYPE3,2026-08-12,-0.19763430775524285,0.6633977395295879,-1.144539404695659,-0.11176125809965759,44.24649480814432,0.3219178082191781,3.0,3,True,2026-07-30,13.0
65.0,BBAS3,2026-08-12,-0.2069509297430383,-0.9162589954255365,0.13232258141923495,0.16308362477718666,18.444916071773104,0.0547945205479452,4.0,3,True,2026-07-30,13.0
66.0,BBSE3,2026-08-12,-0.23824187618058748,-0.41442339022129254,2.341361685790953,-2.641663924111423,53.60570960006615,0.5205479452054794,2.0,3,True,2026-07-30,13.0
67.0,CAML3,2026-08-12,-0.2391059720567312,-0.9806035840720548,-0.18032719267651715,0.44361286057837834,37.07460358634634,0.21232876712328766,4.0,3,True,2026-07-30,13.0
68.0,ISAE4,2026-08-12,-0.25106811131340917,-0.3760329207911735,-0.7846524663866191,0.40748105323756517,26.19572591587517,0.10273972602739725,4.0,3,True,2026-07-30,13.0
69.0,CPFE3,2026-08-12,-0.2661960474698058,-0.4035706780938755,-0.23398032440383995,-0.16103713991170196,51.951417156641035,0.4657534246575342,3.0,3,True,2026-07-30,13.0
70.0,ABCB4,2026-08-12,-0.2943671162862097,-0.35315531099609915,0.2062954008400351,-0.7362414387025651,40.837232297896975,0.2602739726027397,3.0,3,True,2026-07-30,13.0
71.0,BBDC4,2026-08-12,-0.2945045362023411,0.08112244671124332,-0.7271681673061531,-0.2374678880121137,64.67417518811499,0.6917808219178082,2.0,3,True,2026-07-30,13.0
72.0,SUZB3,2026-08-12,-0.29912161593146486,0.039590233386024624,-0.5129196074851845,-0.42403547369523464,35.447286201087756,0.1917808219178082,4.0,3,True,2026-07-30,13.0
73.0,SAPR11,2026-08-12,-0.32950206922375164,-1.4134128536983162,-0.9275608230354905,1.3524674690625518,56.77719357756671,0.5616438356164384,2.0,3,True,2026-07-30,13.0
74.0,ITUB3,2026-08-12,-0.33203290148647446,-0.5969008418488501,0.7032750730781002,-1.1024729356886735,,,,3,True,,
75.0,CXSE3,2026-08-12,-0.33448776674815534,-0.4394568073678982,1.1002864047407515,-1.6642928976173192,74.72954859362345,0.8493150684931506,1.0,3,True,2026-07-30,13.0
76.0,PSSA3,2026-08-12,-0.3378429121747553,-0.09942706659401963,-0.20259664836364635,-0.7115050215666001,74.47891032516502,0.8356164383561644,1.0,3,True,2026-07-30,13.0
77.0,ALOS3,2026-08-12,-0.343787971549315,-0.9699792372175935,-0.05992853018509554,-0.0014561472452559207,50.94414292175486,0.4452054794520548,3.0,3,True,2026-07-30,13.0
78.0,PNVL3,2026-08-12,-0.34731817680633786,0.24883837815310977,-1.0977155424630018,-0.19307736610912155,45.152911082630546,0.3561643835616438,3.0,3,True,2026-07-30,13.0
79.0,HBOR3,2026-08-12,-0.3586392144011417,-1.832797313239197,0.999473098582382,-0.24259342854661026,26.073005766715976,0.0958904109589041,4.0,3,True,2026-07-30,13.0
80.0,BMOB3,2026-08-12,-0.36524109141873384,-0.29671744635947855,-0.6111963685988324,-0.18780945929789042,90.11680759717353,0.9863013698630136,1.0,3,True,2026-07-30,13.0
81.0,BLAU3,2026-08-12,-0.3811390638720107,-0.23868193245982147,-0.6349931844206351,-0.2697420747355755,47.49971441371247,0.3904109589041096,3.0,3,True,2026-07-30,13.0
82.0,CPLE3,2026-08-12,-0.39382598700157945,-0.4721105226103685,-0.851913991479354,0.14254655308498412,60.609122945876685,0.6506849315068494,2.0,3,True,2026-07-30,13.0
83.0,SBSP3,2026-08-12,-0.40501912510211735,-0.4500797555119428,-1.20190975919807,0.4369321394036606,72.98733604703754,0.815068493150685,1.0,3,True,2026-07-30,13.0
84.0,CMIG4,2026-08-12,-0.40909526870872215,-0.7279868849792261,-0.6542058269739587,0.15490690582701816,59.0376714910297,0.6164383561643836,2.0,3,True,2026-07-30,13.0
85.0,ENGI11,2026-08-12,-0.4208614261633759,-1.0509115950978807,-0.38484920981053783,0.17317652641829076,33.079865822403136,0.1643835616438356,4.0,3,True,2026-07-30,13.0
86.0,ENEV3,2026-08-12,-0.4275929032648726,-0.20832160655012114,-0.9294182709603105,-0.14503883228418593,52.32996947082768,0.4794520547945205,3.0,3,True,2026-07-30,13.0
87.0,BBDC3,2026-08-12,-0.4323845182232869,0.07990556364934666,-1.0449198151547772,-0.33213930316443024,,,,3,True,,
88.0,PETR3,2026-08-12,-0.43713486407825813,-0.10041103393761468,-0.9306119640095274,-0.2803815942876322,,,,3,True,,
89.0,PRIO3,2026-08-12,-0.48813175958016214,-1.2322661404215944,-0.43132363672062973,0.19919449840173775,43.32759602660101,0.2945205479452055,3.0,3,True,2026-07-30,13.0
90.0,ITUB4,2026-08-12,-0.4928444416208577,-0.2335434150291669,-0.9710666601736638,-0.2739232496597423,63.095998938838505,0.678082191780822,2.0,3,True,2026-07-30,13.0
91.0,LOGG3,2026-08-12,-0.5309826887198383,-0.16370037850412256,-0.6406899959052327,-0.7885576917501598,72.6679104477612,0.8082191780821918,1.0,3,True,2026-07-30,13.0
92.0,MYPK3,2026-08-12,-0.5665976267087958,-0.6018375742916107,-0.5703637151310341,-0.5275915907037424,47.39861200008847,0.3835616438356164,3.0,3,True,2026-07-30,13.0
93.0,ITSA4,2026-08-12,-0.6008612281482526,-0.38349394236450046,-1.20190975919807,-0.21717998288218718,67.33454729853692,0.7534246575342466,2.0,3,True,2026-07-30,13.0
94.0,SAUD3,2026-08-12,-0.6099755842280624,-0.3116246447886301,-0.720345230788922,-0.7979568771066353,48.610963459151684,0.410958904109589,3.0,3,True,2026-07-30,13.0
95.0,IRBR3,2026-08-12,-0.6532763081986928,-0.7481790736476088,-1.114947878923741,-0.09670197202472833,80.21381714947216,0.910958904109589,1.0,3,True,2026-07-30,13.0
96.0,FRAS3,2026-08-12,-0.6625649643388537,-0.5985343444373682,-0.6537691338258841,-0.7353914147533088,46.30166448465582,0.363013698630137,3.0,3,True,2026-07-30,13.0
97.0,BRAV3,2026-08-12,-0.6644437103706219,-1.832797313239197,0.8341848536620684,-0.9947186715347371,78.26409827964555,0.8835616438356164,1.0,3,True,2026-07-30,13.0
98.0,VALE3,2026-08-12,-0.685050850499143,-1.7124931266660102,-0.6154640444651841,0.27280461963376496,34.23803824562135,0.1780821917808219,4.0,3,True,2026-07-30,13.0
99.0,VLID3,2026-08-12,-0.68696437619904,-0.27890232027770573,-1.1496973004014852,-0.6322935079179294,59.29800976748231,0.636986301369863,2.0,3,True,2026-07-30,13.0
100.0,POSI3,2026-08-12,-0.7004516812934479,-1.832797313239197,-0.6717571368642096,0.40319940622306283,22.18403192772684,0.07534246575342465,4.0,3,True,2026-07-30,13.0
101.0,EQTL3,2026-08-12,-0.7364822577559501,-1.4311155593562934,-1.0639163642226437,0.2855851503110866,24.15008291873964,0.0821917808219178,4.0,3,True,2026-07-30,13.0
102.0,KLBN11,2026-08-12,-0.7509450451927724,-0.6329801192167638,-0.12760714552431499,-1.4922478708372384,33.833499938897944,0.17123287671232876,4.0,3,True,2026-07-30,13.0
103.0,UGPA3,2026-08-12,-0.7610012584120573,-0.2600696716861775,-0.9701634385679891,-1.0527706649820052,57.84128599427106,0.5821917808219178,2.0,3,True,2026-07-30,13.0
104.0,SANB11,2026-08-12,-0.7643084842991099,-0.04367670007600781,-0.5915148554728805,-1.6577338973484415,64.76943854910283,0.7054794520547946,2.0,3,True,2026-07-30,13.0
105.0,WEGE3,2026-08-12,-0.8637178564282509,-0.2706470445949511,-0.7122490857789774,-1.6082574389108244,67.50648552774616,0.7602739726027398,1.0,3,True,2026-07-30,13.0
106.0,FLRY3,2026-08-12,-0.8697528550946719,-0.3015472078612093,0.03933237473511519,-2.3470437321579216,66.92532045400849,0.7397260273972602,2.0,3,True,2026-07-30,13.0
107.0,RANI3,2026-08-12,-0.9007592939682021,-1.2730060548272755,-0.4422411386362213,-0.9870306884411094,48.513920648764405,0.3972602739726027,3.0,3,True,2026-07-30,13.0
108.0,CSMG3,2026-08-12,-0.9036458243513089,-1.3912768702444556,0.30464203313193894,-1.62430263594141,59.193379692446854,0.6301369863013698,2.0,3,True,2026-07-30,13.0
109.0,TGMA3,2026-08-12,-0.9498952496130187,-0.36032103578113894,-0.6269620907304974,-1.86240262232742,74.65726340287358,0.8424657534246576,1.0,3,True,2026-07-30,13.0
110.0,VBBR3,2026-08-12,-1.0172583528257837,-1.3745877877508321,-0.8630326834832811,-0.8141545872432376,50.07239685411327,0.4246575342465753,3.0,3,True,2026-07-30,13.0
111.0,CMIN3,2026-08-12,-1.0215491345258918,-0.8983196072262225,-0.22551822731895343,-1.940809569032499,82.19494930763352,0.9452054794520548,1.0,3,True,2026-07-30,13.0
112.0,GGBR4,2026-08-12,-1.092914717194035,-1.4284186867921307,-0.5873011651916454,-1.2630242995983287,39.644520520269154,0.2328767123287671,4.0,3,True,2026-07-30,13.0
113.0,GOAU4,2026-08-12,-1.1518856035844138,-1.4525220626897344,-0.5963898700858279,-1.4067448779776799,43.61287381050952,0.3082191780821918,3.0,3,True,2026-07-30,13.0
114.0,MILS3,2026-08-12,-1.182523819397087,0.12134095940397663,-1.0272484934838149,-2.641663924111423,69.58341370243258,0.7671232876712328,1.0,3,True,2026-07-30,13.0
115.0,SYNE3,2026-08-12,-1.286085686754083,-1.8195694037914663,-1.20190975919807,-0.8367778972727127,64.81607115935473,0.7123287671232876,2.0,3,True,2026-07-30,13.0
116.0,DESK3,2026-08-12,-1.360539028335908,-1.272993388970404,-0.6678146937436539,-2.140809002293666,41.36133576296622,0.2671232876712329,3.0,3,True,2026-07-30,13.0
117.0,EMBJ3,2026-08-12,-1.392241596013023,-0.5589298131480016,-0.9761310507796448,-2.641663924111423,75.42399880731409,0.863013698630137,1.0,3,True,2026-07-30,13.0
,ALPA4,2026-08-12,,,0.06097863993016164,-1.7847345424195222,79.92636057214145,0.9041095890410958,1.0,2,False,2026-07-30,13.0
,ANIM3,2026-08-12,,,1.5231872357768161,0.48362239965430553,53.5883223966895,0.5136986301369864,2.0,2,False,2026-07-30,13.0
,ASAI3,2026-08-12,,,-0.24526945504390063,-0.248461899094607,,,,2,False,,
,AURE3,2026-08-12,,,1.5152740369106856,0.8935301431218454,15.05328471279964,0.0273972602739726,4.0,2,False,2026-07-30,13.0
,BHIA3,2026-08-12,,,2.7299922062680793,1.4485201077737608,27.315303404188544,0.11643835616438356,4.0,2,False,2026-07-30,13.0
,BRAP4,2026-08-12,,,-0.27776217467533404,0.09384141339543646,,,,2,False,,
,BRKM5,2026-08-12,,,1.7368026289258094,1.8304856863166212,24.381878486356097,0.08904109589041095,4.0,2,False,2026-07-30,13.0
,CASH3,2026-08-12,,,0.63857507001444,-2.0680664712840593,40.02876001665277,0.2465753424657534,4.0,2,False,2026-07-30,13.0
,CBAV3,2026-08-12,,,0.45839115872959224,-2.641663924111423,67.07461183569244,0.7465753424657534,2.0,2,False,2026-07-30,13.0
,COGN3,2026-08-12,,,-0.7616331863952415,0.9752307968127184,54.169200327022985,0.5342465753424658,2.0,2,False,2026-07-30,13.0
,CSAN3,2026-08-12,,,0.48734606792062757,1.1325286410343394,12.736998927919325,0.00684931506849315,4.0,2,False,2026-07-30,13.0
,CSNA3,2026-08-12,,,0.6021384623858685,0.8990645172891584,36.77501089619488,0.19863013698630136,4.0,2,False,2026-07-30,13.0
,CVCB3,2026-08-12,,,1.7080568458109628,0.3904559873265332,72.39131556992452,0.7945205479452054,1.0,2,False,2026-07-30,13.0
,DASA3,2026-08-12,,,-0.8032641811273739,0.27130164284900676,31.697505241865922,0.15753424657534246,4.0,2,False,2026-07-30,13.0
,DXCO3,2026-08-12,,,-0.913937333740336,-0.7348683517372911,51.448766222109164,0.4589041095890411,3.0,2,False,2026-07-30,13.0
,GFSA3,2026-08-12,,,-0.6130334924952995,1.3233783202292075,13.732287178167942,0.0136986301369863,4.0,2,False,2026-07-30,13.0
,HAPV3,2026-08-12,,,0.7526601031053936,0.7363654911339701,39.03953611273527,0.22602739726027396,4.0,2,False,2026-07-30,13.0
,HBSA3,2026-08-12,,,-0.8083097996813248,-0.6479383073617259,55.01038978458863,0.541095890410959,2.0,2,False,2026-07-30,13.0
,JSLG3,2026-08-12,,,-0.5098061095660473,0.8803833391555261,18.739856865405592,0.06164383561643835,4.0,2,False,2026-07-30,13.0
,LJQQ3,2026-08-12,,,0.11578108714367788,0.8919743318569384,40.43450997904395,0.2534246575342466,4.0,2,False,2026-07-30,13.0
,LWSA3,2026-08-12,,,-0.2265381126901366,-0.4747468416935605,17.3024418691744,0.04794520547945205,4.0,2,False,2026-07-30,13.0
,MBRF3,2026-08-12,,,1.0581128753086886,-0.4734842871240708,34.58956701932997,0.18493150684931506,4.0,2,False,2026-07-30,13.0
,MGLU3,2026-08-12,,,1.4502833861458855,1.3453246780187285,58.026285391827116,0.5958904109589042,2.0,2,False,2026-07-30,13.0
,MOVI3,2026-08-12,,,1.2913138943987592,0.8695396833170195,58.875656492809696,0.6095890410958904,2.0,2,False,2026-07-30,13.0
,MRVE3,2026-08-12,,,2.5122687042485667,1.6703647209395147,16.507284022075968,0.0410958904109589,4.0,2,False,2026-07-30,13.0
,NATU3,2026-08-12,,,0.25134854971623927,0.4645768435202543,43.84371325469195,0.3150684931506849,3.0,2,False,2026-07-30,13.0
,QUAL3,2026-08-12,,,-0.5159115615034976,0.1905482676920892,57.683701726437185,0.5753424657534246,2.0,2,False,2026-07-30,13.0
,RAPT4,2026-08-12,,,0.9085339749863909,-0.3572696699081904,21.2057755687884,0.0684931506849315,4.0,2,False,2026-07-30,13.0
,RCSL4,2026-08-12,,,-0.570937516286759,-0.7549424711696343,31.275181305398874,0.1506849315068493,4.0,2,False,2026-07-30,13.0
,SEER3,2026-08-12,,,-0.9148483819047932,0.21330158339752558,89.66149537681663,0.9794520547945206,1.0,2,False,2026-07-30,13.0
,SIMH3,2026-08-12,,,-0.031912290770558446,1.2188346220653041,43.35617557742228,0.3013698630136986,3.0,2,False,2026-07-30,13.0
,TEND3,2026-08-12,,,-0.05870321607432024,-1.5340468919782135,87.58785249974393,0.9726027397260274,1.0,2,False,2026-07-30,13.0
,TIMS3,2026-08-12,,,-1.12182290394809,0.9838151884509586,71.45838929178977,0.7876712328767124,1.0,2,False,2026-07-30,13.0
,TUPY3,2026-08-12,,,-0.3728319797031708,-1.2276829534339537,15.455889921578978,0.03424657534246575,4.0,2,False,2026-07-30,13.0
,USIM5,2026-08-12,,,0.34314369925320654,1.0622541203225666,57.2920755611083,0.5684931506849316,2.0,2,False,2026-07-30,13.0
