core_rank_35_30_35,cod_ativo,data,score_general_35_30_35,score_high_value,score_high_short_interest,score_low_momentum,tail_35_30_35,quality_score,quality_percentile_high_is_better,quality_quartile_1_best_4_worst,components_available,valid_for_core,quality_data,quality_age_days
1,PLPL3,2026-08-12,1.4125558406594207,1.2686557595521035,1.6437970063961318,1.3582492082781288,P90,59.14065868234946,0.6232876712328768,2.0,3,True,2026-07-30,13.0
2,CEAB3,2026-08-12,1.3254266829692283,2.468439224640711,0.658828913666968,0.7537836578425405,P90,82.02935071803236,0.9315068493150684,1.0,3,True,2026-07-30,13.0
3,GMAT3,2026-08-12,1.316014486459574,1.7392781374576476,1.7590336197785663,0.5130201497595077,P90,50.76016260484929,0.4383561643835616,3.0,3,True,2026-07-30,13.0
4,BEEF3,2026-08-12,1.2018968110764112,0.9372200402596385,2.226573157088106,0.5882795710260169,P90,57.98387370929075,0.589041095890411,2.0,3,True,2026-07-30,13.0
5,AUAU3,2026-08-12,1.123785381402823,2.490028885151443,1.7589286728489837,-0.7868666578710772,P90,62.14026134845447,0.6643835616438356,2.0,3,True,2026-07-30,13.0
6,SLCE3,2026-08-12,1.0617417477944986,-0.6930398884393869,2.212119061791556,1.8304856863166208,P90,39.9452510915417,0.2397260273972602,4.0,3,True,2026-07-30,13.0
7,TTEN3,2026-08-12,0.976444853376198,-0.1433724307209385,1.7691805875633686,1.4167743653129028,P90,26.951740480603515,0.1095890410958904,4.0,3,True,2026-07-30,13.0
8,RIAA3,2026-08-12,0.959978882566669,2.490028885151443,-0.1301239458080232,0.3643027328744883,P90,84.36784022645607,0.958904109589041,1.0,3,True,2026-07-30,13.0
9,ORVR3,2026-08-12,0.9490226353002338,-0.6645758562333359,2.7299922062680797,1.0360757802899356,P90,74.96278079300468,0.8561643835616438,1.0,3,True,2026-07-30,13.0
10,GGPS3,2026-08-12,0.9438204772214625,1.6243346225785835,0.2512125987869998,0.8569702276653095,P90,45.03521868946584,0.3493150684931507,3.0,3,True,2026-07-30,13.0
11,EZTC3,2026-08-12,0.9232525129068305,0.990821550610877,0.7422448069211576,1.0108329374762182,P90,65.36959623460363,0.7191780821917808,2.0,3,True,2026-07-30,13.0
12,RAIL3,2026-08-12,0.893284890048518,2.055195444668428,-0.1960185218834652,0.6650629742274505,P90,52.73612441358271,0.4931506849315068,3.0,3,True,2026-07-30,13.0
13,EVEN3,2026-08-12,0.8893349855547962,1.3016495595545667,0.5502298745813827,0.7676819352465228,,53.21461068116802,0.5068493150684932,2.0,3,True,2026-07-30,13.0
14,GRND3,2026-08-12,0.8727030233466648,0.0841675447233053,1.8379164835745816,0.8339126789175244,,71.01620918229482,0.7808219178082192,1.0,3,True,2026-07-30,13.0
15,RENT3,2026-08-12,0.8691258549605874,2.091478837932051,-0.7709579112554469,1.0525589573171537,,46.6676873146364,0.3698630136986301,3.0,3,True,2026-07-30,13.0
16,PGMN3,2026-08-12,0.8093308693129637,1.7606973350003543,-0.9044567829359696,1.3269252484103735,,52.75398220092861,0.5,3.0,3,True,2026-07-30,13.0
17,POMO4,2026-08-12,0.7543476270257051,0.8612798215658571,-0.4406077927961946,1.6716629351900385,,74.09535618726984,0.8287671232876712,1.0,3,True,2026-07-30,13.0
18,SMTO3,2026-08-12,0.7369806739244287,0.6667189989556389,0.5681363323464734,0.9519660702457516,,30.577149901118293,0.1438356164383561,4.0,3,True,2026-07-30,13.0
19,MDIA3,2026-08-12,0.6736635088902506,0.753120661709165,-0.3023573313513344,1.4307956477069808,,73.01836775717372,0.821917808219178,1.0,3,True,2026-07-30,13.0
20,VAMO3,2026-08-12,0.6685469941789477,0.6761614740097063,0.8123125900806423,0.5377048607181654,,62.17439627366099,0.6712328767123288,2.0,3,True,2026-07-30,13.0
21,DIRR3,2026-08-12,0.6219453711513231,0.5921777896148721,0.540296821706476,0.7216974236405004,,80.87396057386088,0.9178082191780822,1.0,3,True,2026-07-30,13.0
22,TAEE11,2026-08-12,0.6099702087636583,-0.2056884015159069,2.7299922062680797,-0.3915328931034236,,29.509648726066636,0.1232876712328767,4.0,3,True,2026-07-30,13.0
23,SOJA3,2026-08-12,0.5796943526559495,-1.478670912950504,2.7299922062680797,0.7949471723091486,,14.950444598161893,0.0205479452054794,4.0,3,True,2026-07-30,13.0
24,KEPL3,2026-08-12,0.532556453600078,-0.0794205798220262,0.2874921585058796,1.3545885971029237,,48.59050539695619,0.4041095890410959,3.0,3,True,2026-07-30,13.0
25,POMO3,2026-08-12,0.5232499706600571,0.4281048115766804,-0.8908556786753279,1.8304856863166208,,,,,3,True,,
26,BRBI11,2026-08-12,0.5055026870287469,0.001108164851856,-0.4518505362673999,1.8304856863166208,,54.09421425815165,0.5273972602739726,2.0,3,True,2026-07-30,13.0
27,JHSF3,2026-08-12,0.4761981062756399,0.3416611433519051,1.848694459385628,-0.5656903763234722,,76.23624302728781,0.8698630136986302,1.0,3,True,2026-07-30,13.0
28,AZZA3,2026-08-12,0.4605648067268646,-0.1982617991207926,1.6320926889009626,0.115224656425295,,38.22453373915222,0.2191780821917808,4.0,3,True,2026-07-30,13.0
29,CYRE3,2026-08-12,0.46001866009831127,0.3560118741041692,1.464053009337969,-0.2965754246843961,,60.39980241673277,0.6438356164383562,2.0,3,True,2026-07-30,13.0
30,PRNR3,2026-08-12,0.45992354204695385,2.027596452320282,-0.2041917583075172,-0.5385076822082561,,41.88271899668958,0.2808219178082192,3.0,3,True,2026-07-30,13.0
31,VIVA3,2026-08-12,0.42953291409367,0.4770139914678774,0.758610167239711,0.0999856197371419,,60.8753958488932,0.6575342465753424,2.0,3,True,2026-07-30,13.0
32,SBFG3,2026-08-12,0.4159279403503172,1.1987242239314544,-1.0860717078117157,0.9205599266223512,,43.0097576360808,0.2876712328767123,3.0,3,True,2026-07-30,13.0
33,VTRU3,2026-08-12,0.40918511262852336,2.490028885151443,-1.20190975919807,-0.2907201983287446,,72.4010889349439,0.8013698630136986,1.0,3,True,2026-07-30,13.0
34,LREN3,2026-08-12,0.36524787516201607,0.904209790620148,-0.0560132713067752,0.1873669423914196,,79.01009740194017,0.8972602739726028,1.0,3,True,2026-07-30,13.0
35,MOTV3,2026-08-12,0.35282049181934566,1.8157319777483865,-0.7866828919759485,-0.1333738079994431,,52.624650889301904,0.4863013698630137,3.0,3,True,2026-07-30,13.0
36,TOTS3,2026-08-12,0.34271866755013963,2.0728631386166896,-0.8953335235843441,-0.3262382111154244,,69.6469115430029,0.773972602739726,1.0,3,True,2026-07-30,13.0
37,VULC3,2026-08-12,0.34119406491454446,0.3646593794380385,0.4474446042113537,0.2266568595652141,,56.09748539245703,0.5547945205479452,2.0,3,True,2026-07-30,13.0
38,YDUQ3,2026-08-12,0.2696787012135493,-0.1481175224157775,-0.0998200105454139,1.0041881063505589,,37.04062316566476,0.2054794520547945,4.0,3,True,2026-07-30,13.0
39,MDNE3,2026-08-12,0.22426668487370677,0.3471154824901821,0.0547559581023387,0.2467127959184041,,82.03858233112526,0.9383561643835616,1.0,3,True,2026-07-30,13.0
40,LAVV3,2026-08-12,0.17688244566346184,0.0594394249358491,-0.2834897455989191,0.6889302017588297,,66.54947739880855,0.7328767123287672,2.0,3,True,2026-07-30,13.0
41,SMFT3,2026-08-12,0.10766145409383822,0.3274892056709311,0.0594759237548891,-0.0708644143355839,,51.2015050149268,0.4520547945205479,3.0,3,True,2026-07-30,13.0
42,ARML3,2026-08-12,0.09167163540609502,0.1915058706042728,-0.3733642671193364,0.3904396023725728,,29.80147565584352,0.136986301369863,4.0,3,True,2026-07-30,13.0
43,IGTI11,2026-08-12,0.0681956693475921,0.4209375435240163,-0.2825630046689509,0.0161040871853476,,77.17002110658827,0.8767123287671232,1.0,3,True,2026-07-30,13.0
44,ALUP11,2026-08-12,0.057474050193584265,0.6287530467044409,-0.4282233013518501,-0.0974929307069,,44.67270654304236,0.3424657534246575,3.0,3,True,2026-07-30,13.0
45,MULT3,2026-08-12,0.05505190832444987,0.388079119742892,-0.3937900214189606,0.1067463509717882,,44.66304839439167,0.3356164383561644,3.0,3,True,2026-07-30,13.0
46,VIVT3,2026-08-12,0.02989060553218606,0.0338580147257283,-0.5697279399346152,0.5398819495959021,,64.67640937557572,0.6986301369863014,2.0,3,True,2026-07-30,13.0
47,BRSR6,2026-08-12,0.019132909335530433,0.4252199475696991,-0.592733384229397,0.1375026941570139,,78.61307399189658,0.8904109589041096,1.0,3,True,2026-07-30,13.0
48,RECV3,2026-08-12,0.0016987945820953624,-0.1377251036672148,0.1765580004134924,-0.0087566264526491,,55.823554784997576,0.547945205479452,2.0,3,True,2026-07-30,13.0
49,EGIE3,2026-08-12,-0.005684121843802931,0.1819684362899481,-0.7965576784979244,0.4845549400116929,,47.26038368762249,0.3767123287671233,3.0,3,True,2026-07-30,13.0
50,CURY3,2026-08-12,-0.0115951593648424,0.1242701646587641,0.8955711024316123,-0.9250315649282672,,95.79515355280678,1.0,1.0,3,True,2026-07-30,13.0
51,RADL3,2026-08-12,-0.02300330779174984,0.6542772014577342,-0.6384913852002085,-0.1727226078339835,,52.156330762722206,0.4726027397260274,3.0,3,True,2026-07-30,13.0
52,B3SA3,2026-08-12,-0.04774244949975606,0.127058424051589,-0.873404504287929,0.4851670096244758,,65.43257999595956,0.726027397260274,2.0,3,True,2026-07-30,13.0
53,INTB3,2026-08-12,-0.052064464639541175,0.2893184484848569,0.1296380952278962,-0.5491924290788855,,58.74895928291941,0.6027397260273972,2.0,3,True,2026-07-30,13.0
54,UNIP6,2026-08-12,-0.07940441614412624,-1.38632616293385,0.850147121454301,0.4307588698469454,,29.59853510226644,0.1301369863013698,4.0,3,True,2026-07-30,13.0
55,BPAC11,2026-08-12,-0.08446969358848444,0.2236641991980366,-0.643501051433275,0.0865661489205293,,83.86522043218214,0.952054794520548,1.0,3,True,2026-07-30,13.0
56,PETR4,2026-08-12,-0.0910534613351383,-0.0484620604182096,-0.1980964274266349,-0.0418937484593556,,64.19729006482737,0.684931506849315,2.0,3,True,2026-07-30,13.0
57,ECOR3,2026-08-12,-0.10655111415426965,-0.4762110161635843,-0.4284634275912924,0.5390336279439215,,48.63977674968677,0.4178082191780822,3.0,3,True,2026-07-30,13.0
58,ABEV3,2026-08-12,-0.11435249578780826,-0.275102490840417,-0.1734592975880632,0.0970604722364475,,92.4197269741607,0.9931506849315068,1.0,3,True,2026-07-30,13.0
59,RDOR3,2026-08-12,-0.12909980215012362,0.5936149488982762,-1.0106096922166534,-0.0962346474272122,,86.64112983573223,0.9657534246575342,1.0,3,True,2026-07-30,13.0
60,TFCO4,2026-08-12,-0.13021093597949057,0.1943176752433143,-1.005782649915896,0.2957504933146235,,50.70933308592084,0.4315068493150685,3.0,3,True,2026-07-30,13.0
61,FESA4,2026-08-12,-0.1330981899899666,-0.6381855678673575,-0.972074380366598,1.09111163678168,,44.59537064462139,0.3287671232876712,3.0,3,True,2026-07-30,13.0
62,LEVE3,2026-08-12,-0.14317370728147183,-0.1534232914144117,-0.8325249602351871,0.457948379383224,,81.65276217902074,0.9246575342465754,1.0,3,True,2026-07-30,13.0
63,AXIA3,2026-08-12,-0.14787315061338951,-0.006277418883292,-0.733310677247586,0.2123347119143958,,41.73568709482888,0.273972602739726,3.0,3,True,2026-07-30,13.0
64,HYPE3,2026-08-12,-0.15028905290822206,0.6633977395295879,-1.144539404695659,-0.1117612580996575,,44.24649480814432,0.3219178082191781,3.0,3,True,2026-07-30,13.0
65,BBAS3,2026-08-12,-0.22391460530115193,-0.9162589954255363,0.1323225814192349,0.1630836247771866,,18.444916071773104,0.0547945205479452,4.0,3,True,2026-07-30,13.0
66,ISAE4,2026-08-12,-0.2243888935597487,-0.3760329207911735,-0.7846524663866191,0.4074810532375651,,26.19572591587517,0.1027397260273972,4.0,3,True,2026-07-30,13.0
67,CAML3,2026-08-12,-0.24204491102574188,-0.9806035840720548,-0.1803271926765171,0.4436128605783783,,37.07460358634634,0.2123287671232876,4.0,3,True,2026-07-30,13.0
68,CPFE3,2026-08-12,-0.267806833623104,-0.4035706780938755,-0.2339803244038399,-0.1610371399117019,,51.95141715664104,0.4657534246575342,3.0,3,True,2026-07-30,13.0
69,BBDC4,2026-08-12,-0.27287135464715057,0.0811224467112433,-0.7271681673061531,-0.2374678880121137,,64.67417518811499,0.6917808219178082,2.0,3,True,2026-07-30,13.0
70,SUZB3,2026-08-12,-0.28843171635377884,0.0395902333860246,-0.5129196074851845,-0.4240354736952346,,35.44728620108776,0.1917808219178082,4.0,3,True,2026-07-30,13.0
71,SAPR11,2026-08-12,-0.29959913153316464,-1.4134128536983162,-0.9275608230354904,1.3524674690625518,,56.77719357756671,0.5616438356164384,2.0,3,True,2026-07-30,13.0
72,PNVL3,2026-08-12,-0.30979830852350465,0.2488383781531097,-1.0977155424630018,-0.1930773661091215,,45.15291108263055,0.3561643835616438,3.0,3,True,2026-07-30,13.0
73,ABCB4,2026-08-12,-0.31940024214252194,-0.3531553109960991,0.2062954008400351,-0.7362414387025651,,40.837232297896975,0.2602739726027397,3.0,3,True,2026-07-30,13.0
74,PSSA3,2026-08-12,-0.3446052253653108,-0.0994270665940196,-0.2025966483636463,-0.7115050215666001,,74.47891032516502,0.8356164383561644,1.0,3,True,2026-07-30,13.0
75,BMOB3,2026-08-12,-0.35294332755972885,-0.2967174463594785,-0.6111963685988324,-0.1878094592978904,,90.11680759717352,0.9863013698630136,1.0,3,True,2026-07-30,13.0
76,ALOS3,2026-08-12,-0.3579809436175259,-0.9699792372175936,-0.0599285301850955,-0.0014561472452559,,50.94414292175486,0.4452054794520548,3.0,3,True,2026-07-30,13.0
77,SBSP3,2026-08-12,-0.3651745933973198,-0.4500797555119428,-1.20190975919807,0.4369321394036606,,72.98733604703754,0.815068493150685,1.0,3,True,2026-07-30,13.0
78,BBSE3,2026-08-12,-0.36722205427916443,-0.4144233902212925,2.341361685790953,-2.641663924111423,,53.60570960006615,0.5205479452054794,2.0,3,True,2026-07-30,13.0
79,BLAU3,2026-08-12,-0.3684463578445794,-0.2386819324598214,-0.6349931844206351,-0.2697420747355755,,47.49971441371247,0.3904109589041096,3.0,3,True,2026-07-30,13.0
80,CPLE3,2026-08-12,-0.3709215867776907,-0.4721105226103685,-0.851913991479354,0.1425465530849841,,60.609122945876685,0.6506849315068494,2.0,3,True,2026-07-30,13.0
81,ITUB3,2026-08-12,-0.3837983002147032,-0.5969008418488501,0.7032750730781002,-1.1024729356886735,,,,,3,True,,
82,CMIG4,2026-08-12,-0.3968397407954604,-0.7279868849792261,-0.6542058269739587,0.1549069058270181,,59.0376714910297,0.6164383561643836,2.0,3,True,2026-07-30,13.0
83,BBDC3,2026-08-12,-0.4017577533767124,0.0799055636493466,-1.0449198151547772,-0.3321393031644302,,,,,3,True,,
84,ENEV3,2026-08-12,-0.40250163488010055,-0.2083216065501211,-0.9294182709603104,-0.1450388322841859,,52.32996947082768,0.4794520547945205,3.0,3,True,2026-07-30,13.0
85,CXSE3,2026-08-12,-0.4062264753226006,-0.4394568073678982,1.1002864047407517,-1.6642928976173192,,74.72954859362345,0.8493150684931506,1.0,3,True,2026-07-30,13.0
86,PETR3,2026-08-12,-0.41246100908169453,-0.1004110339376146,-0.9306119640095274,-0.2803815942876322,,,,,3,True,,
87,ENGI11,2026-08-12,-0.4226620369810179,-1.050911595097881,-0.3848492098105378,0.1731765264182907,,33.079865822403136,0.1643835616438356,4.0,3,True,2026-07-30,13.0
88,HBOR3,2026-08-12,-0.42654483005031785,-1.832797313239197,0.999473098582382,-0.2425934285466102,,26.073005766715976,0.0958904109589041,4.0,3,True,2026-07-30,13.0
89,ITUB4,2026-08-12,-0.46893333069321735,-0.2335434150291669,-0.9710666601736638,-0.2739232496597423,,63.095998938838505,0.678082191780822,2.0,3,True,2026-07-30,13.0
90,PRIO3,2026-08-12,-0.49097216572313873,-1.2322661404215944,-0.4313236367206297,0.1991944984017377,,43.32759602660101,0.2945205479452055,3.0,3,True,2026-07-30,13.0
91,LOGG3,2026-08-12,-0.5254973233605686,-0.1637003785041225,-0.6406899959052327,-0.7885576917501598,,72.6679104477612,0.8082191780821918,1.0,3,True,2026-07-30,13.0
92,MYPK3,2026-08-12,-0.5664093222876838,-0.6018375742916107,-0.5703637151310341,-0.5275915907037424,,47.39861200008847,0.3835616438356164,3.0,3,True,2026-07-30,13.0
93,ITSA4,2026-08-12,-0.5708088015957616,-0.3834939423645004,-1.20190975919807,-0.2171799828821871,,67.33454729853692,0.7534246575342466,2.0,3,True,2026-07-30,13.0
94,SAUD3,2026-08-12,-0.6044571019000194,-0.3116246447886301,-0.720345230788922,-0.7979568771066353,,48.61096345915168,0.410958904109589,3.0,3,True,2026-07-30,13.0
95,IRBR3,2026-08-12,-0.6301927296624402,-0.7481790736476088,-1.114947878923741,-0.0967019720247283,,80.21381714947216,0.910958904109589,1.0,3,True,2026-07-30,13.0
96,FRAS3,2026-08-12,-0.6630047558645022,-0.5985343444373682,-0.6537691338258841,-0.7353914147533088,,46.30166448465582,0.363013698630137,3.0,3,True,2026-07-30,13.0
97,VLID3,2026-08-12,-0.6638277299889178,-0.2789023202777057,-1.1496973004014852,-0.6322935079179294,,59.29800976748231,0.636986301369863,2.0,3,True,2026-07-30,13.0
98,VALE3,2026-08-12,-0.6885301908008411,-1.7124931266660102,-0.6154640444651841,0.2728046196337649,,34.23803824562135,0.1780821917808219,4.0,3,True,2026-07-30,13.0
99,POSI3,2026-08-12,-0.7018864085149097,-1.832797313239197,-0.6717571368642096,0.4031994062230628,,22.18403192772684,0.0753424657534246,4.0,3,True,2026-07-30,13.0
100,EQTL3,2026-08-12,-0.7201105524326155,-1.4311155593562934,-1.0639163642226437,0.2855851503110866,,24.15008291873964,0.0821917808219178,4.0,3,True,2026-07-30,13.0
101,BRAV3,2026-08-12,-0.7393751385722565,-1.832797313239197,0.8341848536620684,-0.9947186715347373,,78.26409827964555,0.8835616438356164,1.0,3,True,2026-07-30,13.0
102,UGPA3,2026-08-12,-0.7505431494042607,-0.2600696716861775,-0.9701634385679891,-1.0527706649820052,,57.84128599427106,0.5821917808219178,2.0,3,True,2026-07-30,13.0
103,SANB11,2026-08-12,-0.7729481657404215,-0.0436767000760078,-0.5915148554728805,-1.6577338973484417,,64.76943854910283,0.7054794520547946,2.0,3,True,2026-07-30,13.0
104,KLBN11,2026-08-12,-0.7821119401761952,-0.6329801192167638,-0.1276071455243149,-1.4922478708372384,,33.833499938897944,0.1712328767123287,4.0,3,True,2026-07-30,13.0
105,WEGE3,2026-08-12,-0.8712912949607146,-0.2706470445949511,-0.7122490857789774,-1.6082574389108244,,67.50648552774616,0.7602739726027398,1.0,3,True,2026-07-30,13.0
106,FLRY3,2026-08-12,-0.9152071165861612,-0.3015472078612093,0.0393323747351151,-2.3470437321579216,P10,66.92532045400849,0.7397260273972602,2.0,3,True,2026-07-30,13.0
107,RANI3,2026-08-12,-0.9236852017348011,-1.2730060548272757,-0.4422411386362213,-0.9870306884411094,P10,48.513920648764405,0.3972602739726027,3.0,3,True,2026-07-30,13.0
108,CSMG3,2026-08-12,-0.9640602172254711,-1.3912768702444556,0.3046420331319389,-1.62430263594141,P10,59.19337969244685,0.6301369863013698,2.0,3,True,2026-07-30,13.0
109,TGMA3,2026-08-12,-0.9660419075571448,-0.3603210357811389,-0.6269620907304974,-1.86240262232742,P10,74.65726340287358,0.8424657534246576,1.0,3,True,2026-07-30,13.0
110,VBBR3,2026-08-12,-1.0249696362929086,-1.374587787750832,-0.8630326834832811,-0.8141545872432376,P10,50.07239685411327,0.4246575342465753,3.0,3,True,2026-07-30,13.0
111,CMIN3,2026-08-12,-1.0613506798862384,-0.8983196072262225,-0.2255182273189534,-1.940809569032499,P10,82.19494930763352,0.9452054794520548,1.0,3,True,2026-07-30,13.0
112,GGBR4,2026-08-12,-1.1181953947941543,-1.428418686792131,-0.5873011651916454,-1.2630242995983287,P10,39.644520520269154,0.2328767123287671,4.0,3,True,2026-07-30,13.0
113,GOAU4,2026-08-12,-1.1796603902593434,-1.4525220626897344,-0.5963898700858279,-1.40674487797768,P10,43.61287381050952,0.3082191780821918,3.0,3,True,2026-07-30,13.0
114,MILS3,2026-08-12,-1.1902875856927506,0.1213409594039766,-1.0272484934838149,-2.641663924111423,P10,69.58341370243258,0.7671232876712328,1.0,3,True,2026-07-30,13.0
115,SYNE3,2026-08-12,-1.2902944831318837,-1.8195694037914665,-1.20190975919807,-0.8367778972727127,P10,64.81607115935473,0.7123287671232876,2.0,3,True,2026-07-30,13.0
116,DESK3,2026-08-12,-1.3951752450655206,-1.272993388970404,-0.6678146937436539,-2.140809002293666,P10,41.36133576296622,0.2671232876712329,3.0,3,True,2026-07-30,13.0
117,EMBJ3,2026-08-12,-1.413047123274692,-0.5589298131480016,-0.9761310507796448,-2.641663924111423,P10,75.42399880731409,0.863013698630137,1.0,3,True,2026-07-30,13.0
,ALPA4,2026-08-12,,,0.0609786399301616,-1.7847345424195222,,79.92636057214145,0.9041095890410958,1.0,2,False,2026-07-30,13.0
,ANIM3,2026-08-12,,,1.523187235776816,0.4836223996543055,,53.5883223966895,0.5136986301369864,2.0,2,False,2026-07-30,13.0
,ASAI3,2026-08-12,,,-0.2452694550439006,-0.248461899094607,,,,,2,False,,
,AURE3,2026-08-12,,,1.5152740369106856,0.8935301431218454,,15.05328471279964,0.0273972602739726,4.0,2,False,2026-07-30,13.0
,BHIA3,2026-08-12,,,2.7299922062680797,1.4485201077737608,,27.315303404188544,0.1164383561643835,4.0,2,False,2026-07-30,13.0
,BRAP4,2026-08-12,,,-0.277762174675334,0.0938414133954364,,,,,2,False,,
,BRKM5,2026-08-12,,,1.7368026289258094,1.8304856863166208,,24.381878486356097,0.0890410958904109,4.0,2,False,2026-07-30,13.0
,CASH3,2026-08-12,,,0.63857507001444,-2.0680664712840597,,40.02876001665277,0.2465753424657534,4.0,2,False,2026-07-30,13.0
,CBAV3,2026-08-12,,,0.4583911587295922,-2.641663924111423,,67.07461183569244,0.7465753424657534,2.0,2,False,2026-07-30,13.0
,COGN3,2026-08-12,,,-0.7616331863952415,0.9752307968127184,,54.169200327022985,0.5342465753424658,2.0,2,False,2026-07-30,13.0
,CSAN3,2026-08-12,,,0.4873460679206275,1.1325286410343394,,12.736998927919323,0.0068493150684931,4.0,2,False,2026-07-30,13.0
,CSNA3,2026-08-12,,,0.6021384623858685,0.8990645172891584,,36.77501089619488,0.1986301369863013,4.0,2,False,2026-07-30,13.0
,CVCB3,2026-08-12,,,1.7080568458109628,0.3904559873265332,,72.39131556992452,0.7945205479452054,1.0,2,False,2026-07-30,13.0
,DASA3,2026-08-12,,,-0.8032641811273739,0.2713016428490067,,31.69750524186592,0.1575342465753424,4.0,2,False,2026-07-30,13.0
,DXCO3,2026-08-12,,,-0.913937333740336,-0.7348683517372911,,51.44876622210917,0.4589041095890411,3.0,2,False,2026-07-30,13.0
,GFSA3,2026-08-12,,,-0.6130334924952995,1.3233783202292075,,13.732287178167942,0.0136986301369863,4.0,2,False,2026-07-30,13.0
,HAPV3,2026-08-12,,,0.7526601031053936,0.7363654911339701,,39.03953611273527,0.2260273972602739,4.0,2,False,2026-07-30,13.0
,HBSA3,2026-08-12,,,-0.8083097996813248,-0.6479383073617259,,55.01038978458863,0.541095890410959,2.0,2,False,2026-07-30,13.0
,JSLG3,2026-08-12,,,-0.5098061095660473,0.8803833391555261,,18.739856865405592,0.0616438356164383,4.0,2,False,2026-07-30,13.0
,LJQQ3,2026-08-12,,,0.1157810871436778,0.8919743318569384,,40.43450997904395,0.2534246575342466,4.0,2,False,2026-07-30,13.0
,LWSA3,2026-08-12,,,-0.2265381126901366,-0.4747468416935605,,17.3024418691744,0.047945205479452,4.0,2,False,2026-07-30,13.0
,MBRF3,2026-08-12,,,1.0581128753086886,-0.4734842871240708,,34.58956701932997,0.184931506849315,4.0,2,False,2026-07-30,13.0
,MGLU3,2026-08-12,,,1.4502833861458857,1.3453246780187285,,58.02628539182712,0.5958904109589042,2.0,2,False,2026-07-30,13.0
,MOVI3,2026-08-12,,,1.2913138943987592,0.8695396833170195,,58.875656492809696,0.6095890410958904,2.0,2,False,2026-07-30,13.0
,MRVE3,2026-08-12,,,2.5122687042485667,1.6703647209395147,,16.507284022075968,0.0410958904109589,4.0,2,False,2026-07-30,13.0
,NATU3,2026-08-12,,,0.2513485497162392,0.4645768435202543,,43.84371325469195,0.3150684931506849,3.0,2,False,2026-07-30,13.0
,QUAL3,2026-08-12,,,-0.5159115615034976,0.1905482676920892,,57.68370172643719,0.5753424657534246,2.0,2,False,2026-07-30,13.0
,RAPT4,2026-08-12,,,0.9085339749863908,-0.3572696699081904,,21.2057755687884,0.0684931506849315,4.0,2,False,2026-07-30,13.0
,RCSL4,2026-08-12,,,-0.570937516286759,-0.7549424711696343,,31.275181305398878,0.1506849315068493,4.0,2,False,2026-07-30,13.0
,SEER3,2026-08-12,,,-0.9148483819047932,0.2133015833975255,,89.66149537681663,0.9794520547945206,1.0,2,False,2026-07-30,13.0
,SIMH3,2026-08-12,,,-0.0319122907705584,1.218834622065304,,43.35617557742228,0.3013698630136986,3.0,2,False,2026-07-30,13.0
,TEND3,2026-08-12,,,-0.0587032160743202,-1.5340468919782135,,87.58785249974393,0.9726027397260274,1.0,2,False,2026-07-30,13.0
,TIMS3,2026-08-12,,,-1.12182290394809,0.9838151884509586,,71.45838929178977,0.7876712328767124,1.0,2,False,2026-07-30,13.0
,TUPY3,2026-08-12,,,-0.3728319797031708,-1.2276829534339535,,15.455889921578978,0.0342465753424657,4.0,2,False,2026-07-30,13.0
,USIM5,2026-08-12,,,0.3431436992532065,1.0622541203225666,,57.2920755611083,0.5684931506849316,2.0,2,False,2026-07-30,13.0
