month,date,source_file,IBOV,Communication Services,Consumer Discretionary,Consumer Staples,Energy,Financials,Health Care,Industrials,Information Technology,Materials,Real Estate,Utilities
2008-01,2008-01-31,grid_20qvjmd3.xlsx,70.76207766643095,17.120158737740635,29.23750074855248,22.558884046278358,80.21693572894254,41.95959738890503,,47.72123311018507,,57.966827496381555,0.0,44.44803671591619
2008-02,2008-02-29,grid_20qvjmd3.xlsx,73.10470982228736,18.75507893936191,30.343070721244032,23.077411625180268,80.79572725246865,42.77532336278505,,45.06432728314687,,61.83373643566233,0.0,45.36861596979499
2008-03,2008-03-31,grid_20qvjmd3.xlsx,73.20602385281674,17.51601052952366,27.7652239415948,22.22109778917231,83.86006165026288,43.22074115915133,,44.50158553581494,,62.891211254197756,0.0,47.91081541687039
2008-04,2008-04-30,grid_20qvjmd3.xlsx,75.8962610083261,16.670801919187472,28.30934053335507,21.276451074366705,84.37221210541223,43.58458671371266,,43.51533677345948,,64.77411875001103,0.0,50.43095871343504
2008-05,2008-05-30,grid_20qvjmd3.xlsx,85.94125741589663,17.069525226100144,29.811723949133995,22.06228427059038,88.09840776124787,43.37636597637751,,40.543477002126934,,69.00816533758248,2.506907830089103,49.39965787489331
2008-06,2008-06-30,grid_20qvjmd3.xlsx,88.93982281313694,16.384575287177768,29.380186116162164,22.38727759834007,89.91100755084726,43.45079059207357,,39.78018109839529,,69.43914422870357,5.4674639521075505,47.93367368677481
2008-07,2008-07-31,grid_20qvjmd3.xlsx,82.51563793977576,17.280898574659144,27.678327088209038,20.81927948409682,93.5228633213453,43.3298213229306,,38.094716660741504,,68.81750580501344,5.509822678153033,49.61603392926111
2008-08,2008-08-29,grid_20qvjmd3.xlsx,85.99562426289764,16.518892922971936,28.42335861134911,22.097216644131727,95.10740524503399,43.39486621406194,,40.64625116290529,,72.73626956717594,5.549448583173511,51.43408862883048
2008-09,2008-09-30,grid_20qvjmd3.xlsx,101.36285507605001,15.20950612491684,34.195930558256535,25.52073870834377,98.84647031374057,37.628041298574914,,41.29048764056505,,81.89666549228554,,56.51635720932065
2008-10,2008-10-31,grid_20qvjmd3.xlsx,93.18242680494386,15.282032013615613,35.05663943095754,23.494280045474447,93.70619297941863,35.92282869456231,,44.50810296788904,,81.67498774259559,,60.222794336353545
2008-11,2008-11-28,grid_20qvjmd3.xlsx,84.19157375142204,14.243017324913133,35.26495249498088,24.3484665162981,91.27772855435514,36.64625301848435,,40.806232612215325,,78.19454758507109,,61.334479555553536
2008-12,2008-12-31,grid_20qvjmd3.xlsx,78.75194450549053,15.73115711459711,35.733758646661364,24.907312392054408,79.30001194889653,35.730114157753825,,41.822686614570685,,66.63115369512573,,64.67746546119358
2009-01,2009-01-30,grid_20qvjmd3.xlsx,78.39155179401924,15.009262903844656,32.646567769447934,22.919501370333045,73.02194674355223,29.79113461270736,,39.089317679093064,,56.37141116316424,,64.9739109888313
2009-02,2009-02-27,grid_20qvjmd3.xlsx,79.50428102409558,15.128888476466997,30.87695851976414,22.066490817353923,73.70304646367345,30.129885475263073,,37.99659869914309,,54.21619161294424,,64.45123801262082
2009-03,2009-03-31,grid_20qvjmd3.xlsx,70.76029727119388,14.77951278022595,32.062623383990044,23.785022841006892,66.7949920230408,32.66971623886341,,39.48496404051699,,42.24715774464756,,68.4060748667785
2009-04,2009-04-30,grid_20qvjmd3.xlsx,64.47373780845732,14.760983338488561,31.39082916975033,24.31556777954266,64.33112571363912,33.535894384081935,,38.03674570751547,,38.848102989511055,,68.14854183173901
2009-05,2009-05-29,grid_20qvjmd3.xlsx,65.33332239123276,14.969471952474853,31.921854147504426,25.985438963651458,68.42034815194552,33.712448053664815,,35.679681353937305,,34.507892314672496,,66.965940266508
2009-06,2009-06-30,grid_20qvjmd3.xlsx,63.18859591842969,15.590828519239952,33.154578051639795,27.657865267788246,68.38291579473565,34.14873831605245,,32.66272495045472,,31.93367388007523,,65.37916981550627
2009-07,2009-07-31,grid_20qvjmd3.xlsx,60.84287381800523,15.528292944621064,33.22451779368732,27.860899125455457,69.08327030904758,35.463281382264825,,32.065856388124686,,31.24639342262893,,65.72808182717873
2009-08,2009-08-31,grid_20qvjmd3.xlsx,59.59872144219764,15.714300309525397,35.5717623644749,29.316859404433266,69.06098054070104,37.24845188746666,,32.05946218775806,,30.521537585319454,,64.84978532203813
2009-09,2009-09-30,grid_20qvjmd3.xlsx,65.08128944827104,16.827045279266137,36.76021269167105,24.738495158948666,72.283660274592,38.491780331051814,,34.844119508445644,,33.37855644346014,,64.09879220240326
2009-10,2009-10-30,grid_20qvjmd3.xlsx,68.34684133154376,17.39106593949396,42.26122647897238,26.75795290914772,74.52371711608777,39.834886898059736,,34.39824982055621,,35.725870851863505,,58.981290647150686
2009-11,2009-11-30,grid_20qvjmd3.xlsx,71.97750038427716,19.117476098962218,43.22571563383695,29.697682180136397,78.65496195351423,41.48810661259872,,33.16174431756851,,35.42132013630185,,61.31844671891721
2009-12,2009-12-31,grid_20qvjmd3.xlsx,70.80443096114776,19.286839980187494,46.88085809363374,29.30935322140741,80.84287405019654,42.37761093316384,,32.901588439646154,,35.83183888174091,,62.88387002820306
2010-01,2010-01-29,grid_20qvjmd3.xlsx,68.72509909530027,16.029295300590164,50.70357213566885,27.389479752259867,79.05888196088605,40.31793371358104,,28.692170129357624,,41.218663112726404,,65.25073446222332
2010-02,2010-02-26,grid_20qvjmd3.xlsx,68.98381580464718,16.026642845006197,52.71184959112273,28.140017900201002,77.18439248024904,42.123953375762106,,27.43446434930647,,42.140942551025454,,61.3977900492523
2010-03,2010-03-31,grid_20qvjmd3.xlsx,76.65328470414312,16.199860099695123,53.38361983372787,27.005908433683818,79.07047109822737,43.201234239717124,,26.936039195495542,,52.80065886175523,,68.32132735806515
2010-04,2010-04-30,grid_20qvjmd3.xlsx,78.2009178355586,16.97296080952249,54.02335903928706,28.018076464564263,80.76879350307223,43.054475655359894,,26.62988590820994,,55.98794431853445,,65.91979001159422
2010-05,2010-05-31,grid_20qvjmd3.xlsx,73.04908055339754,16.21331102566538,56.7512925113916,28.0748869190276,73.8574695827949,37.88340565685081,,24.28295487880895,,62.67270446006984,,66.89173498408765
2010-06,2010-06-30,grid_20qvjmd3.xlsx,70.91859973368419,18.606670535467526,59.35033531349352,28.51763686218754,73.4522984965967,37.97171484052457,,25.262575711133838,,63.75802930775446,,64.59345349414968
2010-07,2010-07-30,grid_20qvjmd3.xlsx,72.16504041584511,17.539223001640973,61.9508819976913,29.522013672612964,73.71071676712255,40.10732923969878,,25.05003621776615,,68.00705268392873,,66.4733902494831
2010-08,2010-08-31,grid_20qvjmd3.xlsx,74.44993334787473,18.593232393202968,65.22492179465354,30.67456528810831,70.97869382729803,40.276121672142274,,25.24774675105882,,75.09134877798593,,65.90744851322718
2010-09,2010-09-30,grid_20qvjmd3.xlsx,81.0451495840498,19.068082815261437,67.20201333777743,26.841302870888374,69.73092111200201,43.32155748992265,,28.12723739296594,,79.81108313354137,,67.48022971064869
2010-10,2010-10-29,grid_20qvjmd3.xlsx,82.35794703659795,23.412118433370217,70.14910548466393,29.156319108858586,70.5618094725593,44.29908535846616,,29.644950290450662,,82.89126910425715,,68.86199509956586
2010-11,2010-11-30,grid_20qvjmd3.xlsx,85.39163773283157,24.623973886220753,72.49245971003693,30.251269585887446,72.43465867536266,45.20749811044744,,31.087280647184667,,87.79469427274603,,68.57346525457369
2010-12,2010-12-31,grid_20qvjmd3.xlsx,89.50420694309157,25.364088404374343,74.95779086425645,31.513815912170333,76.60745358935073,45.94537247607687,,35.4644296925694,,88.68522333789613,,63.60575304797518
2011-01,2011-01-31,grid_u4lflnxf.xlsx,93.622474823225,26.411578991914457,76.56278338087425,28.644926981978386,74.87206101814658,47.66856207139196,65.79809670280162,35.84193178623903,,90.46033252384574,,64.75280637665233
2011-02,2011-02-28,grid_u4lflnxf.xlsx,95.42530018945182,26.756669097271956,77.63348685828292,28.86227113007508,73.39375258602365,48.84500169653052,65.78039971889963,35.889022275311156,,92.78206710073856,,69.38813861073078
2011-03,2011-03-31,grid_u4lflnxf.xlsx,93.87492585304071,27.756929231343076,76.77438341541573,29.71050859725633,74.12585444443309,48.97387046716648,65.22799872976903,36.41181464453983,,90.94334583487006,,67.364393648597
2011-04,2011-04-29,grid_u4lflnxf.xlsx,93.60278297206813,28.98818906892217,72.54068471003586,30.879799447942784,75.43647119440867,48.38345562750071,66.63635870735416,38.86874412617038,,96.20903008055065,,66.00796566259287
2011-05,2011-05-31,grid_u4lflnxf.xlsx,88.79510927103283,30.946328319484717,74.32862726360308,35.71382605336099,73.02309729747888,44.653988735116236,65.60745752913384,37.667794795973094,,93.00900733311954,,63.97974783223713
2011-06,2011-06-30,grid_u4lflnxf.xlsx,95.37572666649791,56.029803710757584,74.08083825042976,36.8096890402661,77.53589230897572,52.08804021731576,62.33057844614699,37.24650311671554,,96.86372866605622,,65.54852829012171
2011-07,2011-07-29,grid_u4lflnxf.xlsx,100.05162176107278,68.68181463704228,74.01185274109095,36.51254598306991,81.59881899801822,51.33810643486755,64.75577920281684,35.7504552522517,,101.73935331853745,,64.26650463245964
2011-08,2011-08-31,grid_u4lflnxf.xlsx,95.7762546813522,70.2008593711551,72.31433466343402,42.500766976675166,84.59019218178018,50.028010377068895,52.01532401737667,35.54682261895153,,96.61888817234464,,66.02064755599021
2011-09,2011-09-30,grid_u4lflnxf.xlsx,94.91316752937267,69.13501488979922,71.71534634622981,44.05068159111592,77.79177258787615,52.49862026476614,47.8468989357501,34.144239043952105,,91.56279004643089,76.55981763237901,67.76541159555734
2011-10,2011-10-31,grid_u4lflnxf.xlsx,91.55892187554547,69.79896275818109,70.758934386302,42.506903723397244,73.17998902309483,52.004760497978594,45.508107856567065,33.74707643735976,,88.92205664937757,79.12180727320556,66.52376838114364
2011-11,2011-11-30,grid_u4lflnxf.xlsx,93.17168153158242,72.43087887203073,72.10239278158258,42.659452607841786,76.07585031324618,52.20215858968452,34.700702561728114,36.014483189536314,,88.7643565742861,80.69465549749692,64.76836370883827
2011-12,2011-12-30,grid_u4lflnxf.xlsx,89.89050539408605,73.10498100994253,77.68375588030196,45.05646684778991,73.97578210439441,52.8191464257773,34.85309252714895,38.87721921764813,,84.35218158846321,80.7534129300274,64.86473245553776
2012-01,2012-01-31,grid_u4lflnxf.xlsx,84.7361013934513,68.20091024120991,68.90555612059319,47.299729470297166,73.1466253123277,53.155130287232254,36.77568760043851,37.35908482010041,,82.5970940505032,80.91026941264846,65.92721453791009
2012-02,2012-02-29,grid_u4lflnxf.xlsx,75.95087452124766,67.74176179034919,66.12233617820678,46.45027891609814,68.01613587905311,52.86636688693701,37.8560394646098,37.720661500686596,,72.05837209838492,82.31626524401909,67.11756720652576
2012-03,2012-03-30,grid_u4lflnxf.xlsx,75.00193998290734,68.7235310253382,66.08024959947056,49.45018114352613,69.38731269480533,53.285219538635,38.15272226182087,41.11776335842038,,70.30453662364962,84.4934280603833,66.46744071300351
2012-04,2012-04-30,grid_u4lflnxf.xlsx,74.81905264248782,51.372384789087135,63.7472093429734,50.20890144083218,68.49244860788868,51.20779893463262,39.32926063190685,43.78974754885985,,71.38435529117308,83.08510028004157,70.42861506843643
2012-05,2012-05-31,grid_u4lflnxf.xlsx,79.63429469241265,52.65542634679756,60.983222855133626,51.94327149541493,71.77656633331196,53.74769259587485,36.117459065506964,45.367820624222766,,77.73330968090077,84.58004673972896,71.1104348333107
2012-06,2012-06-29,grid_u4lflnxf.xlsx,80.04198270007693,51.436600567786506,57.015868403057,51.08976871757972,78.12596412464778,52.46208518691684,36.11898242501181,45.89053154754896,,81.11744080804817,86.85961490450265,71.177600876684
2012-07,2012-07-31,grid_u4lflnxf.xlsx,75.53783395034598,48.6166514929704,54.1373827871923,50.74271645730325,78.87839653490738,52.060113290459554,37.26168606637919,44.9229901608688,,70.44875581510524,82.32695910067467,73.73345925495545
2012-08,2012-08-31,grid_u4lflnxf.xlsx,71.59310152261374,47.82938953014591,48.245582467927726,48.69899534666144,76.53289297393991,52.92994420869872,36.72784648411771,44.620153096800664,,63.24568410793595,89.11879741949461,75.1338242016547
2012-09,2012-09-28,grid_u4lflnxf.xlsx,69.52868073882938,47.352987515070936,46.54095558397231,52.27904580973013,65.74489709495067,49.6438136683807,38.10699432134223,44.231742315756186,,57.502027165795255,88.35754220878637,68.6347681781724
2012-10,2012-10-31,grid_u4lflnxf.xlsx,67.47360346415817,48.688556687963086,46.22051656181883,55.378103434370566,67.44420425760589,48.67521497990822,39.14899782783931,47.3377086533724,,54.23375057498671,91.5137698619128,69.95493055968399
2012-11,2012-11-30,grid_u4lflnxf.xlsx,64.63909068088213,49.72098891651513,46.05625616549832,55.90417999249424,65.5288959323529,48.919667380462926,40.57483980241301,48.46047296162828,,52.91495938338278,93.86541320089508,53.83050137770431
2012-12,2012-12-31,grid_u4lflnxf.xlsx,66.08702572104183,50.03938311010726,46.356746255304486,56.72034335350212,67.12517917737173,49.52277249409454,43.3379365355628,48.170824480002175,,54.260391477368294,95.8055982824248,53.98887105774202
2013-01,2013-01-31,grid_u4lflnxf.xlsx,61.96637285617484,48.72425074704597,47.06558786123577,59.05509352465362,65.2103229622281,48.865939334284256,42.22118565850585,51.498722146979745,,49.76655411030015,97.14484371383281,45.2658511228701
2013-02,2013-02-28,grid_u4lflnxf.xlsx,60.84872757751035,52.061441746757076,45.507931608671484,59.25437939180224,61.96079124469396,49.08234699823426,43.138077889419236,53.049672130905336,,53.35003613770394,98.91167699341716,52.510514633004114
2013-03,2013-03-29,grid_u4lflnxf.xlsx,62.76304672777739,52.916298390768546,44.485388403895215,59.80041326927569,69.81044624724711,50.317435880713305,43.30165128667131,55.095189041502856,,50.047808089981814,100.35669014877058,54.35614630668829
2013-04,2013-04-30,grid_u4lflnxf.xlsx,67.49659132528537,54.8307125485498,44.316641212286086,59.07477915632261,75.51689458910283,49.77875443475863,43.733082431248924,55.74678739899126,,52.023766841558285,104.0460330023967,53.01357345457242
2013-05,2013-05-31,grid_u4lflnxf.xlsx,64.40790292907305,51.28410908751404,38.64637738796567,56.23421006287713,67.22842663634347,52.03773977090177,43.02878219677703,59.34436351943211,,50.02382031861313,86.9381305344924,50.61770961203072
2013-06,2013-06-28,grid_u4lflnxf.xlsx,62.8042582168647,51.12128758635323,40.62018689654383,58.6637208368193,70.05208291121558,51.52838963968137,41.129468967624305,64.17420599800512,,51.07588360857795,86.46712281601987,54.41987826218826
2013-07,2013-07-31,grid_u4lflnxf.xlsx,61.37208234060213,49.10199957915552,41.924034147076604,61.307679725358625,68.06586430879271,51.48639283179831,42.59948307856422,62.367228818193865,,49.15074117944082,82.68859344143792,54.66921684686072
2013-08,2013-08-30,grid_u4lflnxf.xlsx,62.25740346201189,49.9494148158402,42.38372387096875,61.623426362634724,77.76477010791756,51.82726574919083,42.91561011356517,58.65080528356875,,47.2460805707449,82.81149284646871,52.379300082591506
2013-09,2013-09-30,grid_u4lflnxf.xlsx,60.79161826406191,42.65406654335293,42.199722391896785,61.283282695165084,64.15288643918097,52.80965649848059,44.574933758503676,56.24052537486315,,50.08860208650816,84.4560115940461,54.136313135509404
2013-10,2013-10-31,grid_u4lflnxf.xlsx,61.561798701057555,40.883103748865274,42.429489000793005,62.82965621889258,65.5068544473423,53.43459504487371,45.79293221477849,57.515928198878754,,48.22880422298623,81.40827053086674,54.075839504630764
2013-11,2013-11-29,grid_u4lflnxf.xlsx,65.72729473102818,39.15006244917455,42.61466836351102,66.67289670170513,80.28731955745158,53.79746103796003,46.16655338142658,60.510363829013016,,52.0304177633008,82.8556935867485,54.2914283017729
2013-12,2013-12-31,grid_u4lflnxf.xlsx,64.80547640894807,38.83798881651176,40.261248692008486,67.84612284972697,84.05260056974811,54.294314297039584,43.9066832805063,60.83633886667218,,50.50021835040801,81.39649941797045,56.02363128246459
2014-01,2014-01-31,grid_vtqvtw11.xlsx,74.6442413018867,51.98003138848472,51.257230098121,89.42249685927848,81.7782377316168,57.104203871949565,40.800596495326644,67.67726891267839,,63.92823164061999,79.58745806980923,58.57023548250272
2014-02,2014-02-28,grid_vtqvtw11.xlsx,74.47838559307536,53.93352988761732,52.94682325814215,93.19539634805419,79.3275645564878,59.131221282774064,43.65251512367757,66.93021286209992,,65.44944678363585,77.491823527251,60.72343737910029
2014-03,2014-03-31,grid_vtqvtw11.xlsx,77.18554224822728,55.480548313962665,54.03764863097713,92.77524659021346,83.55499318653531,59.75957367301322,46.16997986833664,66.97704071205114,,67.08922014621835,74.65269886587048,59.22250912567908
2014-04,2014-04-30,grid_vtqvtw11.xlsx,77.33672657741026,58.18863624523014,57.088518825029446,89.12244792190963,83.58682206988315,60.38997831617737,47.451834817607484,63.841749571919394,,64.42869305977823,75.53007340165334,59.05399977188273
2014-05,2014-05-30,grid_vtqvtw11.xlsx,79.44776373632074,54.41428716184647,73.04081488918982,102.0228422740227,80.30460865669376,63.7935534359233,49.8187614434155,76.86675878772742,,64.6557563704194,76.52139165655937,61.38109135648474
2014-06,2014-06-30,grid_vtqvtw11.xlsx,78.55993386753688,52.585569663587584,73.93135945042273,100.77659544793309,81.13848278093378,63.54703795310739,51.92764507359878,77.23245039528662,,60.64200831466169,75.64507663388196,60.16510577265544
2014-07,2014-07-31,grid_vtqvtw11.xlsx,80.24282319091476,55.891472912724495,84.40666826898853,100.05138761647157,77.90170909286485,66.34605757471863,51.04492721315079,75.62601181778489,,58.38134695164845,71.22250047810368,61.25063588463991
2014-08,2014-08-29,grid_vtqvtw11.xlsx,83.50345212756434,56.624828289053276,88.99393172385464,98.2382807331802,79.5744254073963,69.93265933476744,52.24985924744462,77.35670155655386,,54.87433960781729,74.27951050174299,60.028687097451126
2014-09,2014-09-30,grid_vtqvtw11.xlsx,79.81670170358113,53.8492005330441,99.18311404774546,112.61944429629445,80.98206614786014,70.50843287785682,53.335384131386974,73.72922834242458,,51.933857872987275,73.46741997374124,58.14524388957628
2014-10,2014-10-31,grid_vtqvtw11.xlsx,74.54041405613599,57.55022298371948,101.70231638567596,113.0795635520984,77.4499730123337,73.05874632104961,52.67974082219424,75.35065884391113,,40.31356085501942,73.00788342233514,56.03843161569165
2014-11,2014-11-28,grid_vtqvtw11.xlsx,72.05779659439492,59.42504864344359,104.0795394819431,114.21998287054413,74.67797414862655,75.01311188453926,53.337506591926996,75.22363779065707,,37.19934284571861,72.16194384635247,54.42247627833973
2014-12,2014-12-31,grid_vtqvtw11.xlsx,66.71939039477238,62.75062980364249,106.76979466201597,116.57782733034425,64.7334403523958,75.2280416325401,54.93583091809512,75.22363498106377,,29.780088585891523,66.00690431311716,47.535060738023475
2015-01,2015-01-30,grid_vtqvtw11.xlsx,64.7549413762231,66.79065940762625,106.66230240703001,118.13858520665703,54.715983450958596,76.50975391651454,56.4997702735464,76.51684464011126,,24.88899691083997,64.94833776615086,45.79453299364674
2015-02,2015-02-27,grid_vtqvtw11.xlsx,65.33902490584804,63.17886958175352,105.09760605212864,119.38252751979354,53.17718439156652,77.99165936594201,57.98577671551526,79.01876049840601,,21.079249909762353,65.50959157185035,42.44911874440429
2015-03,2015-03-31,grid_vtqvtw11.xlsx,62.919767211478714,67.15597484482608,103.94265217897767,122.27634300180019,48.10981391657854,77.75092740132796,59.75940770216637,75.24543388365815,,12.827559291713358,64.46418869277551,41.64996229040098
2015-04,2015-04-30,grid_vtqvtw11.xlsx,61.19821349631962,69.89473105484612,103.38883411459221,122.57615250185785,43.605467546994845,78.10591864609144,58.288288789847286,75.31530797412125,,-0.2567368768032981,66.61749512068879,42.282316605550164
2015-05,2015-05-29,grid_vtqvtw11.xlsx,62.51250062792912,72.73445795339859,107.87301590027928,122.23901367766116,49.72242393556244,78.62417165829848,60.0115966738607,74.74762638249689,,1.676461042821751,64.77738767233349,43.526475044847075
2015-06,2015-06-30,grid_vtqvtw11.xlsx,64.74448803318528,77.37524234523225,108.96947267319999,126.69032669197537,51.697419529561905,78.21541177988321,59.40836172794847,75.73127240555141,,2.5690459621843007,63.42413584584441,42.08295120030963
2015-07,2015-07-31,grid_vtqvtw11.xlsx,64.35981318413353,82.32789247744195,110.50077850736419,127.81640607191527,52.781333855023185,78.60181634236454,58.622346358700874,80.35545730156586,,4.17436829564722,59.68764346979697,43.03474036669709
2015-08,2015-08-31,grid_vtqvtw11.xlsx,63.14188429869997,82.28264274241867,112.27443384593909,130.08264603397592,49.40165940353877,78.44024315909728,58.50638405636642,81.8415319837743,,6.000509520706319,61.96182207124332,42.50988450234224
2015-09,2015-09-30,grid_vtqvtw11.xlsx,58.194800960626814,88.64986554110985,116.35860412076615,120.73651215860875,41.6987189969892,78.90505306027585,59.962765399302334,85.91819475312798,,3.925695955685044,60.44210484264435,39.979470244108704
2015-10,2015-10-30,grid_vtqvtw11.xlsx,57.76739812299607,87.30974093341761,118.83424488354197,132.7722612479147,41.52017662446655,75.06585178049201,59.512362153371335,90.23308549645073,,8.44531918552007,57.396730241615316,39.92409929666683
2015-11,2015-11-30,grid_vtqvtw11.xlsx,58.040168349929864,87.99739765463175,118.73411186478435,134.47473828328296,39.51693798542207,74.18128618747451,62.15166467225848,93.66277748634255,,9.719083172565139,59.60139450009297,38.985326404173016
2015-12,2015-12-31,grid_vtqvtw11.xlsx,56.35039211081667,86.81883730632953,121.59894655392856,121.55259631972513,37.31022972121799,72.9295872280695,67.56297426436645,94.63477134675819,,12.2981366162204,65.93120824418722,39.17563487981708
2016-01,2016-01-29,grid_vtqvtw11.xlsx,54.032925054010924,84.51397191470433,119.42390961129676,127.84227476098931,27.983665085989013,72.31239133892802,67.85212529122389,95.3149345524688,,6.636707738377612,65.13975497650873,41.79113015726833
2016-02,2016-02-29,grid_vtqvtw11.xlsx,51.70563354093274,87.6909731111704,123.68795225273712,120.95649819734129,25.867107913204197,71.299676319397,73.02563329471266,93.88769209309899,,3.376901648256805,63.34661026814937,41.9856912678245
2016-03,2016-03-31,grid_vtqvtw11.xlsx,52.07614966330365,90.38338133237114,125.53949215475136,119.76881554927101,17.086366554616333,70.7389043628803,76.63901437070363,87.39718254898146,,7.265908491403265,65.8700571516104,42.6230969480506
2016-04,2016-04-29,grid_vtqvtw11.xlsx,51.791863821069754,91.12015410367177,128.53790308279284,122.46517764827993,18.311047716829616,70.0312851312131,81.83295239705785,83.61535279591004,,7.229731410708295,69.41747319216809,45.21635513218536
2016-05,2016-05-31,grid_vtqvtw11.xlsx,54.1467704749509,94.57807304330623,130.88392812170477,127.88326506260155,22.210103077166895,68.4366787248975,86.1476493348431,85.06952360055425,,15.152899958148438,68.92903195501023,46.443300970177035
2016-06,2016-06-30,grid_vtqvtw11.xlsx,54.885361635499684,96.19251603850084,131.23207098011187,125.80907031989896,25.311013023327796,68.30834368383911,84.18685767542046,84.78942028840832,,17.01453617961878,69.61232560239068,46.60596529578302
2016-07,2016-07-29,grid_vtqvtw11.xlsx,55.44581963432446,91.58478839961398,131.47578572509067,118.50535942730657,30.700654299536613,68.85595819375887,86.01070560422694,81.17880562792676,,14.365055606238473,67.42770083877096,47.08066434370747
2016-08,2016-08-31,grid_vtqvtw11.xlsx,59.107637130977096,91.95593415621452,132.31158223744612,116.4186621437947,37.45584842807664,71.2216267325626,85.65548974216657,78.6549015845778,,15.48786304604732,66.61945619419721,48.899355526488215
2016-09,2016-09-30,grid_vtqvtw11.xlsx,60.150230708157146,91.62347252897743,135.21568327341794,121.86171211401415,35.41913924389402,71.66021520591592,90.38194346326803,79.43915660938934,,19.571362102911703,64.61897296305153,52.72076577695286
2016-10,2016-10-31,grid_vtqvtw11.xlsx,62.125965827465556,88.59416523466933,137.3864019965485,114.03045221203566,35.678445583878215,74.60134217130982,89.55907728624473,79.33937309144407,,19.16355166226877,60.59869638300904,54.120639999778675
2016-11,2016-11-30,grid_vtqvtw11.xlsx,63.652861618339095,91.22148696851806,138.7820697142361,110.0784040022595,36.072148497505516,78.18917808272174,91.65184258334396,77.84642808803139,,22.189173984137227,60.8261532716042,54.611127400504856
2016-12,2016-12-30,grid_vtqvtw11.xlsx,66.15940732251467,95.43191692800693,135.826834707222,109.25455761191114,37.891716849715486,78.57210116859387,93.62092419846068,77.99115718474646,,33.661732654306135,61.24425957046675,52.400595458081476
2017-01,2017-01-31,grid_ovzcidwu.xlsx,71.7803452598888,94.73747692960201,135.20970693764443,112.47762249337565,44.333298098486196,80.50986437246632,95.72242165157549,80.20123396306356,,43.823332724718455,63.42250416040775,54.30798530542703
2017-02,2017-02-28,grid_ovzcidwu.xlsx,74.89988745959847,93.64511654423056,133.7096672096576,117.29012949445936,47.41168066549559,81.78699825738089,96.19209570154807,85.87339685222602,,49.21215307364106,66.73885941732931,59.4892643845644
2017-03,2017-03-31,grid_ovzcidwu.xlsx,76.13159117286482,95.22654874272473,133.7330409261753,116.21607923256725,46.43139961889082,83.56405160087664,96.8934145862813,80.3815300350808,,58.94157736638783,69.25457919943037,62.18311954916086
2017-04,2017-04-28,grid_ovzcidwu.xlsx,74.01810270856274,85.45804042009907,132.06618966330416,110.7980263707006,41.54732067583412,83.9360673096222,96.66878567925177,81.45468389702903,,57.92877819805097,70.42571787058178,62.105240218947465
2017-05,2017-05-31,grid_ovzcidwu.xlsx,73.35019693345784,88.38377414474847,137.13651994876898,105.93264433931098,50.78397906654006,82.73884448070459,94.32984473896408,82.36742431843544,,56.489475668999255,72.43184647969049,57.536092429494154
2017-06,2017-06-30,grid_ovzcidwu.xlsx,73.20939461093803,89.13306204778347,137.54802732362975,110.9956714581407,49.27927753885705,83.37834860021033,94.40980714494707,83.53836243074647,,52.33951929592779,79.1580591131593,69.0203351533388
2017-07,2017-07-31,grid_ovzcidwu.xlsx,72.89443224857162,88.10740569812933,135.1955148491921,110.79403782632828,50.9395577002248,83.99525675380846,93.83112983868251,84.51667224654244,,48.61817541457603,82.18784616653971,67.86213754676996
2017-08,2017-08-31,grid_ovzcidwu.xlsx,73.21219315401258,88.71124189128933,136.6862368905398,110.12478778682069,47.5964485739117,86.0076796988281,96.05845882161897,83.05388895093583,,49.3253530221685,84.32826668588315,69.40489679211525
2017-09,2017-09-29,grid_ovzcidwu.xlsx,71.63123167604687,87.56098785838353,137.63174628005768,109.48458012603786,45.74022888147529,84.95896886423509,94.55732555525212,80.90678350013027,,48.33984479459457,83.04963106114698,69.69988466539903
2017-10,2017-10-31,grid_ovzcidwu.xlsx,72.10478230711789,87.96500842045573,140.54602930933783,110.9948225118249,43.83832189022003,87.27944541869383,97.93984872887229,78.73653274541164,,45.57014266337532,84.83008255033675,71.06983284049393
2017-11,2017-11-30,grid_ovzcidwu.xlsx,74.31169679572666,89.24247975668354,141.40635434077265,114.02915083313196,44.64462837459816,87.23518251837157,101.4055667185241,77.95009623065488,,53.27306341644644,87.87281861241922,71.6410332052756
2017-12,2017-12-29,grid_ovzcidwu.xlsx,77.22895663097998,89.27214285562629,136.76231708315598,114.63959524057401,50.62197761613546,87.42826724405161,88.52513471933601,76.5608705878075,,61.74617465572485,81.31153211854958,75.53623565639768
2018-01,2018-01-31,grid_ovzcidwu.xlsx,83.7965350891442,91.85837493532603,135.19448316965236,123.30380999888612,56.34888201830003,90.26743963060706,89.03572665736176,77.67240039608046,,62.751363547556814,81.78045048112685,74.68210027302186
2018-02,2018-02-28,grid_ovzcidwu.xlsx,90.62184137798855,90.89840562101568,131.94374774253487,128.79479761800133,67.24416833573423,94.25696358883279,91.40043154310212,73.21461132510781,,64.85864340775399,81.8061468871404,78.55519443972685
2018-03,2018-03-30,grid_ovzcidwu.xlsx,94.51687029839894,93.01683372288072,129.85283330465523,140.00830451557874,71.01671658687997,96.88102897930352,94.07050892598326,74.6064783654502,,66.25375936278569,82.01432794821031,64.61679619866115
2018-04,2018-04-30,grid_ovzcidwu.xlsx,98.18302032910425,88.25885542088943,126.85858375273686,137.9248900692848,75.36620939554504,97.54069700683459,92.6426236499989,75.24131789929473,,71.6701419674297,82.83206992879309,66.7472457478601
2018-05,2018-05-31,grid_ovzcidwu.xlsx,100.56530200495628,91.63689464664544,111.7181647028774,134.1158373641339,85.15023518140352,98.5344973583958,93.17344313484861,74.43668316815096,,77.13504599308565,86.2834783600875,75.95047286587274
2018-06,2018-06-29,grid_ovzcidwu.xlsx,100.81826623174727,94.16148484960593,108.06972216571262,127.53452448327704,88.00146039656322,98.69708944491529,92.10077778507002,75.43298001925356,,79.49197616380388,88.26405235767861,72.36575935312858
2018-07,2018-07-31,grid_ovzcidwu.xlsx,106.56075726276642,95.14369126612335,106.93788794504509,125.2894599468493,92.407792086221,101.09653438943893,91.93945319909919,78.03566523916669,,83.7189098960039,87.88696505013925,78.13371695392249
2018-08,2018-08-31,grid_ovzcidwu.xlsx,110.167007509179,94.35631866466657,105.28607437798978,126.77237303006179,101.29608139701425,102.07715026753452,95.67016723683192,75.68676903839308,,83.57135803793786,89.02122732335135,79.89037628482183
2018-09,2018-09-28,grid_ovzcidwu.xlsx,121.86935729404236,96.18657235752137,103.93616565794497,125.16789001689656,109.60510575186345,104.08205692966061,100.24290185694531,76.59864893884485,,96.13722597659066,88.65198002055014,82.7346616759828
2018-10,2018-10-31,grid_ovzcidwu.xlsx,129.38840010527213,99.52433057372532,101.01374688847011,114.81056297643167,125.70197092688214,102.90414596866735,102.43215988071088,75.6232518182024,,97.96847919472104,89.68295694982864,78.07809533792151
2018-11,2018-11-30,grid_ovzcidwu.xlsx,125.29556611784307,99.42126490666338,99.53066050655373,114.60435263476631,120.65067815091774,106.1154821806231,103.11428321353424,79.96289318353053,,97.34103169959843,91.27863088861453,67.198069948859
2018-12,2018-12-31,grid_ovzcidwu.xlsx,122.46147976515644,97.20829279359444,99.00967692383644,113.22994551791949,111.45782148776718,109.99566150541584,102.95643011167483,80.15434297347565,,100.79667454625239,89.5271871847259,67.81769778404843
2019-01,2019-01-31,grid_ovzcidwu.xlsx,116.23731404623211,98.28671811577344,108.37756331802957,114.13930948204332,104.27820083627057,106.8350756018725,100.74873305581285,75.55827862066732,,97.80918212807427,89.9728175030227,97.40629009026141
2019-02,2019-02-28,grid_ovzcidwu.xlsx,121.1334272108064,98.62165764470905,109.4803618201355,110.66648561071561,110.33191230012062,109.44970070045478,100.61075905895581,78.36164874406984,,100.14855571784274,88.81912054097863,97.68491179139319
2019-03,2019-03-29,grid_ovzcidwu.xlsx,124.49854788430255,97.83427055863027,110.28101433014375,107.69262637718707,107.9551282060297,112.25930278719652,98.49278267507245,77.92041370343016,,102.59084666423949,89.85716976923308,113.193109717435
2019-04,2019-04-30,grid_ovzcidwu.xlsx,123.09190398933909,97.79078245543448,109.454202616526,108.64321915726644,107.68054428327352,113.51873969511969,99.49096457555908,78.88426581662905,,104.90255699175091,89.86480116531062,106.49514622131898
2019-05,2019-05-31,grid_ovzcidwu.xlsx,119.48729389280427,98.62003230415674,112.71308000996581,107.87001654410948,109.52202325793863,110.28325441962666,102.42431791851278,78.80358283661877,,98.63453781143173,90.55425521976855,107.24958373470147
2019-06,2019-06-28,grid_ovzcidwu.xlsx,120.30823456062151,98.55644258296887,109.57087505001661,108.14371810649592,111.94950871516028,110.37462913144563,99.03813404009149,82.38990842367852,,97.10271153218658,91.14784774857182,108.65650356816259
2019-07,2019-07-31,grid_ovzcidwu.xlsx,115.86169109810042,101.49553504156188,106.80846133889222,111.01185800706435,111.56577202808668,106.98250491226634,98.65744515789221,87.14097929115775,,103.43938641108596,91.91513203480832,99.6867469009736
2019-08,2019-08-30,grid_ovzcidwu.xlsx,109.99893207735592,103.50960267152796,113.04498232956266,108.68091326058563,100.66985489201772,106.32520238502966,98.13481766868334,92.19653863544954,,102.06125906324468,93.19639053388735,117.24754070863167
2019-09,2019-09-30,grid_ovzcidwu.xlsx,110.3784433208379,103.35144530610691,108.02435447841061,112.50109978936409,101.00029788233952,105.03009634993235,94.42363950335476,93.51755901838766,,101.92337371023088,93.76026816648955,106.73556418773447
2019-10,2019-10-31,grid_ovzcidwu.xlsx,109.6761343264131,104.15806261895568,104.04984927706005,110.6118454457478,94.35488639145329,105.46045061285041,94.6327675748769,94.01888728696325,,98.87829328996837,96.22868943188165,106.74354184222904
2019-11,2019-11-29,grid_ovzcidwu.xlsx,107.6522921551917,102.5780967500015,102.42254228635093,113.42955542250965,97.65412278216296,103.91742285905794,94.38074617898494,96.93347204871226,,96.47602863111918,98.10007928235312,97.1779611479484
2019-12,2019-12-31,grid_ovzcidwu.xlsx,107.99500390332399,100.61627671653983,101.08523380369607,108.76014695505805,98.37497422932813,106.75518146742542,95.58418757988805,99.28420722778395,,100.03000274139818,96.22895509445136,96.49423549687245
2020-01,2020-01-31,grid_1mk3z2wn.xlsx,100.0,100.0,100.0,100.0,100.0,100.0,100.0,100.0,100.0,100.0,100.0,100.0
2020-02,2020-02-28,grid_1mk3z2wn.xlsx,99.45715468623058,97.7755203653247,98.94744628466302,92.89802451623345,99.33844931203436,100.72333654671188,104.55942261921626,104.59759899573487,101.40143679301765,99.48472771427768,104.88137504622497,103.52455560567665
2020-03,2020-03-31,grid_1mk3z2wn.xlsx,86.18745477733046,102.00634072908808,83.00817760836077,84.23683595337069,37.66630116534002,99.73931573168258,107.06631848147734,99.50530740430254,99.8666195989701,106.39294363691934,74.18347678935086,104.86008041085928
2020-04,2020-04-30,grid_1mk3z2wn.xlsx,72.74271288137525,98.5385925081004,71.91437495896137,73.3481727875082,18.27044810449296,91.29166238817945,103.36294161170785,79.35838327500547,101.35656412095138,96.97295064515535,58.14367815059035,100.42821441582778
2020-05,2020-05-29,grid_1mk3z2wn.xlsx,68.03733855312389,97.05802192773741,69.8524629295606,69.00777143767772,5.65938170564204,83.02719765803349,100.36144995644247,67.20481441914171,104.49410183357803,106.88443275422816,60.5624548304622,88.08430331194137
2020-06,2020-06-30,grid_1mk3z2wn.xlsx,63.281528866482375,94.81291488444784,66.93026943354589,69.14105241411796,-3.190225061550488,73.21609697403836,102.11345804374434,61.25821572687946,104.19233384363832,112.43667514651135,67.24643012369785,97.16783806524798
2020-07,2020-07-31,grid_1mk3z2wn.xlsx,66.99370605846902,89.30425495980782,70.65697884143002,66.03946480970548,5.599898291931918,70.87066723214572,101.20807031147329,74.49203242615096,106.17585827301443,122.24067191824605,68.8163167320414,101.04185083688762
2020-08,2020-08-31,grid_1mk3z2wn.xlsx,73.97619602497477,93.73201153354951,71.43023299458116,67.25244185373839,18.96037767339805,71.69476412123673,100.29668105787314,76.11746806791092,102.86819693035991,130.92475733368332,69.72678523934938,112.49592452229096
2020-09,2020-09-30,grid_1mk3z2wn.xlsx,82.85310807025358,94.54861244630918,76.73652172175768,68.37239245646688,29.84306394900929,76.16942563538178,100.10603430286528,86.1143231477695,101.7583165410241,150.711548927401,63.96589023113525,106.6197853894298
2020-10,2020-10-30,grid_1mk3z2wn.xlsx,99.96757067251187,97.91647776549269,77.42536837192829,70.35022907153939,52.11459689930832,80.90514427973822,105.7064770120965,100.9994612391763,111.52683362235172,182.102527015454,75.12219580135668,106.5039562030343
2020-11,2020-11-30,grid_1mk3z2wn.xlsx,118.38599330590813,95.88293859976281,86.00420949814843,73.3217558812633,71.35983298892936,87.1225487130576,109.03061896785651,96.85033671514455,114.50036828622987,201.98149881859462,79.14812400090845,103.23366148799578
2020-12,2020-12-31,grid_1mk3z2wn.xlsx,121.75267542119765,104.59535903076596,88.65107067126164,77.66704815353586,90.39358144199896,87.5194799744217,116.21613242671032,103.37967487764786,117.4066899605583,201.42977113230734,75.20480208694434,108.90074517058056
2021-01,2021-01-29,grid_1mk3z2wn.xlsx,138.33217969348198,104.62769650390102,88.25077020070613,78.94105506259861,93.73443607483438,88.50287055637159,122.16590264778311,113.26800838259254,115.44577598086923,242.25673020341262,74.04608634036319,103.90972748035661
2021-02,2021-02-26,grid_1mk3z2wn.xlsx,151.76064182987125,103.70397335046009,89.50837962781928,78.76824764521827,103.14251164037071,89.78117104335142,119.94024764009059,111.05978803936046,120.0976212726583,253.96504877961138,71.81787709752963,109.23185417067482
2021-03,2021-03-31,grid_1mk3z2wn.xlsx,171.27673407960413,105.62278517253634,98.3556462980245,80.95308583150931,119.66068883747883,93.15098849162925,127.27776816587011,105.6696629483447,124.00494407997252,292.2586280325852,70.21678392787705,111.69771681729964
2021-04,2021-04-30,grid_1mk3z2wn.xlsx,198.0527297666094,108.34554746633147,96.40888979815023,83.49136359159144,151.16005682217957,93.91054416706449,123.45469299606057,110.23294679037691,124.75210953281777,327.88435222601487,65.49175091288234,113.84556144852434
2021-05,2021-05-31,grid_1mk3z2wn.xlsx,187.33770050871618,104.27603094830151,107.35990043234598,87.81106571374538,151.7249976477117,92.81929669441531,123.2784553149483,108.01585651274523,86.0135116883562,325.4444110879998,69.09621139054566,122.77804417918325
2021-06,2021-06-30,grid_1mk3z2wn.xlsx,196.50905588855522,106.88994438472146,112.62475173484185,85.55509908492927,171.25784658939816,93.47230374424988,123.39203445779347,109.24016463595565,89.45265377567556,334.87114949550795,73.73428989422133,127.6630672019976
2021-07,2021-07-30,grid_1mk3z2wn.xlsx,206.94123878721925,108.46070080660243,124.9702590591049,90.77869498057798,172.59824053193483,96.32365172810829,136.48646465124585,119.55294332338973,127.62647408073128,364.08088279093624,74.0320411991815,130.5483874973856
2021-08,2021-08-31,grid_1mk3z2wn.xlsx,201.66685588143957,111.335154985409,126.13872251574006,90.14902741104899,182.97952671814812,99.67045264693401,143.12540294725636,122.64512063780795,119.66872712078833,338.3416579987613,74.571239009179,125.90149065908535
2021-09,2021-09-30,grid_1mk3z2wn.xlsx,188.96313101649093,101.59887774104273,130.76432320619776,97.23348589119614,185.3670524740197,98.7132918762342,177.12529827847635,130.63073820141423,104.11430319203802,288.2408461161401,75.0207468424972,125.7698580994375
2021-10,2021-10-29,grid_1mk3z2wn.xlsx,191.90180326635968,114.58600720634024,131.1450995475851,107.41020516646236,207.89034142941873,102.75398189853433,176.16806806240385,135.86917830767754,108.3043190170728,257.6524011192737,76.53467601490345,124.5058528126142
2021-11,2021-11-30,grid_1mk3z2wn.xlsx,194.38356404288035,107.37014498555001,118.55207983262738,120.45421465383599,239.81328169003598,100.56865337423699,157.52621749333485,134.70811016838493,125.12621170453555,217.47445294631237,91.00854316110211,126.63476061587897
2021-12,2021-12-31,grid_1mk3z2wn.xlsx,192.02987841784173,104.91717347669187,110.89135206518014,114.59369386974947,239.30068335764378,100.90282322436846,160.83428622099848,135.4480752821194,116.86017789147569,204.94369095260475,84.41746199845863,121.61125409923675
2022-01,2022-01-31,grid_1mk3z2wn.xlsx,200.0062891301158,102.16735985471462,118.35896807730978,112.5587072597835,234.36692466566123,103.54682340352663,158.35457973823392,140.47232762213156,123.12455943608434,219.1631422136319,84.24440265860221,120.89640111558724
2022-02,2022-02-28,grid_1mk3z2wn.xlsx,213.32855661350206,108.38210279635605,115.51786681167309,116.46328064842942,232.6606575662297,104.27046515430025,192.55136192578775,136.7987926358309,133.13500153193456,237.09214692804767,85.63540144051832,115.01234533637374
2022-03,2022-03-31,grid_1mk3z2wn.xlsx,227.9696391361436,110.22970088276523,116.77246371816028,113.18464066905518,273.66296020895066,106.17252007756545,214.4538007884547,143.350351413336,139.49426193456097,254.70582035831634,87.04366033187118,121.19332332343828
2022-04,2022-04-29,grid_1mk3z2wn.xlsx,243.7449410531384,104.69006440381304,127.28099130649255,122.98738274416985,279.8972183988031,107.67651925470696,211.49258895165892,145.28963217207027,150.97543397503247,279.6418642901893,90.28743050397024,116.9193965680992
2022-05,2022-05-31,grid_1mk3z2wn.xlsx,248.70235655794897,103.81386201653011,138.56001224889323,112.60966155480709,295.319481178421,113.94802672783908,215.29111763710767,146.59843997282815,153.78454911089915,272.1895678737182,95.15330821778399,126.98427958034546
2022-06,2022-06-30,grid_1mk3z2wn.xlsx,258.5461300355431,100.86894918135295,133.7341660814054,113.49903791190489,323.57314329730457,118.85461160200317,199.5209847114167,167.11134048085722,158.74178263927385,273.07261987572446,95.69222402852287,166.00317229132452
2022-07,2022-07-29,grid_1mk3z2wn.xlsx,256.1502271314952,96.55078076647865,135.1973614492883,111.74135548513111,330.2112527762024,119.7078652607101,204.88939071061947,180.3596649699213,158.43425726179498,243.6321948915332,98.6480215719112,159.35729080809048
2022-08,2022-08-31,grid_1mk3z2wn.xlsx,247.20391087476764,88.94333994392751,133.57635690520667,113.09770140465649,338.2666900987785,120.91142449553287,202.1341037082602,176.2902386035539,153.1005984823449,233.57000340811118,100.82497680763399,141.3623704430941
2022-09,2022-09-30,grid_1mk3z2wn.xlsx,235.62920093711804,85.8971029204749,130.82634652318507,109.19611749141009,321.50382522778114,123.7128406917677,204.17887176980517,195.33396050337598,159.39102444904486,233.57535201598526,101.36023281314961,151.87805141681662
2022-10,2022-10-31,grid_1mk3z2wn.xlsx,215.51986403587594,85.13256889142782,137.99212544824152,107.15510230285894,313.97098590614894,122.298070769684,208.8396994931193,204.89994666602271,163.3968449732874,200.14333753668944,101.57774582789844,163.54923587523228
2022-11,2022-11-30,grid_1mk3z2wn.xlsx,220.35350459697307,86.61122740067813,149.27462425968008,110.97289901126743,294.2777234990581,119.50738898481492,218.4885816395692,217.3187679148819,173.17152413784507,204.51914611860568,103.48140676506992,170.70443896008757
2022-12,2022-12-30,grid_1mk3z2wn.xlsx,204.65670819677678,87.0979350739594,112.76996905354915,103.08687067543087,254.38346836378415,119.95276459287261,223.18232535241614,224.52986798758263,183.06436514740335,195.1211300390725,106.31940206273582,155.9607123647533
2023-01,2023-01-31,grid_22fp35k1.xlsx,197.7913703162732,86.8650468333412,114.43119369052128,90.51577285095604,219.20212465817463,121.38725952267097,203.9291748266427,218.59921397246845,191.46021591474351,197.76814338157922,110.12366445550703,163.5307103307389
2023-02,2023-02-28,grid_22fp35k1.xlsx,212.9936304670478,86.74276442754422,110.38046015032421,94.51439703734098,258.7191501408911,124.1104003941904,203.05361375360675,227.12751465906078,198.156680047511,193.99030009037568,115.91576434253135,163.92007207420974
2023-03,2023-03-31,grid_22fp35k1.xlsx,206.72589708819186,86.50841013215113,115.37955578698629,97.5000802588483,247.63824209282555,123.79073934227327,206.94548018010295,222.39632013436798,205.758962608602,201.54563279655798,122.89198495007558,166.13568004662292
2023-04,2023-04-28,grid_22fp35k1.xlsx,192.67139504238088,88.36703596464376,116.17993879441113,100.35684141578729,243.59690693109854,123.448092872854,207.11953336468832,226.35037878735025,198.79368132112583,170.92227752718958,118.67161227989764,162.92245797145938
2023-05,2023-05-31,grid_22fp35k1.xlsx,187.07148388484185,90.63446290882916,111.63220401538933,102.70015425024155,244.7945165920434,123.49394382332261,206.69588660413766,222.0450069891473,183.9225199025395,162.05597297896216,159.4854892883038,182.6711973944773
2023-06,2023-06-30,grid_22fp35k1.xlsx,181.80262640675943,93.84780424392645,93.05450444725749,101.70959977330018,239.89571780130868,125.18687109006848,211.4568181051394,225.79602091292764,185.11967753073745,149.0600445380879,160.24918500088694,160.53103849433947
2023-07,2023-07-31,grid_22fp35k1.xlsx,180.98869299756308,94.82912867590451,97.07841724289959,95.79830982676253,233.86189523350492,125.85390786366169,225.8531423265672,232.8195658370529,192.39025299729178,139.0125949743514,167.5316775886527,165.35179246513266
2023-08,2023-08-31,grid_22fp35k1.xlsx,189.28488483665373,100.02029843083749,114.3437862369084,99.10147755750151,243.0761263098343,127.4012817265255,234.37519583982728,232.1096938490379,190.38085702647436,131.7681369051211,162.24249025595327,171.64164197395942
2023-09,2023-09-29,grid_22fp35k1.xlsx,194.93520998493332,106.54031814399332,127.33774695851466,94.26385973935716,240.14319467399764,129.64579156890898,238.93158927502057,238.98056229525127,189.8394511088885,140.44232307441922,154.07684804115354,193.5747502996625
2023-10,2023-10-31,grid_22fp35k1.xlsx,211.58608505207437,108.8370302316036,143.71467536888005,95.97340946127966,256.78942474736226,133.30838435953873,244.20872668188136,238.36323442979815,196.39929525988026,150.86833242244896,157.87425974856652,200.93625014848638
2023-11,2023-11-30,grid_22fp35k1.xlsx,203.82877900894874,112.04822859594408,155.29363711501895,91.44394924840937,259.83394118881085,133.26485370097427,253.3925548208677,241.0229432653519,206.80823624156437,153.5809943870108,150.91935455205223,198.79574260084374
2023-12,2023-12-29,grid_22fp35k1.xlsx,209.91772122641996,112.03073518756064,154.8451994099877,90.62571844432331,273.0534616901298,134.180400518767,263.6215161431084,249.38141985607137,213.57191176414236,159.20027609342725,139.1102846474393,196.33031579642056
2024-01,2024-01-31,grid_22fp35k1.xlsx,211.81376007741397,115.47145592508743,167.16605318169206,99.55752810655686,261.44759339686277,137.07536119449423,267.9352522761131,250.83878534673593,214.75749291359193,166.50434710317876,135.2126081959066,180.48153498649725
2024-02,2024-02-29,grid_22fp35k1.xlsx,207.37101940155353,117.80894457363105,175.84182032003525,94.02106734960283,258.9248638678772,137.9470911017633,269.3445515320781,257.48348577306604,213.96604638375982,161.40728969471795,135.78494724844,186.46924771825758
2024-03,2024-03-29,grid_22fp35k1.xlsx,197.86306387123983,119.22347126258231,179.10186811643737,89.63971346877695,249.87817759158588,139.94063243785936,279.60992735132174,254.00117705864002,209.51384597957392,151.66178636727838,140.17583323357346,189.49399889819688
2024-04,2024-04-30,grid_22fp35k1.xlsx,217.02310154018397,120.02924847437673,182.80176481888694,95.09440436660606,273.700103512964,140.4108510556798,281.21860816300074,259.43199692144094,216.02449674987292,139.98559652392862,137.26518334419075,185.96142032340933
2024-05,2024-05-31,grid_22fp35k1.xlsx,210.45714108538377,118.6983828873338,179.8554069311521,104.4240769729167,263.0626516107873,142.27765367456837,288.9785294048146,259.02939335622386,216.85854361888536,148.05241445377933,132.8791862691635,185.08908514220045
2024-06,2024-06-28,grid_22fp35k1.xlsx,206.45170888177998,120.94015126189778,181.32086075180013,104.96611962892956,248.127206595155,145.5170165251861,317.3804211140502,267.3660083574953,215.56234874174183,156.64679272033396,133.50111440357432,183.34830852452282
2024-07,2024-07-31,grid_22fp35k1.xlsx,214.24232952929492,121.87884911134003,186.29621939243356,107.02354294645026,277.98792303173514,146.8839262677029,318.96575625561303,280.3649306325202,211.89817837523367,161.03014228069574,135.93482981222567,175.7484448080316
2024-08,2024-08-30,grid_22fp35k1.xlsx,202.76994884184228,124.04137115002368,181.7830816925594,111.843314811227,256.30933800829035,148.9544170863326,350.3552738347915,281.87826902433443,212.32364871835117,153.47672019452335,136.70109307907833,177.05280313669383
2024-09,2024-09-30,grid_22fp35k1.xlsx,191.89517723633793,127.92825324302581,184.3152867898525,115.09058575684301,232.63227261467617,149.22956922432846,341.3633979759058,267.73794978312196,218.31990435430296,154.30652456177415,143.81574906272002,172.50613799599606
2024-10,2024-10-31,grid_22fp35k1.xlsx,196.30277567565744,130.65899950749434,176.47924654559813,117.28404566566356,244.7124710069319,150.65732754940453,340.71708459991197,287.00514616846795,220.8463322615919,151.13550701062786,143.32813897733257,179.30628560682837
2024-11,2024-11-29,grid_22fp35k1.xlsx,210.30536675022452,130.44751646891822,179.85984668108804,119.12382219730702,257.53042038849355,152.83050702401718,351.5086550575568,293.9184189096536,225.03228832204968,150.02662631746102,140.23971531227818,191.01746870183396
2024-12,2024-12-31,grid_22fp35k1.xlsx,212.1785888581714,128.79427221602631,186.7280854112495,103.43344779599673,261.73792220230314,150.03028857121444,355.061392775125,304.51516056396997,230.8429091199986,153.03459839638057,139.12489678233695,187.19708229391784
2025-01,2025-01-31,grid_22fp35k1.xlsx,208.01425851413063,129.58564181272678,171.1498968889468,102.22624346078437,265.3762341754243,153.0204372773955,348.2264555692554,301.3933098671004,244.7990671468213,142.79948903315884,136.3270388240055,182.15379098404784
2025-02,2025-02-28,grid_22fp35k1.xlsx,209.140116139157,129.16438429678806,167.61836727005573,116.2665147121498,270.94313041204913,152.5679679355384,373.9675261083193,289.80637101177325,252.8168218208235,147.04464444103357,132.76509040002625,184.0057540319197
2025-03,2025-03-31,grid_22fp35k1.xlsx,208.01356842393517,128.59584061774666,164.46594166107164,121.17774697582743,265.9874902757649,152.08440522214727,376.3861209218073,289.5782430496611,261.1072179048193,150.45403212950112,134.58670949008234,192.22750340301843
2025-04,2025-04-30,grid_22fp35k1.xlsx,173.10676424774186,130.62410492103834,156.4090866848164,124.79059537364337,227.1814117009813,153.3931506061724,379.87438347840936,287.7966900690817,264.01315925039756,138.02622999852062,133.40905359520187,195.34459392368427
2025-05,2025-05-30,grid_22fp35k1.xlsx,172.24041003309785,133.03988148053065,143.89052411904063,127.61603291130572,216.84268311461227,149.53789948077866,400.3921764343495,301.33449849636804,290.01085311830144,136.9301557222157,139.87862981519038,181.0899930663081
2025-06,2025-06-30,grid_22fp35k1.xlsx,173.15375941967508,137.542106659216,138.80796036093258,115.39610431115786,215.1308133244882,146.56984201216702,412.8234405043036,297.9211323939832,295.17601020767574,134.74621817369948,143.23598960237376,180.33302953510199
2025-07,2025-07-31,grid_22fp35k1.xlsx,174.97572102996415,143.35213010076967,140.48936782585167,114.91918924127663,204.83080931153816,148.5664350637945,411.8755792598865,284.37041480523663,300.1894528568021,130.38026301896562,139.8282206917704,176.65311847366985
2025-08,2025-08-29,grid_22fp35k1.xlsx,163.326937663203,144.8864265436132,146.66577056826262,107.7616626026215,185.36513863895937,153.02108696354443,438.4744404981071,284.91028059385764,305.031433402836,130.26914492875227,142.75705330767246,178.75426501492592
2025-09,2025-09-30,grid_22fp35k1.xlsx,161.1822038044175,144.98603378128848,148.8057740441993,111.45063697886364,186.8833336413667,150.85994012607014,460.99786872691493,288.67314155200677,309.53124385963946,127.24748027005424,143.1986646081316,190.85823406946065
2025-10,2025-10-31,grid_22fp35k1.xlsx,164.28635917005218,146.3040824581688,153.00024856214364,112.85989585722716,192.28594737928913,153.90978376119767,480.10203730354044,291.9758237085919,316.1390260924587,136.6007569513039,147.24493939366724,206.48868390271318
2025-11,2025-11-28,grid_22fp35k1.xlsx,161.7343499423825,152.5484935320891,171.97521504992338,111.98514579389543,176.8695933787778,154.75749324855093,523.1710379611445,300.5721682636634,322.66075301269234,142.1423231542943,147.4628378451702,212.63428785584807
2025-12,2025-12-31,grid_22fp35k1.xlsx,162.40797884662214,156.51297578825063,185.3252026456436,117.2795114348987,166.03668087790388,156.4786293755878,520.4034023477125,311.8169561348478,323.9139781479705,145.4646435279393,158.57606421514447,212.28145355418903
2026-01,2026-01-30,grid_22fp35k1.xlsx,169.79574809526002,159.18736610594445,178.7848874061767,118.11244866613053,162.36185968727642,159.84077932930666,521.9174731553428,317.05184582413676,321.4389654282037,151.62652728330883,158.10620376311857,228.35774310532875
2026-02,2026-02-27,grid_22fp35k1.xlsx,178.08022029922103,162.67200325488616,175.82129893835864,121.25313115561728,183.05364505149205,161.62017121932556,509.5331479510012,318.68988321163926,321.57106606830473,150.68360804549278,151.12600943556643,235.8624922399367
2026-03,2026-03-31,grid_22fp35k1.xlsx,223.89363886141987,166.43883216456516,188.56661498625175,118.56140018743126,264.6052811528312,160.3580205171088,495.9437361769596,334.1209465867191,337.60724235762825,157.82485060444705,153.96968505575134,238.58844783800112
2026-04,2026-04-30,grid_22fp35k1.xlsx,235.5081616149667,170.6786099494437,219.3580043747316,117.84996686890317,294.278112275332,162.52230018730933,503.925410258028,326.86414702846804,350.1671178651578,142.41825823226088,155.58777347065373,257.4615344210897
2026-05,2026-05-29,grid_22fp35k1.xlsx,221.7519034404702,167.5180233958763,215.36613717233791,137.7695940888829,290.07193933318496,164.72735009220696,485.48098736115185,323.0781411059226,351.0413570409945,140.91928668053535,164.30076962730053,240.57518217029093
2026-06,2026-06-30,grid_22fp35k1.xlsx,210.47923536522796,169.57324024438412,216.29277565732187,140.04518713211294,283.7408995308882,169.44117121687106,504.2542255653628,328.41151672537217,325.52523189970015,141.0123499595288,169.2364595987117,239.46475963523972
2026-07,2026-07-31,grid_22fp35k1.xlsx,219.86157490463177,171.3191659904567,254.9249159537053,140.66379502466003,288.7167362353646,168.98871990073764,507.7873671521596,332.15814361587803,324.4190279200483,131.31335448320814,171.09899274005855,237.22058211908035
2026-08,2026-08-31,grid_22fp35k1.xlsx,223.61953639803733,168.36365585973803,265.64029991210907,134.12834376268876,297.24457963362437,165.1202604689286,511.1717283619091,343.0387989035578,330.8823063733389,129.90236627253884,164.53369263065133,227.93759702550096
2026-09,2026-09-03,grid_22fp35k1.xlsx,224.45511049448834,168.59021030543119,266.8996897677066,134.88210349879486,299.93028576994425,165.11474586301227,514.320220162845,345.61813521025056,331.33016088709087,128.66971790791848,164.67394607879422,228.2513380231628
