month,date,source_file,IBOV,Communication Services,Consumer Discretionary,Consumer Staples,Energy,Financials,Health Care,Industrials,Information Technology,Materials,Real Estate,Utilities,Not Classified
2008-01,2008-01-31,grid_20qvjmd3.xlsx,,,,,,,,,,,,,
2008-02,2008-02-29,grid_20qvjmd3.xlsx,,,,,,,,,,,,,
2008-03,2008-03-31,grid_20qvjmd3.xlsx,,,,,,,,,,,,,
2008-04,2008-04-30,grid_20qvjmd3.xlsx,7.004419009040412,-2.65978415990891,-3.2260353137325817,-5.852808162841599,5.050344566361565,3.7996383747628206,,-9.226299196638234,,11.103521436105158,,12.628445407033528,-2.845859762203202
2008-05,2008-05-30,grid_20qvjmd3.xlsx,16.177121502911803,-9.416986943324963,-1.7666441869979934,-4.498473085289487,8.653037610415597,1.3953350651322898,,-10.57160596537007,,10.977572328841456,,8.5122910754437,-0.39719060194520356
2008-06,2008-06-30,grid_20qvjmd3.xlsx,19.46822822212318,-6.677498909298279,5.653620524811854,0.7450644703946969,6.967089925021306,0.5308547536185869,,-11.215599264168565,,9.904431812533554,,0.0476986638492766,-3.4040963869771796
2008-07,2008-07-31,grid_20qvjmd3.xlsx,8.362040505253745,3.5942961736431376,-2.254211301710712,-2.1721422067982954,10.296782697051231,-0.5862460003906349,,-13.303784326613908,,6.055203584401029,,-1.6291200489007989,-0.36035185193313757
2008-08,2008-08-29,grid_20qvjmd3.xlsx,0.06324047322728446,-3.278997156932658,-4.769044382769173,0.15821003455285745,7.655237480699418,0.04264140890419096,,0.25317048842418377,,5.26153179455247,79.46485149612084,4.035765697435195,-0.28526302190776665
2008-09,2008-09-30,grid_20qvjmd3.xlsx,13.074671042235785,-7.441972565908564,15.1786141947327,13.099857116104896,9.474746533074521,-14.387949533246397,,3.7263324051373115,,16.500752926950593,,16.471184723036032,8.026986396552758
2008-10,2008-10-31,grid_20qvjmd3.xlsx,12.157132415474301,-12.292400279134574,23.63153315999112,12.087753352651093,0.19583468537042684,-18.746812192711797,,15.559565956672833,,17.128964999775878,,19.373687791350257,4.322190492597181
2008-11,2008-11-28,grid_20qvjmd3.xlsx,-2.120157226567846,-14.823797716671708,21.567833014659442,9.701721391438989,-4.1100013630869725,-16.902995788113763,,0.3928220420469101,,7.235976737716126,,17.60410016372148,-1.959410235557647
2008-12,2008-12-31,grid_20qvjmd3.xlsx,-25.240373376212354,3.3722640044617362,4.398921485890182,-2.4329973587777687,-22.032956215982246,-5.17556846166167,,1.2806784309468684,,-20.628603427561064,,13.488274373903122,-13.675784276556941
2009-01,2009-01-30,grid_20qvjmd3.xlsx,-17.284298649732413,-1.8010222647000225,-7.122529467734676,-2.476885281390543,-24.940424446960982,-18.71621371493025,,-12.982203723630755,,-37.07856716922259,,7.593489581433052,-28.0775234043617
2009-02,2009-02-27,grid_20qvjmd3.xlsx,-5.728397245922926,6.033928589568268,-13.28793967975318,-9.840866556106372,-21.386268652294525,-19.579363411499273,,-7.133818204377032,,-36.62203190659437,,4.956678091342365,-18.592396633702666
2009-03,2009-03-31,grid_20qvjmd3.xlsx,-10.700489913216009,-6.240132519430333,-10.840489116579185,-4.610534052639799,-17.161017130317216,-8.954532714537065,,-5.751899203829884,,-45.56351621503873,,5.604878640497626,-49.9460045502108
2009-04,2009-04-30,grid_20qvjmd3.xlsx,-19.545818869384476,-1.6680098631888203,-3.9223942683521287,5.912865819338095,-12.671645197182132,11.840548633129341,,-2.729653973216041,,-37.23028891968818,,4.770394153801157,-44.51870608868944
2009-05,2009-05-29,grid_20qvjmd3.xlsx,-19.630866648889196,-1.0593136134660175,3.3280631447622264,16.347613604001268,-7.437386635802097,11.234959548707685,,-6.291527079428818,,-45.17915414591817,,3.8275197818485327,-59.043520451705454
2009-06,2009-06-30,grid_20qvjmd3.xlsx,-11.31742298598187,5.344087575743861,3.3489837044873036,15.085405547045877,2.3494916330927955,4.427710008098096,,-18.9685424296748,,-27.987601866944097,,-4.525793114676728,-18.694772514758977
2009-07,2009-07-31,grid_20qvjmd3.xlsx,-5.7963273183956625,5.067627245997504,5.677230553880971,13.610744623704873,7.12690087372798,5.588149457164492,,-17.076088467085686,,-21.775528747642767,,-3.6163502219091592,-16.679277693281335
2009-08,2009-08-31,grid_20qvjmd3.xlsx,-9.186808155218236,4.855822143102135,10.826127288318817,12.062641555392252,0.9319622260038428,9.974323629199636,,-10.698900514713577,,-12.275547587436794,,-3.211053552415624,-10.11756123314389
2009-09,2009-09-30,grid_20qvjmd3.xlsx,2.951325489255795,7.63046041283798,10.323527522273793,-11.154960678619751,5.547508030660454,11.971908062793368,,6.464986782507083,,4.425261059213949,,-1.9778182026913407,23.673216609832558
2009-10,2009-10-30,grid_20qvjmd3.xlsx,11.630064701423109,11.329291134378952,24.058194284951778,-4.039250664874357,7.580483222100575,11.62452496321975,,7.021388565295035,,13.397114101180971,,-10.830597330066672,39.87784378264554
2009-11,2009-11-30,grid_20qvjmd3.xlsx,18.871945398752672,19.60317501930631,19.488345634372855,1.2906244855495208,13.008082631142273,10.779641462042541,,3.380456008498245,,14.888131784417979,,-5.599287743871054,56.54102659345045
2009-12,2009-12-31,grid_20qvjmd3.xlsx,8.428448750367798,13.643556696225772,24.319336572152622,16.95461487765131,11.190933957665896,9.617545813935061,,-5.736344831880113,,7.092318125710525,,-1.913582887579225,14.46176295075839
2010-01,2010-01-29,grid_20qvjmd3.xlsx,0.5519127003622458,-8.153861823634092,18.212633045432277,2.332725484814658,5.907549084095133,1.2053291699078867,,-18.138141802403158,,14.301604190223829,,10.101701632444433,17.190742405563505
2010-02,2010-02-26,grid_20qvjmd3.xlsx,-4.248165198717259,-17.63503805364619,19.840469274943413,-5.3876313892070575,-1.8873449914174052,1.5209744170287944,,-18.959688598176257,,17.370587267082154,,0.12931188811010852,6.255624930374043
2010-03,2010-03-31,grid_20qvjmd3.xlsx,7.93708747442955,-17.442039064298687,12.989450507730199,-8.18510147144446,-2.2167950176907367,1.9248886461350585,,-20.0055800454211,,38.76868166726259,,8.293228535758406,15.066494104296934
2010-04,2010-04-30,grid_20qvjmd3.xlsx,12.916690854920375,5.720353281787171,6.342016339234307,2.26909008744051,2.1397755788697173,6.566981432278189,,-7.459015226803658,,30.624524557262482,,1.0201397826933178,5.151367193698699
2010-05,2010-05-31,grid_20qvjmd3.xlsx,5.725962805004198,1.1580057923477336,7.383815143449487,-0.2317214999337445,-4.406011745176562,-10.610337194424083,,-12.20253870626928,,39.690624202789216,,8.570157484123072,-13.53695226195007
2010-06,2010-06-30,grid_20qvjmd3.xlsx,-7.775972097947038,13.851754098580487,10.595381658008856,5.446706020199619,-7.370329857376326,-12.902752894461496,,-6.414105728959927,,18.8571456956375,,-5.61089112811383,-1.4870054600219027
2010-07,2010-07-30,grid_20qvjmd3.xlsx,-8.032566064288135,3.2818150123351084,13.692531739229155,5.2286321354659,-9.144247259961949,-7.0907097920996724,,-6.115884213474135,,19.44750282052012,,0.8363020865056452,-4.145744576720039
2010-08,2010-08-31,grid_20qvjmd3.xlsx,1.8995312289896007,13.696509157721884,13.916320038002919,8.855834616071219,-3.975740412815038,6.124560826735729,,3.8962255255500837,,18.07793388146085,,-1.4823954027226536,8.51736870774545
2010-09,2010-09-30,grid_20qvjmd3.xlsx,13.347366495052329,2.449573312163263,12.424543666017417,-6.058088008372983,-5.199234464055641,13.180883836298637,,10.741432940806915,,22.456725516410255,,4.372159524777318,0.3342215559491507
2010-10,2010-10-29,grid_20qvjmd3.xlsx,13.211923127706799,28.881408276647736,12.428120977655288,-1.2464542909794434,-4.3659143482178076,9.940493863348802,,16.84165269816529,,19.791832245214948,,3.5302709806002452,0.5030895178660862
2010-11,2010-11-30,grid_20qvjmd3.xlsx,13.712131331148921,28.092285191290568,10.564092043903543,-1.3895665582199677,2.0305150765037765,11.550418147192651,,20.806183896580663,,15.629571301737593,,3.965419339857687,5.072617996291163
2010-12,2010-12-31,grid_20qvjmd3.xlsx,9.927922747314,28.531845077166697,10.922195917095916,16.04841970011232,9.405052651645489,5.880276129502368,,23.17918045619334,,10.543090278495242,,-5.913073881704318,0.8878880136936724
2011-01,2011-01-31,grid_u4lflnxf.xlsx,12.819551514897022,12.054874209765025,8.748804703218724,-1.7695309547538534,5.929174799869321,7.330807423454227,,18.98266866093595,,8.738170177403697,,-6.152738939869089,7.192662758041228
2011-02,2011-02-28,grid_u4lflnxf.xlsx,11.109556726106531,8.306323772162667,6.851631333271214,-4.700290839229417,1.3153921534390192,7.7389093358174375,,14.363270940563048,,5.525230954974147,,1.181028348061617,7.4961431192640635
2011-03,2011-03-31,grid_u4lflnxf.xlsx,4.767769110936255,9.0151179793596,2.3945868600399587,-5.892524201005509,-3.2929993030255935,6.383376418793177,,2.6363086452957276,,2.5143455412344333,,5.741267119729973,3.56592715668004
2011-04,2011-04-29,grid_u4lflnxf.xlsx,-0.021035464404095178,9.308596136787834,-5.396352915460779,7.512587178366453,0.7510057090229495,1.488582487198215,1.2659442695929686,8.107194781061052,,6.1611781083252675,,1.9198385236434836,0.24485690710278085
2011-05,2011-05-31,grid_u4lflnxf.xlsx,-7.201217173718574,14.547060512678623,-4.350269535235111,21.30026532329625,-0.5063024926811993,-8.97084171320626,-0.26325460094491726,4.837401740223022,,0.24429628381096496,,-8.11493463547174,-5.7184129839594116
2011-06,2011-06-30,grid_u4lflnxf.xlsx,1.586078838522801,70.23982472303136,-3.571412948578393,21.426029160719057,4.49765713902852,6.164846793045628,-4.543667396663835,2.2664764232305012,,6.306839225632954,,-2.732583593830728,-26.16453568367014
2011-07,2011-07-29,grid_u4lflnxf.xlsx,6.662615475523821,86.25959837602002,2.007767967607758,16.755369651785934,7.852392789080708,5.92753625116155,-2.862740442521936,-8.36274313628046,,5.589096211041091,,-2.673685437521458,-34.08385042373162
2011-08,2011-08-31,grid_u4lflnxf.xlsx,7.568321809741363,81.91061932679146,-2.747379448264361,17.398422405932344,14.704253579476735,11.363941940607482,-23.21510035253656,-5.795470548375243,,3.8077910331843032,,3.140094169843668,-32.148471285763705
2011-09,2011-09-30,grid_u4lflnxf.xlsx,-0.48616610039926966,21.017757193059296,-3.2452145533955044,17.957972572851663,0.32947190771078133,0.7851520543569138,-26.44458233901536,-8.69641882098165,,-5.628016470183934,,3.3261153072669343,-5.397978374192626
2011-10,2011-10-31,grid_u4lflnxf.xlsx,-8.870355044887877,1.6134692157073596,-4.4946442925844385,15.201057619695016,-10.889277920947778,1.2901970508876581,-35.2732445962345,-5.76692138994275,,-13.465396511916522,,3.4520730842074334,3.2962923239866218
2011-11,2011-11-30,grid_u4lflnxf.xlsx,-2.757096150888306,3.127215951094465,-0.2935145225335458,0.37267591747097867,-10.608745521161543,4.254079021455904,-40.47784343264071,1.3070393923718686,,-8.478907234902868,,-1.915026508606347,12.479533674233
2011-12,2011-12-30,grid_u4lflnxf.xlsx,-5.437012468633058,5.58351738918595,7.994141327200049,2.257569659635113,-5.029790401333416,0.6086858100070415,-31.68644362737809,12.981457870678238,,-8.20242947649022,5.332786147730201,-4.374784893667457,8.217811896503905
2012-01,2012-01-31,grid_u4lflnxf.xlsx,-7.744098250112195,-2.3161238054276954,-2.6541994503741964,10.683807274863973,-0.04560169931742697,2.1879362389761563,-21.30535409226161,10.168232732238765,,-7.378571911737082,2.2352226363425083,-0.9007979615744941,6.581805454389728
2012-02,2012-02-29,grid_u4lflnxf.xlsx,-20.435708588397272,-6.6929857046272065,-8.658062599730874,8.513358844184538,-11.198590365677466,1.2643503703453498,8.703059680476349,4.628682637401015,,-20.850866534453278,1.9896375454763475,3.562854629589081,3.1753699230568393
2012-03,2012-03-30,grid_u4lflnxf.xlsx,-18.10783432905783,-6.180484495914121,-16.177626705022735,9.30491992444367,-6.403373417617633,0.8785239066478989,9.045524048734208,5.603177177845802,,-18.216434310745985,4.527353030826027,2.440815204449732,4.364063463264682
2012-04,2012-04-30,grid_u4lflnxf.xlsx,-12.446917043637372,-28.335714423359786,-7.781140705709482,5.968775447942542,-6.5742492708685,-3.7322781431428713,6.713182337064285,15.882359894519372,,-14.589576715377394,2.6524631513637837,6.604832116782491,4.67922049272955
2012-05,2012-05-31,grid_u4lflnxf.xlsx,4.735809450144381,-25.19335573900795,-8.090781354495972,11.176972040654567,5.381307922892735,1.6533387607608867,-4.701415123759508,18.459506216351155,,7.580734738572429,2.7129662913136734,5.778827274680708,11.923579186622257
2012-06,2012-06-29,grid_u4lflnxf.xlsx,6.503730113346193,-28.974166678563456,-14.754028431079917,3.2618535144443817,11.861841217159173,-1.5568263968547058,-5.477855589515881,10.98185847867966,,14.306166204436192,2.7619436672215345,6.846596007035945,20.134142517844815
2012-07,2012-07-31,grid_u4lflnxf.xlsx,0.9561075647469839,-5.513467163542685,-16.34004666243761,1.057575902257461,14.118388229296094,1.6507232328246901,-5.400317165140981,2.5549978258493278,,-1.3193154116804704,-0.9166761976744353,4.585704415622356,20.38887321518929
2012-08,2012-08-31,grid_u4lflnxf.xlsx,-10.644611603538488,-9.612900350042587,-23.429452265774252,-6.44937898568885,6.416257334124527,-1.5331505826353573,1.6758848082369568,-1.6617436785214486,,-20.62569716997721,5.227189748760894,5.503675739671874,10.783212953313974
2012-09,2012-09-28,grid_u4lflnxf.xlsx,-14.081194082799575,-8.272008041944552,-20.299693193257003,2.3011380682279046,-17.25403914530878,-5.521693787516837,5.3579287185329765,-3.6816128143700824,,-34.40777888817904,1.7098368933335801,-3.6378943399873553,-83.83525154177683
2012-10,2012-10-31,grid_u4lflnxf.xlsx,-11.289718106102557,0.14779313343106631,-15.810116050645373,8.741618121694408,-15.660672972111739,-6.722910782818032,4.940920831340913,5.235750698572759,,-26.15821586695913,10.579082612014092,-5.260550323426535,-81.16196781763894
2012-11,2012-11-30,grid_u4lflnxf.xlsx,-10.217937519831295,3.8786861872057155,-4.644065912268117,13.798075317383104,-15.522941730429379,-7.8789720269911605,9.961293807526879,8.256285505268051,,-17.834080486873592,5.189169970146526,-33.34305995884858,-79.96631954114378
2012-12,2012-12-31,grid_u4lflnxf.xlsx,-5.076689494067466,5.518044564620806,-0.396585849721026,8.153729863352833,2.0777164811719886,-0.24411697342891034,12.863054061719895,8.531085326690203,,-5.8025680191647195,8.092955794473415,-24.002129729305068,7.574105376272451
2013-01,2013-01-31,grid_u4lflnxf.xlsx,-8.514459698442167,0.07328412273545425,1.811833439570259,6.428652599341802,-3.3682868420685406,0.3910648767323032,7.554730104759298,8.424979368181642,,-8.596026478862123,5.971364764800205,-43.52982756793675,6.938453790739961
2013-02,2013-02-28,grid_u4lflnxf.xlsx,-6.042843826723082,4.599743697016572,-1.1976977567581832,5.820053745186084,-5.5989418914435,0.33199270080870447,6.125791957738134,9.048020948585442,,0.8188570154706927,5.236531850589614,-2.4826818355581515,6.906703796082611
2013-03,2013-03-29,grid_u4lflnxf.xlsx,-5.160597262445832,5.590103194872773,-4.120604691759732,5.287963610255493,3.922443613856916,1.5919040658577674,-0.08376136573364731,13.43088625824547,,-8.081581165125245,4.64096207138168,0.6779760891668615,3.461696942820202
2013-04,2013-04-30,grid_u4lflnxf.xlsx,8.548523309871857,11.807361682960227,-6.0181860687209285,0.033328795510298936,14.673861657278906,1.8507658572488948,3.518272584550853,7.926278886778915,,4.43575146164881,6.863032733378012,15.799507381708167,3.063915754248726
2013-05,2013-05-31,grid_u4lflnxf.xlsx,5.684543346142053,-1.5043653313687102,-16.34335898363724,-5.231439938463381,8.159438778788914,5.846978161722816,-0.2536839595820013,11.212846169713224,,-6.437535676288133,-12.903057795830748,-3.6711920875346284,0.3694148180767832
2013-06,2013-06-28,grid_u4lflnxf.xlsx,0.06564047955828112,-3.45103922573914,-9.089562754085762,-1.9191079689594333,0.34553487033219044,2.378125609559944,-5.146589914476085,15.25389551049296,,2.033373037466575,-14.896648253313929,0.11718016547340043,2.008663031277446
2013-07,2013-07-31,grid_u4lflnxf.xlsx,-9.512205097266648,-11.035072633026509,-5.550098483877433,3.710103139115127,-10.388057144526424,3.3729280672558946,-2.626273183937794,11.222017467523928,,-5.680874238171424,-22.97517606655555,3.075280402589539,-1.7758206656817137
2013-08,2013-08-30,grid_u4lflnxf.xlsx,-3.3958882481504866,-2.637015018654294,9.231137557478997,9.151680465439249,14.55923287460579,-0.4052843568490564,-0.2633613330254025,-1.1755841028885963,,-5.7129598739491065,-4.8629868137936185,3.420996929470854,0.28273727330796444
2013-09,2013-09-30,grid_u4lflnxf.xlsx,-3.2570955206539174,-18.10783810313857,3.8148485391005162,4.368560068234602,-8.796992177223071,2.45611512951656,8.044680659239337,-13.196376511333064,,-1.951896182621879,-2.3533432669656147,-0.5224313196389986,1.3447130820918398
2013-10,2013-10-31,grid_u4lflnxf.xlsx,0.30864804634289794,-18.318289217753723,1.198434598776956,2.4522078696143113,-3.832104395216069,3.714082758598731,7.228764186150396,-8.097803662793924,,-1.8935485874155087,-1.5604794148800498,-1.0913291167309165,-0.5551832533447227
2013-11,2013-11-29,grid_u4lflnxf.xlsx,5.423682474420521,-24.360877206601536,0.5434104217194323,7.875642770007399,3.1923192875181883,3.730989685312019,7.301995126471199,3.121334799465962,,9.645880493190186,0.05336088851417749,3.5854879628695095,-2.9847017507700127
2013-12,2013-12-31,grid_u4lflnxf.xlsx,6.393819030109545,-9.372375540799627,-4.7024207200414345,10.173514889880469,27.017371491832392,2.772545016004912,-1.510513044986644,7.854970004440413,,0.8184181097706675,-3.6898558575984537,3.426840575924947,-9.303018941930706
2014-01,2014-01-31,grid_vtqvtw11.xlsx,19.269185115957924,24.014276665002274,18.901306735879288,35.29450984517295,22.18563805953628,6.641935344230705,-11.543305947046196,16.268843994177132,,28.18046329734276,-2.262035292142143,7.983914408622837,0.5746094800319106
2014-02,2014-02-28,grid_vtqvtw11.xlsx,12.499467288936707,32.0350342781713,21.708955333277427,33.489980102513265,-1.2026028441393226,9.45327903670674,-5.599468225411134,10.083582415152259,,22.94495352691995,-6.692803521846331,11.196338549639188,4.776756482500039
2014-03,2014-03-31,grid_vtqvtw11.xlsx,17.4822050643899,35.66336176509582,29.429156507654692,31.293762319958063,-0.5937784011851444,9.590989443434163,5.02632532554829,9.616259556312775,,28.404571747045466,-8.64855904638046,5.552810243108789,14.689066696443756
2014-04,2014-04-30,grid_vtqvtw11.xlsx,3.5435581822696225,11.283044908443934,10.774634192524724,-0.3361049736792892,2.1874711110228815,5.594543232833607,15.101849146431961,-5.834300319750055,,0.7798004764686824,-5.232561835302192,0.8225635065736727,8.718609566843998
2014-05,2014-05-30,grid_vtqvtw11.xlsx,6.45907887580177,0.8874390688791759,32.17303178539602,9.049840701114645,1.224134560585133,7.589307810321044,13.213074802479937,13.842304014225121,,-1.220089957679556,-1.2602096678343995,1.0772087547932623,3.8105450829547536
2014-06,2014-06-30,grid_vtqvtw11.xlsx,1.7649659322601448,-5.359073738127161,31.34560872405952,8.272627577962455,-2.9347657287901,6.145098002860372,11.752150825091164,14.246982589506258,,-10.103551808169467,1.3205680342229242,1.5790854590000722,-2.9726185934107843
2014-07,2014-07-31,grid_vtqvtw11.xlsx,3.6888367176410988,-4.027825544091837,39.10433813284555,11.567268665647365,-7.0437984711921375,9.406117113859436,7.299097793395726,16.939293732902183,,-9.856264098957979,-5.872211370038991,3.6521955470604945,-2.867680871596794
2014-08,2014-08-29,grid_vtqvtw11.xlsx,4.978822806598085,3.9820800343868803,19.754979155274203,-3.780076851003004,-0.9134259916568701,9.188062759647474,4.764554811743501,0.6353695033918886,,-16.403130339850605,-2.97351846846951,-2.2279263109919776,0.9046181934057521
2014-09,2014-09-30,grid_vtqvtw11.xlsx,1.5870954850292947,2.374581620031133,29.38306907626651,11.110824482816438,-0.1929634246143155,10.395193111163772,2.6748669553659385,-4.642040466468695,,-15.50169144635754,-2.9210314984811836,-3.4148460688914963,0.7573877758865707
2014-10,2014-10-31,grid_vtqvtw11.xlsx,-7.3715878514445485,2.9246183055249175,18.640367304142373,12.240774301595176,-0.5815673800622271,9.6379521244216,3.1524786325913974,-0.3647626854780284,,-37.030852730862065,2.4758640958778897,-8.893649695584498,1.859920906868317
2014-11,2014-11-28,grid_vtqvtw11.xlsx,-14.741944636933086,4.826828043889891,15.658722501025817,15.073029970221002,-6.350756116254898,7.013015386545675,2.0602575090605506,-2.7961698766397562,,-38.87547411558373,-2.8922333160939373,-9.804533083761283,1.9636193700796722
2014-12,2014-12-31,grid_vtqvtw11.xlsx,-17.923715584805826,15.29810573637931,7.370728649919239,3.454471022746318,-22.394980415928746,6.479173754418835,2.956581522580298,2.00661705814434,,-55.613094303881695,-10.708269492423895,-20.147652567873223,-0.12507751987177138
2015-01,2015-01-30,grid_vtqvtw11.xlsx,-14.073143649518135,14.890523176953959,4.761771190575264,4.3766713061969105,-34.74763496363257,4.615437324201678,7.0005615178266005,1.5358239152483415,,-48.22620953160852,-11.69752771303321,-20.1873017160747,0.5254231729867431
2015-02,2015-02-27,grid_vtqvtw11.xlsx,-9.787904480409432,6.125407137258257,0.9734090273300907,4.420659130253561,-33.955575167306016,3.8938966382802183,8.355797932693406,4.921978505143679,,-56.80019556736743,-9.671624526339603,-24.84710827204746,0.9821660044858059
2015-03,2015-03-31,grid_vtqvtw11.xlsx,-5.8635242810512604,6.784928192291667,-2.6835739311122313,4.7724494102246995,-29.679173258753046,3.2986423481739626,8.416083598403267,0.02897459645541457,,-84.22440758709656,-2.364949181207484,-13.216709634399756,3.368795240524997
2015-04,2015-04-30,grid_vtqvtw11.xlsx,-5.649201450293289,4.542702653186362,-3.117082239759046,3.6874103673354113,-22.697332382696224,2.0647602013325925,3.1164622598212754,-1.5827500674314539,,,2.5375082275213376,-7.979576554834587,2.57723815331131
2015-05,2015-05-29,grid_vtqvtw11.xlsx,-4.422293588399551,14.084534366151747,2.60652568399231,2.3645402078976994,-6.717342236353244,0.8077289851381244,3.4340070013992245,-5.55678412514289,,-253.16040905649868,-1.1239981346762613,2.5063221987441433,-0.3689372176077468
2015-06,2015-06-30,grid_vtqvtw11.xlsx,2.8588191626294184,14.164896649098669,4.722845008792715,3.5462146463997377,7.192168005132175,0.5956230737863732,-0.5891643207543074,0.643596235275259,,-160.8061317010207,-1.6265374974466167,1.034223583754236,1.7946894637222501
2015-07,2015-07-31,grid_vtqvtw11.xlsx,5.037142159397663,16.371969443604236,6.65255972915626,4.186241680906372,19.097505778753973,0.6328970954877252,0.5714766284208767,6.477660170691426,,,-10.984221062880705,1.7638753514043866,-0.004991004942253375
2015-08,2015-08-31,grid_vtqvtw11.xlsx,1.001777907965279,12.334493631207346,3.9991419742389027,6.219173053297171,-0.6472002380610884,-0.2342078356714484,-2.540194399169939,9.066738303618191,,127.51593362935331,-4.443816445062104,-2.3632749265832387,-5.754210107934598
2015-09,2015-09-30,grid_vtqvtw11.xlsx,-10.665254988177693,13.60276526934537,6.560906155835074,-4.813515053890557,-21.493745904489415,0.8778559940157344,0.9288806614159133,12.620443489846778,,42.40090400188942,-4.815851845018761,-5.1276620595528986,-8.324796743631522
2015-10,2015-10-30,grid_vtqvtw11.xlsx,-10.806484922015702,5.875207410796469,7.270705573756313,3.8040432355448135,-23.99781099245824,-4.602905581080021,1.5068097182883398,11.593615232557559,,70.4649304921184,-3.91376846493256,-7.502757104660304,-6.577172107466767
2015-11,2015-11-30,grid_vtqvtw11.xlsx,-8.424899727315696,6.714705877371305,5.59404627451408,3.3206374764246855,-22.325462504249156,-5.582519061319461,6.044172489644164,13.491601758297541,,48.22469044731408,-3.8839450884393085,-8.655129612984565,-0.1312171461586848
2015-12,2015-12-31,grid_vtqvtw11.xlsx,-3.2206821223864193,-2.0870898001197764,4.405146894371815,0.6736474886585089,-11.120286452703391,-7.875085251470628,11.933632210748806,9.662935057638716,,114.19041072191641,8.692593700106546,-2.0311084101837635,1.3933499291139728
2016-01,2016-01-29,grid_vtqvtw11.xlsx,-6.68309862484023,-3.2545167816653975,0.49498069262917926,-3.78380634073016,-39.4558542658663,-3.7370249745670674,13.114665091420017,5.479034799498578,,-24.099632735001418,12.654770107931451,4.570398585567476,-6.287550012053117
2016-02,2016-02-29,grid_vtqvtw11.xlsx,-11.55685870428641,-0.3488277030995989,4.087524062979015,-10.594540002242256,-42.37571928762362,-3.9620122937599462,16.12329181875163,0.23984446968317907,,-105.71326732326649,6.094242588459479,7.414354685344201,-8.708737134021296
2016-03,2016-03-31,grid_vtqvtw11.xlsx,-7.8882134978790415,4.023679790041667,3.189208130813497,-1.4783713097338536,-78.09866763031528,-3.0498721711661934,12.604615805850184,-7.9561924468382434,,-52.62544166475481,-0.09279288295303253,8.434129386687324,-21.48427220624785
2016-04,2016-04-29,grid_vtqvtw11.xlsx,-4.23605161435397,7.526214155661625,7.35443975539567,-4.29705501937399,-42.41163720842474,-3.205342964157497,18.73492943611579,-13.095936020718597,,8.55858682067827,6.360357257550177,7.877474077864472,-17.466453313062193
2016-05,2016-05-31,grid_vtqvtw11.xlsx,4.613158976314848,7.5606698276251745,5.654900578853965,5.568689417970319,-15.242491795509036,-4.098286813802348,16.52521563410071,-9.863045611771689,,150.12333130362939,8.445605557924699,10.090335848816741,-22.75110209171772
2016-06,2016-06-30,grid_vtqvtw11.xlsx,5.253961211430693,6.22911431082905,4.43469024896806,4.920209524612079,39.29587303777428,-3.496377403398877,9.393255137846316,-3.0292271595527027,,85.08747084438575,5.525767335510192,8.933225535110118,-8.199927384018531
2016-07,2016-07-29,grid_vtqvtw11.xlsx,6.817325329411915,0.508618202902082,2.2598869223148537,-3.2868538691291223,51.67793889877132,-1.6925312459265194,4.979176874626571,-2.9572950450869415,,68.65966771756706,-2.9082685768536307,4.040353264856436,4.945710829295804
2016-08,2016-08-31,grid_vtqvtw11.xlsx,8.76618086211086,-2.811617743950248,1.0848726986746116,-9.392500596168968,52.261558515368236,3.9887598968215228,-0.5729359097909332,-7.83988978399683,,2.186475789333532,-3.4080782982776605,5.153198235045084,24.450087539638997
2016-09,2016-09-30,grid_vtqvtw11.xlsx,9.159860187500824,-4.866406961789908,2.9903867339821146,-3.187854821340462,33.60127322609827,4.790379362768066,7.100568254592458,-6.517937128365604,,13.99993324834675,-7.443357686395287,12.328087187020195,24.420564929023925
2016-10,2016-10-31,grid_vtqvtw11.xlsx,11.375770968290972,-3.319919207996594,4.3974712655048345,-3.8492649397086622,15.02627742340121,8.014173842805533,4.042671665732419,-2.2919685152762725,,28.821156058181778,-10.678254414512487,13.93532355550056,18.773672413058655
2016-11,2016-11-30,grid_vtqvtw11.xlsx,7.408414270922627,-0.8019013684937898,4.7745246449353,-5.599997458811357,-3.7641806266699143,9.333473174558948,6.766376086883345,-1.0331933794981838,,35.95478236516512,-9.09768209546656,11.047344355424405,4.825328332647255
2016-12,2016-12-30,grid_vtqvtw11.xlsx,9.522181446995209,4.072559232571567,0.45096427977401443,-10.920634418879343,6.748020477950691,9.208097443721586,3.520940063224124,-1.8395952144564656,,54.229428204489984,-5.363794305163873,-0.6091460481985062,2.6749357973040824
2017-01,2017-01-31,grid_ovzcidwu.xlsx,14.444666486676047,6.704366531562314,-1.5970450436851125,-1.3711246701003357,21.718930349379967,7.622121708526877,6.6554073113647165,1.0804387316942075,,82.71562621940016,4.554537266060925,0.34556463581981145,-4.063007088908431
2017-02,2017-02-28,grid_ovzcidwu.xlsx,16.27081053329744,2.6221809658077335,-3.723407226794383,6.3457729032568535,27.334756807722872,4.49870351809088,4.835011038313522,9.813606673114975,,79.65360951252731,9.276753425951856,8.555820522971626,1.051449678608124
2017-03,2017-03-31,grid_ovzcidwu.xlsx,14.039621340314321,-0.21543052283189648,-1.553521929901541,6.1770659963164025,20.32434108633202,6.159673337576598,3.4357648032366135,3.0188973025581136,,56.01850765804532,12.291914477056945,17.116561806108617,4.5394089153560016
2017-04,2017-04-28,grid_ovzcidwu.xlsx,3.06989988023638,-10.308416545651014,-2.3523724155518106,-1.5045329073295188,-6.490300989620941,4.167568989449638,0.9837992844899862,1.5507938976603919,,27.904790772812255,10.473975344301472,13.415909377769545,11.825112703220201
2017-05,2017-05-31,grid_ovzcidwu.xlsx,-2.0907198548530905,-5.782387931598945,2.530613890497914,-10.184714320735184,6.871230625324983,1.1570909801916016,-1.954956230579619,-4.168405917253355,,13.791374276929272,8.185868794582444,-3.338342044897609,14.418508650227043
2017-06,2017-06-30,grid_ovzcidwu.xlsx,-3.9139551421853587,-6.612844386477931,2.8127564822525977,-4.59600056608511,5.952771249855943,-0.22247562876535643,-2.5966598658721174,3.852153279731432,,-11.879502638914353,13.365733339891788,10.431760051796816,17.647193283447464
2017-07,2017-07-31,grid_ovzcidwu.xlsx,-1.5297433576813886,3.053108938452407,2.3418755114080216,-0.00359989820681877,20.380675186786178,0.07049244322628205,-2.979387932519724,3.6901979790106836,,-17.521685316335915,15.4448927159508,8.86478892856712,10.550895269098252
2017-08,2017-08-31,grid_ovzcidwu.xlsx,-0.18832091936887493,0.36982194880154123,-0.328886809340698,3.8810695854402435,-6.482278347594772,3.8747395821537753,1.8159325468409389,0.8299638776462148,,-13.561614050979001,15.207104824919318,18.754497867624668,5.561104104367834
2017-09,2017-09-29,grid_ovzcidwu.xlsx,-2.179257895830341,-1.7794777737706546,0.06084673878062018,-1.370748610576643,-7.4525466236510605,1.877975414934653,0.15613132100196447,-3.20082856759224,,-7.949554823494302,4.799179177543494,0.9797489490927985,-0.07826997713046649
2017-10,2017-10-31,grid_ovzcidwu.xlsx,-1.0891890006725085,-0.16174857308809448,3.8813056997515036,0.1810593553186779,-15.013142289840623,3.8354657424251233,4.2856826177612,-7.084156926921091,,-6.474470480393204,3.164279267037193,4.618469657276815,9.270029402459357
2017-11,2017-11-30,grid_ovzcidwu.xlsx,1.4906385686905999,0.5970534794918672,3.394963367491127,3.4839967535504246,-6.402415373706822,1.4171127700296353,5.417103606103284,-6.342083156399006,,7.69926176769728,4.1173406635375205,3.1710575284916658,6.6823858579274376
2017-12,2017-12-29,grid_ovzcidwu.xlsx,7.524329714376998,1.9353934446090995,-0.6337105809462379,4.600953424027272,10.14076296851775,2.8650233516675057,-6.591975039338085,-5.52115525892922,,24.477586012731127,-2.1150540708012073,8.041382055201584,17.219927714573156
2018-01,2018-01-31,grid_ovzcidwu.xlsx,15.027128834820406,4.330888425805498,-3.8820688045610825,10.51677537403177,25.105403647420122,3.366182799271225,-9.53157894445527,-1.3607263309806927,,31.992757170403042,-3.6612003573481275,4.95774871168147,-0.7593342454319467
2018-02,2018-02-28,grid_ovzcidwu.xlsx,19.84268928826512,1.8385304426464344,-6.9262012921992815,12.176629692085568,40.9596303599535,7.741698903997814,-10.387778832788415,-6.267382070603898,,19.67793583375283,-7.153813996146291,9.213349232876729,3.6594842305807473
2018-03,2018-03-30,grid_ovzcidwu.xlsx,20.200386764565295,4.109099543530715,-5.184274962532048,19.990848600460744,33.852947197931826,10.266506614582944,6.075807622734924,-2.5858773595001057,,7.046018366101069,0.8606110105162873,-15.613810351940902,-4.681134777197196
2018-04,2018-04-30,grid_ovzcidwu.xlsx,15.844163208936845,-3.997395258228891,-6.364140553456165,11.205795219845,29.079662298161978,7.749288066341076,3.971162204347234,-3.1799466795891904,,13.289392323526656,1.2777081011185398,-11.232740768781728,7.5443888233463055
2018-05,2018-05-31,grid_ovzcidwu.xlsx,10.411202887551777,0.809150946442623,-16.639636500006947,4.048346277371417,23.60868705462457,4.438200602121459,1.9212536254875197,1.655386434886554,,17.334754476982315,5.328574939341123,-3.3720036563631663,16.81676176210954
2018-06,2018-06-29,grid_ovzcidwu.xlsx,6.454121159400766,1.2230747712267585,-18.362516326024874,-9.331463061336374,21.443811554184382,1.8571736735910438,-2.116120781485814,1.1017235368783322,,18.216387945441138,7.343895357557539,11.325887034129403,10.617969759714747
2018-07,2018-07-31,grid_ovzcidwu.xlsx,8.188202187404341,7.511425301616172,-17.082477286407897,-9.60825223024695,20.38522817181186,3.5806150289884933,-0.7619091349706011,3.6465448621160865,,15.539064580911813,5.923619636613958,15.750864461781422,7.998640138583882
2018-08,2018-08-31,grid_ovzcidwu.xlsx,9.11901768166176,2.9244269479636573,-5.929815001955883,-5.631074451125395,17.36305582866371,3.532218869696069,2.6443781565859643,1.6654489976608053,,8.014312445457799,3.1236715046059906,5.0573943481590335,-2.1107745368978375
2018-09,2018-09-28,grid_ovzcidwu.xlsx,18.963007728358168,2.1278535187748515,-3.899967549480702,-1.8731151946656568,21.953054900007857,5.312413987849971,8.471287102863778,1.5334858548980193,,19.01205202416444,0.43854508761139627,13.390538927627423,-4.71044003308742
2018-10,2018-10-31,grid_ovzcidwu.xlsx,19.410342113725804,4.5013854143502785,-5.699156403341847,-8.734324818070661,30.77024900529974,1.7722086866353257,10.807048163991045,-3.1402169209883803,,15.718090940112834,2.0229249703333863,-0.07121307606069847,-8.396215876389988
2018-11,2018-11-30,grid_ovzcidwu.xlsx,12.867801064593525,5.228778339395899,-5.621542078001131,-10.090735528684382,17.485168550932517,3.8799053072695417,7.49314011533093,5.495932822302879,,15.25197490908947,2.5041855867663414,-17.301087240190544,-9.91003961190887
2018-12,2018-12-31,grid_ovzcidwu.xlsx,0.4846900517682247,1.056625718739596,-4.855932688046094,-10.023528909557724,1.6762277956257898,5.5261327178253135,2.6709630851303534,4.53746244411694,,4.732875642939329,0.9823979051949603,-19.881544953904207,-7.70684616512223
2019-01,2019-01-31,grid_ovzcidwu.xlsx,-10.718482232025337,-1.2513240438400972,7.036447173508497,-0.5863776297729677,-18.685145936638087,3.748836257646751,-1.657109901422043,-0.085953887815112,,-0.1627326639051221,0.3226846513474581,22.118124046352726,-1.3607693570834758
2019-02,2019-02-28,grid_ovzcidwu.xlsx,-3.378283285881768,-0.807513438703581,9.527944657223365,-3.4964740466248414,-8.940620569591696,3.0937133765954012,-2.4578718057949493,-2.022805837433274,,2.8434037541458275,-2.731475818491844,37.410258693537166,-3.127070525529689
2019-03,2019-03-29,grid_ovzcidwu.xlsx,1.6497522618793288,0.6418905736148028,10.781419182080407,-5.013954980871352,-3.193057549746371,2.0370474643389476,-4.432261695252808,-2.8266094502289936,,1.7643350477555837,0.3679060563770801,51.227210554860804,-5.746277886085841
2019-04,2019-04-30,grid_ovzcidwu.xlsx,5.729735124373524,-0.5058578535978673,0.9885133703296795,-4.935042055519396,3.2106584804141676,6.068163489321692,-1.256279386392971,4.307752790539474,,7.0013431198533125,-0.12012653581739208,8.920862017877187,-8.85454035286958
2019-05,2019-05-31,grid_ovzcidwu.xlsx,-1.3682603825005166,-0.0016480699924726052,2.910028567272039,-2.559409244115236,-0.7367552494132196,0.7587006848176405,1.7864963241355534,0.5623829811144598,,-1.523315848070061,1.934722803803182,9.34115634861718,-4.668257599774284
2019-06,2019-06-28,grid_ovzcidwu.xlsx,-3.4236981405838445,0.7354474841211904,-0.6460183279495271,0.41799483509243157,3.6332293389362613,-1.693109995716241,0.552169513202373,5.577499017307766,,-5.497941489941481,1.426148150880047,-4.090373281753412,-0.9777404408854322
2019-07,2019-07-31,grid_ovzcidwu.xlsx,-6.053410166267148,3.718448409883346,-2.446907141697959,2.156772970948421,3.54453801268825,-5.9302615138123755,-0.841313170478851,9.954547010445816,,-1.4046088010381679,2.2559341813619476,-6.606667037197036,3.9547528540241075
2019-08,2019-08-30,grid_ovzcidwu.xlsx,-8.273938110393775,4.838997947888264,0.29403384781176933,0.7489235972152011,-8.427925535878044,-3.6549751640915304,-4.278194031243232,15.696412464296818,,3.41517297229149,2.875981649917006,8.912875580087812,4.9545936565092745
2019-09,2019-09-30,grid_ovzcidwu.xlsx,-8.614221584870023,4.750586539670089,-1.4214894472773945,3.950193179705351,-10.292448843722585,-4.963335785041139,-4.771350802150324,12.668625682223192,,4.845199276987821,2.825829730958392,-1.783715000562405,6.699561451498692
2019-10,2019-10-31,grid_ovzcidwu.xlsx,-5.486537199495355,2.5894770462889056,-2.616704513148862,-0.360983946629116,-16.755124012116667,-1.4329308675509276,-4.164990368445592,7.59684319092786,,-4.509606946852828,4.586186673152887,6.839641396134693,1.7522622991531542
2019-11,2019-11-29,grid_ovzcidwu.xlsx,-2.1564141110746124,-0.9039959859376964,-9.867898532155877,4.2765799433436005,-3.0414522895122333,-2.2905771817444647,-3.9005131391705348,5.010230008624659,,-5.62786425413735,5.127918198550574,-18.774348374333535,0.6902565246358162
2019-12,2019-12-31,grid_ovzcidwu.xlsx,-2.182988910252603,-2.682122964261858,-6.639264612648531,-3.3818026552160894,-2.63370213930992,1.6291248276759953,1.2215944223214243,5.983730174244187,,-1.8751124425660612,2.5989114929431425,-10.087114209585822,2.611663551988179
2020-01,2020-01-31,grid_1mk3z2wn.xlsx,-9.236160362673196,-4.073939225075627,-3.9699918287889173,-10.085699904462334,5.810712546209148,-5.316582093698714,5.516638962194924,6.167449531681666,,1.1280452844659936,3.8442645834609173,-6.5258966325499115,6.052506900490117
2020-02,2020-02-28,grid_1mk3z2wn.xlsx,-7.917957098831925,-4.795018528064966,-3.4517964316694205,-19.967960619614825,1.7100823229461837,-3.1219056636640437,10.241845491587297,7.609570918648205,,3.07095725560435,6.684177528152543,6.326488819771203,7.555267684196326
2020-03,2020-03-31,grid_1mk3z2wn.xlsx,-22.556033504741972,1.3720934397745461,-19.702493165993385,-25.551266373741484,-96.00206183517982,-6.797824969340943,11.344103686527351,0.2224466095199845,,6.166908710359349,-26.01888602957577,8.314362320727152,5.017585841775369
2020-04,2020-04-30,grid_1mk3z2wn.xlsx,-31.824145153253063,-1.4721912431759165,-32.96940113562098,-30.995259258179868,-169.9885289106782,-9.111072360670263,3.307631350682057,-23.119609525772848,1.347445166958035,-3.073810570149614,-54.22530291743794,0.4273001868757398,-4.117873531641267
2020-05,2020-05-29,grid_1mk3z2wn.xlsx,-37.967029441122385,-0.7365278818740918,-34.820351822964824,-29.728325318098626,-286.52180526901515,-19.320927939318203,-4.097737834919542,-44.23757091108512,3.0043367414943196,7.174404097601456,-54.915480621418176,-16.151448871662062,-0.9685822243033382
2020-06,2020-06-30,grid_1mk3z2wn.xlsx,-30.89311473421748,-7.312934242241667,-21.5287805638718,-19.74836513406113,,-30.914463876507618,-4.736391249656554,-48.51130087427066,4.240306338510239,5.525092007077502,-9.817750718528423,-7.618712137447041,-1.5349139321203957
2020-07,2020-07-31,grid_1mk3z2wn.xlsx,-8.233005890301445,-9.839913888282577,-1.7639289892483958,-10.496507841952491,-118.25364614601541,-25.320283472918604,-2.106799966029956,-6.32819183641065,4.645212207870579,23.15597418299087,16.85237218100988,0.6091607880717,13.808061522462726
2020-08,2020-08-31,grid_1mk3z2wn.xlsx,8.368671527005468,-3.4869194413657087,2.233586567339699,-2.576579987107402,120.90367691493174,-14.675051661656127,-0.06455646775069959,12.453289139352997,-1.568210069146488,20.287460363710057,14.090939337495534,24.46226464420517,9.120620266568933
2020-09,2020-09-30,grid_1mk3z2wn.xlsx,26.947577408545776,-0.2791513286744809,13.672643559324651,-1.1179531777055514,,3.954484298528734,-1.9854561611497168,34.05777776462989,-2.3637999025075898,29.297756233722506,-5.001395726571844,9.282932592808649,10.683819633246674
2020-10,2020-10-30,grid_1mk3z2wn.xlsx,40.0247164566229,9.20657129114125,9.147759889903542,6.323352473804311,223.06966449097132,13.24207825208662,4.348766847826495,30.44230101951944,4.916846249990351,39.85780415963026,8.76751864314821,5.264733616829646,15.099884666515292
2020-11,2020-11-30,grid_1mk3z2wn.xlsx,47.02070495533713,2.268828835731714,18.56750316880391,8.640404295885878,132.53837317557355,19.489801326644603,8.349614647429288,24.088908701502337,10.712951212618366,43.355331651157414,12.673654703342088,-8.592201744725319,11.290364411921388
2020-12,2020-12-31,grid_1mk3z2wn.xlsx,38.49224788377128,10.098506226209935,14.433035165753116,12.746195263872199,110.82208138088387,13.890125307054973,14.922170080754993,18.273262244556182,14.304333407279579,29.007305236071517,16.18651103113847,2.116777408268956,0.19389966327853833
2021-01,2021-01-29,grid_1mk3z2wn.xlsx,32.481205184384855,6.629345392869247,13.086793962364387,11.521539579425834,58.70205555358362,8.975757698000578,14.471381041988614,11.464158357606848,3.4535725461965523,28.542816872958582,-1.442837732004008,-2.4659614695534007,-17.2808830159674
2021-02,2021-02-26,grid_1mk3z2wn.xlsx,24.835413918975682,7.841237249911319,3.993600531603706,7.165259611908646,36.837649221756394,3.0059543348403164,9.536493169412795,13.69018207745634,4.772688320438526,22.902055112084067,-9.718765451773614,5.647774856037133,-15.464703070663438
2021-03,2021-03-31,grid_1mk3z2wn.xlsx,34.12888399386084,0.9774934760994632,10.388184347923623,4.143872287975617,28.048688143848278,6.236031195301722,9.092018098049303,2.1909465947279734,5.467754632057368,37.219833242167674,-6.862771670949226,2.535939293503282,-13.724227239213135
2021-04,2021-04-30,grid_1mk3z2wn.xlsx,35.887541522975084,3.491733163574115,8.841599192575616,5.604176094766384,47.78736185220254,5.93076842059658,1.0494251694794994,-2.7160941412688153,7.752769687311521,30.266292909237595,-12.27634932865254,9.132028858006619,-4.869511652332928
2021-05,2021-05-31,grid_1mk3z2wn.xlsx,21.060831841745145,0.5501096534798187,18.185449777986946,10.867755889225975,38.59580161334842,3.327927994777538,2.7451978603633154,-2.779065137822459,-33.38005260992183,24.799501267599158,-3.863352836002556,11.69054807656091,-16.733387541558177
2021-06,2021-06-30,grid_1mk3z2wn.xlsx,13.74279398222745,1.1925631305100075,13.547155813742465,5.529080251293525,35.85101510247177,0.34434669570948423,-3.1005290235526237,3.323096292241443,-32.66119592092159,13.610670676814904,4.888058439820164,13.359824031925147,-26.213370206477776
2021-07,2021-07-30,grid_1mk3z2wn.xlsx,4.390157518096733,0.10622696718079641,25.947736627806268,8.368142483122353,13.262733030327938,2.5371221942407205,10.035121921663878,8.116348889642417,2.2779181940644895,10.471508688759876,12.25737942208069,13.69011376690066,-26.513164248982974
2021-08,2021-08-31,grid_1mk3z2wn.xlsx,7.370423433940281,6.550353946358952,16.119552786863846,2.62766351424454,18.73046145074478,7.121471373185365,14.927552861491355,12.701695118895472,33.022292138359276,3.886454043107037,7.625499545371079,2.5121574606232575,-7.30149912995413
2021-09,2021-09-30,grid_1mk3z2wn.xlsx,-3.9156594150820268,-5.076725875437191,14.933513188142145,12.795455506529091,7.916763125046662,5.455443106292137,36.14908232066262,17.88257468613,15.177988754760754,-14.994942757240409,1.729674570456751,-1.4940792070868425,-0.6600895197021583
2021-10,2021-10-29,grid_1mk3z2wn.xlsx,-7.545108249732611,5.493779283820918,4.82285588998233,16.823057643458007,18.604415132180876,6.462371259441478,25.521302190903473,12.793318496054887,-16.41627931795435,-34.57646543852367,3.324593070261623,-4.739121811651344,-2.2781182330750767
2021-11,2021-11-30,grid_1mk3z2wn.xlsx,-3.678376626985816,-3.626290253823705,-6.202991738783456,28.98055583199727,27.04863568644923,0.8971342006544579,9.587071503130502,9.381530362454185,4.459560358932293,-44.19748215155926,19.919848619995637,0.5807261443383945,-12.553784475236618
2021-12,2021-12-31,grid_1mk3z2wn.xlsx,1.6099054636925034,3.21387256131338,-16.484573171418226,16.427761826039283,25.538292371949723,2.193830055031436,-9.648282522576695,3.621380805778185,11.548879462534666,-34.10611387651363,11.80095760688599,-3.36241983962133,-0.9720437769975473
2022-01,2022-01-31,grid_1mk3z2wn.xlsx,4.13650118281958,-11.471344409937267,-10.258223138042066,4.681973010877768,11.987720535743298,0.7686304541592891,-10.66017773686561,3.3318014367422384,12.825148796930142,-16.17949999371546,9.597821036664588,-2.9418735612782383,45.60173160205391
2022-02,2022-02-28,grid_1mk3z2wn.xlsx,9.300015521321352,0.9380808238950066,-2.592714727662514,-3.369368359155531,-3.027964090873259,3.6147537415723656,20.077102865003592,1.5400888664797494,6.204074097921074,8.636748526145874,-6.08546171192655,-9.626756909545277,47.825187589862026
2022-03,2022-03-31,grid_1mk3z2wn.xlsx,17.156148172371395,4.939516355715885,5.167637502049578,-1.2372302024265593,13.417642643539384,5.090741160484328,28.771977744713496,5.670328513560262,17.704530794324235,21.73739704159364,3.063555975034334,-0.3442531380395515,53.31304013469652
2022-04,2022-04-29,grid_1mk3z2wn.xlsx,19.77735433045729,2.4391965956988635,7.267506340557989,8.860684295379302,17.753451726155895,3.910763003593461,28.935326327013865,3.3718700449835244,20.392061337081437,24.369333427237045,6.927612391858985,-3.3449210566926095,0.9935557938495585
2022-05,2022-05-31,grid_1mk3z2wn.xlsx,15.34233297081661,-4.306346476581461,18.187832420690235,-3.364851951520685,23.847677069640245,8.875428869419032,11.162821443176814,6.918596862200606,14.418892858753857,13.804989308440483,10.539059570301424,9.902382261229228,7.659676292091704
2022-06,2022-06-30,grid_1mk3z2wn.xlsx,12.586167237234624,-8.87442369390615,13.56267075683528,0.27738869106996217,16.75279112232014,11.283567592848987,-7.217491690906544,15.336865596867286,12.925540620099666,6.962853313881126,9.47272058685814,31.46199143352814,2.062750037961881
2022-07,2022-07-29,grid_1mk3z2wn.xlsx,4.964174208887847,-8.093512202079685,6.033847511991678,-9.58948961312992,16.531015094064045,10.592277804137867,-3.1719681439012803,21.62237825890077,4.822259191677333,-13.785003833202698,8.855992358642574,30.96640140773605,
2022-08,2022-08-31,grid_1mk3z2wn.xlsx,-0.6043280119688063,-15.459997010022237,-3.6630257046256025,0.4324543107914676,13.57768509502392,5.931581002851692,-6.305979089526607,18.443457175855578,-0.4457379357229911,-15.301693161702426,5.789674914816355,10.726330074499934,
2022-09,2022-09-30,grid_1mk3z2wn.xlsx,-9.28147438222143,-16.06720392249785,-2.1983149572198295,-3.864885176766179,-0.6415746549817035,4.006208419696465,2.307701473942272,15.60504119409399,0.4081582890114953,-15.623303492527358,5.754379136678332,-8.892899283630848,
2022-10,2022-10-31,grid_1mk3z2wn.xlsx,-17.27110153012689,-12.585941995510321,2.04609740490491,-4.190953555914277,-5.043202950725927,2.140694948062641,1.9096693592073504,12.756879896403584,3.0842147041124135,-19.662589250681176,2.926629678145109,2.596528861574129,
2022-11,2022-11-30,grid_1mk3z2wn.xlsx,-11.498045030434373,-2.6570083329712286,11.111444915920107,-1.896604089881179,-13.93106491270185,-1.168004660124738,7.780239835328236,20.923353244753343,12.318736057155625,-13.282023748851618,2.60058410519747,18.86070372051153,
2022-12,2022-12-30,grid_1mk3z2wn.xlsx,-14.092540567795227,1.3883073811640632,-14.852077293463042,-5.7573471191126115,-23.416659516380083,-3.0865042220995935,8.899260782146781,13.929802892203469,13.847735669769653,-17.98841863578614,4.7766957545533,2.6526226189534796,
2023-01,2023-01-31,grid_22fp35k1.xlsx,-8.584029188979267,2.014605295551222,-18.722290766249174,-16.87532179388406,-35.9306332255662,-0.7475341148486595,-2.379421826759919,6.471818504950605,15.849816361478467,-1.1938446009330168,8.077948262525592,-0.011327838791759156,
2023-02,2023-02-28,grid_22fp35k1.xlsx,-3.397083449313322,0.1517554349025482,-30.18545985422525,-16.053384595331377,-12.878084823821917,3.7793293290822754,-7.326370389542084,4.414634613538676,13.4775458820543,-5.28534368730962,11.347180607123981,-4.055469029313335,
2023-03,2023-03-31,grid_22fp35k1.xlsx,1.0059765847028914,-0.6791539872506406,2.287710699800747,-5.5718836208512466,-2.6873866521752077,3.149451718105165,-7.553366208037379,-0.9547724512798718,11.68675861634281,3.2395275839846347,14.485800796713438,6.320067247077371,
2023-04,2023-04-28,grid_22fp35k1.xlsx,-2.622666846101607,1.7143275276316632,1.5166471849982877,10.320812729614648,10.552059061741945,1.6834840245394858,1.552333112977033,3.484416733753898,3.7587472373122774,-14.588641573070948,7.4756161180951715,-0.372643381779841,
2023-05,2023-05-31,grid_22fp35k1.xlsx,-12.97714507785985,4.388751785483495,1.1276447979883462,8.306144638598914,-5.532396011790876,-0.4979378261945432,1.7778514838816286,-2.263150284168469,-7.454344970189079,-17.98663705065641,31.908918398075652,10.830885760482804,
2023-06,2023-06-30,grid_22fp35k1.xlsx,-12.847211880239328,8.143273014401995,-21.5041788014164,4.226849047976557,-3.176466023165978,1.1215035591204034,2.1565430123093505,1.5171013304357324,-10.57028777854174,-30.166661299237653,26.54242115732949,-3.4317494055722064,
2023-07,2023-07-31,grid_22fp35k1.xlsx,-6.255156175779129,7.05776228057497,-17.96211086590512,-4.64872063676957,-4.07840886115028,1.9301005764269064,8.658889286824595,2.817961067829919,-3.2741632767279905,-20.664439544146468,34.48123354849858,1.4800910148674467,
2023-08,2023-08-31,grid_22fp35k1.xlsx,1.1762396787249272,9.853862366998994,2.4000004365383987,-3.5669267895482144,-0.7044479570231658,3.114968673741856,12.567466613651785,4.432998272794083,3.451199503480095,-20.689794830665967,1.7139127658347482,-6.227897476629047,
2023-09,2023-09-29,grid_22fp35k1.xlsx,6.974561854593789,12.684912131347659,31.365759050856756,-7.602382319652989,0.10310701411158207,3.499846184925913,12.215646568956734,5.675018993005294,2.5176199291266887,-5.955231568165464,-3.9278518787785357,18.71764341999862,
2023-10,2023-10-31,grid_22fp35k1.xlsx,15.619737751055846,13.777500133019721,39.23108358266862,0.18261262278553,9.352564026107032,5.75433507712136,7.81383214979434,2.3531947285114403,2.0623930773008263,8.184294536306092,-5.937356150197782,19.491241451250897,
2023-11,2023-11-30,grid_22fp35k1.xlsx,7.40271154752063,11.355624137400214,30.610817861280644,-8.041814292796934,6.666806795752728,4.49967255257169,7.801665401469688,3.768205099279583,8.276539245270834,15.318423913232703,-7.234645116436453,14.686905204398776,
2023-12,2023-12-29,grid_22fp35k1.xlsx,7.404840339182714,5.024976733557743,19.558292307307067,-3.935982764945953,12.843221648403835,3.437911554785268,9.83371498976345,4.260131178097629,11.779487841978197,12.536611509910417,-10.218445792877198,1.4134781076494423,
2024-01,2024-01-31,grid_22fp35k1.xlsx,0.10754611741266808,5.91717366624108,15.115773591202899,3.6664480690619783,1.7977465682982394,2.786573267249098,9.27220585010571,5.101473801774762,8.935964396377344,9.861393209240838,-15.49504766667914,-10.735922101551965,
2024-02,2024-02-29,grid_22fp35k1.xlsx,1.7229230320474593,5.013480742964333,12.42670849959833,2.779266983945357,-0.35048205163809704,3.45316845672237,6.105153439130351,6.606345589648889,3.402537174754658,4.970284161243841,-10.567325435470272,-6.401154460780008,
2024-03,2024-03-29,grid_22fp35k1.xlsx,-5.9140455437258685,6.222638684702621,14.552883520112031,-1.093958834341675,-8.86940969150589,4.203311159099079,5.88810917653015,1.8355370000426035,-1.9183771434784367,-4.851005569701539,0.7630552956761506,-3.5441169469763145,
2024-04,2024-04-30,grid_22fp35k1.xlsx,2.4296408212179053,3.871208579814025,8.941466451672582,-4.586552066038014,4.579913848468986,2.404191902633506,4.838697653153069,3.36841706907803,0.5882360544792964,-17.348188246281918,1.5066284581993212,2.991076128688515,
2024-05,2024-05-31,grid_22fp35k1.xlsx,1.4772473940922761,0.7521479494141794,2.256839050886344,10.494139330608013,1.5854304144628892,3.0910242214852905,7.036097192209775,0.5985957995090466,1.3427927579413006,-8.636455742878134,-2.16320224926228,-0.7429083412938183,
2024-06,2024-06-28,grid_22fp35k1.xlsx,4.249133493725276,1.4296163749820563,1.2313433613642943,15.783917542612533,-0.7031964983791106,3.907475317863861,12.67056057010568,5.127963640867687,2.846036123292061,3.2340591045669984,-4.878776083237309,-3.296968685406561,
2024-07,2024-07-31,grid_22fp35k1.xlsx,-1.2896051244531173,1.529206090190499,1.8935670941610871,11.817870944394587,1.55446761699152,4.506988231372618,12.595141799291444,7.759746425665695,-1.9285943520040756,14.005203125125135,-0.9739121400237057,-5.648555281893562,
2024-08,2024-08-30,grid_22fp35k1.xlsx,-3.720994761311675,4.402947027106976,1.066088416700539,6.863864571109452,-2.6007156255298733,4.585987750257945,19.259531511391764,8.453376449312419,-2.1133512822785328,3.5982532773259446,2.835639840315425,-4.4389239593098475,
2024-09,2024-09-30,grid_22fp35k1.xlsx,-7.311725871092268,5.61737796670272,1.6379633175555728,9.208189263446135,-6.448256675197091,2.5192821446910147,7.284647208129782,0.1390165330935017,1.2711249295487541,-1.5052499626451772,7.442313449528243,-6.095485065972362,
2024-10,2024-10-31,grid_22fp35k1.xlsx,-8.744951418999063,6.956336089089543,-5.4134698136502815,9.154989553204867,-12.749373679053338,2.5365246311052703,6.596871913040086,2.3408068231701105,4.13612619186265,-6.341473477993318,5.296110134035337,2.00417546007054,
2024-11,2024-11-29,grid_22fp35k1.xlsx,3.6488522396204592,5.035582495087391,-1.0636199364837133,6.3064557893159625,0.4752783951921059,2.56891765572997,0.32866264058113587,4.182693451499483,5.813214013007089,-2.273610842867423,2.5556470719955495,7.5916872145791885,
2024-12,2024-12-31,grid_22fp35k1.xlsx,10.047904927872743,0.6746757079118604,1.3005663552748399,-10.679113110421131,11.788472846380879,0.5351344237251431,3.9343118858122965,12.871217146142818,5.577599378396741,-0.8277014248348684,-3.316089220356302,8.172915946141092,
2025-01,2025-01-31,grid_22fp35k1.xlsx,5.794838675040509,-0.824888286358187,-3.0663523632961667,-13.741030319189962,8.106463707263021,1.556358549687566,2.180053354102905,4.891594258892856,10.29706094248962,-5.673536011605659,-5.007998335604072,1.5755899302692764,
2025-02,2025-02-28,grid_22fp35k1.xlsx,-0.5556162392011187,-0.9885083208844085,-7.048814609102148,-2.4278378391884856,5.077109742271975,-0.17193219657507564,6.193463090191418,-1.4089228317721425,11.642130650932184,-2.007654277590012,-5.477188161593529,-3.739785400376362,
2025-03,2025-03-31,grid_22fp35k1.xlsx,-1.982500994530378,-0.1541874591896386,-12.694996273642639,15.833006154972718,1.6105572444861433,1.359846671930695,5.832482189802674,-5.029534419957984,12.319368745376641,-1.7006425958946203,-3.316339614097161,2.6517606243890706,
2025-04,2025-04-30,grid_22fp35k1.xlsx,-18.36980893718634,0.7981781117835398,-9.006483708456535,19.944866537635097,-15.539970189359423,0.24327479415597206,8.698762574346581,-4.616179550360246,7.556120759334794,-3.3997732151141746,-2.1636697105163627,6.991381165320938,
2025-05,2025-05-30,grid_22fp35k1.xlsx,-19.411320584317394,2.95630540195465,-15.263701069353052,9.314091637493311,-22.273681995735597,-2.0060319201551846,6.827554281808758,3.9007924595534553,13.72531447544738,-7.126526076753367,5.219378772549978,-1.597292206803785,
2025-06,2025-06-30,grid_22fp35k1.xlsx,-18.342332784420194,6.725563275950318,-16.961210946359888,-4.88878555989661,-21.220300146323385,-3.693361210136735,9.240446290638207,2.840326498329734,12.264070365080537,-11.026445928492269,6.228487544034421,-6.38742786004353,
2025-07,2025-07-31,grid_22fp35k1.xlsx,1.0738688798338567,9.298028124283112,-10.734311335826947,-8.24079164102842,-10.356455086113257,-3.197200502209193,8.088068337654573,-1.1976627771355446,12.841483731113737,-5.698845872840084,4.69946749671714,-10.057712026828169,
2025-08,2025-08-29,grid_22fp35k1.xlsx,-5.313728913904018,8.53012262632686,1.9103567196970546,-16.910405205461505,-15.684452580230188,2.3025866251226472,9.085701375019685,-5.604661263473516,5.049648480812144,-4.9868327733693505,2.0369140810079283,-1.298206545177076,
2025-09,2025-09-30,grid_22fp35k1.xlsx,-7.164455679435895,5.270731855533408,6.955052797488295,-3.4788820175217907,-14.076173928704177,2.8849805402918687,11.03734231113378,-3.1533745120190964,4.748721330543607,-5.725929007349103,-0.026061786801810805,5.672561692602229,
2025-10,2025-10-31,grid_22fp35k1.xlsx,-6.303622964981219,2.038316068127219,8.530773390725326,-1.8081989322665977,-6.320074456871937,3.533437865398837,15.327734737312568,2.639333750860258,5.17682879628002,4.660720767214992,5.168278031997482,15.605758434443612,
2025-11,2025-11-28,grid_22fp35k1.xlsx,-0.9798770412456186,5.153236558195672,15.919403941961626,3.844427492123196,-4.691490175971895,1.128359684405254,17.660692140634534,5.351355997916885,5.618663936628736,8.722617554338388,3.243193969669794,17.356169011089236,
2025-12,2025-12-31,grid_22fp35k1.xlsx,0.7576131607081157,7.650149989626298,21.94702082964855,5.0978297135589825,-11.827580479658867,3.6567589603964947,12.121086473022476,7.7121286629511285,4.54189445024718,13.37992034538634,10.200144949211271,10.638208282553153,
2026-01,2026-01-30,grid_22fp35k1.xlsx,3.298523522256235,8.439469928964842,15.574379085009044,4.548993571035263,-16.91560273711161,3.7811579550485126,8.35108189541641,8.239430867786973,1.662560968462521,10.435795148804454,7.116952843825573,10.066783659426697,
2026-02,2026-02-27,grid_22fp35k1.xlsx,9.627895051317028,6.425338766809746,2.2117764399816395,7.951411778885569,3.436655178097476,4.338962816828577,-2.641353271903533,5.8530591243614305,-0.33829064362112193,5.835349622995914,2.4537791163495153,10.367524358931853,
2026-03,2026-03-31,grid_22fp35k1.xlsx,32.10595552280639,6.148894860684609,1.7339205608137325,1.0870899097004223,46.6030477396629,2.448949655872797,-4.814179940057863,6.908670636678384,4.1405233975042055,8.155282038899605,-2.9478645864227495,11.682708677388085,
2026-04,2026-04-30,grid_22fp35k1.xlsx,32.714933649531844,6.970040246520402,20.452178145287046,-0.2224777237493034,59.4697734317907,1.6637033704049158,-3.5081216381203832,3.0479320060725974,8.560283763300658,-6.265223129872596,-1.6056950943760344,11.99568800651753,
2026-05,2026-05-29,grid_22fp35k1.xlsx,21.932508026882367,2.9355024298147474,20.287141103846132,12.770232830875509,46.0349706641752,1.904272325996515,-4.8354784293459385,1.3675739896450727,8.768547828820546,-6.699503603778102,8.35847209258044,1.9783673257824157,
2026-06,2026-06-30,grid_22fp35k1.xlsx,-6.178410866666355,1.865706179605577,13.718159314747219,16.65341643351819,6.9822285656365475,5.509685040604408,1.6618071537192989,-1.7235596794151111,-3.6443238971528693,-11.26384027553448,9.454117347230499,0.3666172572711453,
2026-07,2026-07-31,grid_22fp35k1.xlsx,-6.874742605419599,0.37459705010751837,15.026393627670393,17.69602623901626,-1.9079224305361993,3.9016742269712004,0.763452975691795,1.6066559636203195,-7.637454388618941,-8.118172284823117,9.50322619242422,-8.187989353751354,
2026-08,2026-08-31,grid_22fp35k1.xlsx,0.8386904673096452,0.503531036548502,20.980359436742003,-2.678555091953794,2.4426341478929126,0.23823762851612112,5.1565471058152585,5.994934021309605,-5.914130057446776,-8.14041519654576,0.1416658343570708,-5.3960754234926815,
2026-09,2026-09-03,grid_22fp35k1.xlsx,6.428873002399012,-0.5813950066962021,21.023996129705477,-3.756404629417735,5.5488570741302885,-2.5865132435722975,1.976551119845032,5.106706395621212,1.7675367153875199,-9.15986800821953,-2.7329471722089984,-4.7958883074062,
