month,Energy reported,IBOV,Brava Energia,Oleo e Gas Participacoes,PRIO,PetroReconcavo,Petrobras,Ex-Petrobras dynamic,Ex-Petrobras core (PRIO + Brava)
2008-01,29432.8344127123,9959.8780653506,,,,,29432.8344127123,,
2008-02,29645.2019747068,10289.6073694319,,,,,29645.2019747068,,
2008-03,30769.5536604932,10303.8674847883,,,,,30769.5536604932,,
2008-04,30957.4695837808,10682.5227605994,,,,,30957.4695837808,,
2008-05,32324.6684019726,12096.372419705,,,,,32324.6684019726,,
2008-06,32989.7392997699,12518.4253993854,,,,,32989.7392997699,,
2008-07,34314.9850455671,11614.2108805641,,,,,34314.9850455671,,
2008-08,34896.3779850521,12104.0246422624,,,,,34896.3779850521,,
2008-09,36268.298789874,14266.9874911289,,,,,36268.298789874,,
2008-10,34382.2515326247,13115.5788441607,,,,,34382.2515326247,,
2008-11,33491.210374663,11850.1015847353,,,,,33491.210374663,,
2008-12,29096.400896,11084.4648793578,,,,,29096.400896,,
2009-01,26792.8816710137,11033.7390162929,,,,,26792.8816710137,,
2009-02,27042.7876927123,11190.3574737604,,,,,27042.7876927123,,
2009-03,24508.1156734247,9959.6274718116,,,,,24508.1156734247,,
2009-04,23604.0850165479,9074.7839544323,,,,,23604.0850165479,,
2009-05,25104.4839760658,9195.7718891232,,,,,25104.4839760658,,
2009-06,25090.7494652493,8893.8981333335,,,,,25090.7494652493,,
2009-07,25347.7203687452,8563.7339145049,,,,,25347.7203687452,,
2009-08,25339.541907989,8388.6174345144,,,,,25339.541907989,,
2009-09,26521.992946674,9160.297840549,,,,,26521.992946674,,
2009-10,27343.9044481753,9619.9296044267,,,,,27343.9044481753,,
2009-11,28859.7220758795,10130.9507990353,,,,,28859.7220758795,,
2009-12,29662.500864,9965.8393607924,,,,,29662.500864,,
2010-01,29007.9265739063,9673.1700027944,,240.331298630137,,,30689.4562402192,240.331298630137,
2010-02,28320.1473912361,9709.5848024094,,221.153231605479,,,29840.4618688877,221.153231605479,
2010-03,29012.1788076429,10789.075082854,,225.766301369863,,,30621.3673941918,225.766301369863,
2010-04,29635.3195654762,11006.9069751206,,281.719956164384,,,31462.0239254795,281.719956164384,
2010-05,27099.4479235388,10281.7774589307,,271.827478093151,,,32083.2421551342,271.827478093151,
2010-06,26950.7843853405,9981.9088020925,,274.895894443836,,,32580.9011164931,274.895894443836,
2010-07,27045.6020456823,10157.3473649416,,277.616772821918,,,33107.7623808,277.616772821918,
2010-08,26043.1805735969,10478.9497789164,,378.695728920548,,,32989.9049296658,378.695728920548,
2010-09,25585.3534653899,11407.2372415397,,298.622562367123,,,33394.5893930082,298.622562367123,
2010-10,25890.2192560051,11592.0156282558,,284.533702750685,,,34355.6581011288,284.533702750685,
2010-11,26577.3965953684,12019.0125511685,,165.547605479452,,,34706.0547022904,165.547605479452,
2010-12,28108.4595888069,12597.8633879485,,244.0,,,35806.298112,244.0,
2011-01,27471.7172135821,13177.5163218255,,328.245350994535,,,35954.9469880656,328.245350994535,
2011-02,26929.3029852374,13431.2669381568,,428.796726557377,,,35747.873506623,428.796726557377,
2011-03,27197.9224803103,13213.0492168076,,470.548087431694,,,36151.9318536393,470.548087431694,
2011-04,27678.808036833,13174.7446615963,,537.022819672131,,,36367.6794208525,537.022819672131,
2011-05,26793.3038270447,12498.0567318548,,516.745529879781,,,36570.3692422295,516.745529879781,
2011-06,28449.1181149492,13424.2893837919,,615.959712874317,,,38017.7918321312,615.959712874317,
2011-07,29939.8687573529,14082.4292593319,,583.57868852459,,,38957.3051285683,583.57868852459,
2011-08,31037.4498452394,13480.6643563939,,496.757782666667,,,40377.0013013333,496.757782666667,
2011-09,28543.0045469092,13359.1834293639,,617.319846469945,,,40856.1304313005,617.319846469945,
2011-10,26850.8698277753,12887.0678723443,,491.106853333333,,,39740.20096,491.106853333333,
2011-11,27913.4061246393,13114.066429376,,579.143672131147,,,40474.241505224,579.143672131147,
2011-12,27142.8586176216,12652.2355261844,,521.783109289618,,,39451.2013905137,521.783109289618,
2012-01,26838.6281662673,11926.744740175,,604.721351452055,,,39987.1569639452,604.721351452055,
2012-02,24956.1722412991,10690.2097017882,,780.11601779726,,,37644.5062999671,780.11601779726,
2012-03,25459.2782226215,10556.6456148429,,642.034813545205,,,37489.2038677041,642.034813545205,
2012-04,25130.9387485097,10530.9039228188,,612.38487890411,,,36523.2998820822,612.38487890411,
2012-05,26335.9323365328,11208.6571100341,,494.456026476712,,,36257.8678264986,494.456026476712,
2012-06,28665.6245906013,11266.0398633244,,-20.0129507945206,,,34829.6072486575,-20.0129507945206,
2012-07,28941.7036795952,10632.0735664755,,-207.700377731507,,,34974.0734940932,-207.700377731507,
2012-08,28081.1021458037,10076.8460311019,,-215.868436230137,,,34219.8296127123,-215.868436230137,
2012-09,24122.8196027727,9786.2754322708,,-247.889860273973,,,34720.848146937,-247.889860273973,
2012-10,24746.3216834776,9497.0199476158,,-194.885653391781,,,33695.8615720329,-194.885653391781,
2012-11,24043.5654353837,9098.0576414327,,-190.914258235616,,,32995.7484459836,-190.914258235616,
2012-12,24629.2664472646,9301.8568644363,,-102.4,,,33487.40096,-102.4,
2013-01,23926.6760853625,8721.8682400607,,-47.3541132273973,,,34123.2011797041,-47.3541132273973,
2013-02,22734.3726385664,8564.557840721,,-133.693812252055,,,31132.244792811,-133.693812252055,
2013-03,25614.5324675052,8834.0013893503,,-232.500700230137,,,31846.887693326,-232.500700230137,
2013-04,27708.3166242333,9500.2555266344,,-296.810761643836,,,32700.3210345205,-296.810761643836,
2013-05,24667.149536862,9065.5175875768,,-349.965548394521,,,33619.1760243726,-349.965548394521,
2013-06,25703.1926968445,8839.8019737839,,-587.239898630137,,,32431.0413480329,-587.239898630137,
2013-07,24974.4183713068,8638.2208788512,,-972.55334189589,,,30442.7604052164,-972.55334189589,
2013-08,28533.0969193723,8762.8312734115,,-901.762608043835,,,31262.6240918795,-901.762608043835,
2013-09,23538.6862699703,8556.5196115296,,-937.517463320548,,,30022.9057662247,-937.517463320548,
2013-10,24035.4780736236,8664.9237666048,,-1027.99287408219,,,27695.6521682411,-1027.99287408219,
2013-11,29458.659328,9251.2241397479,,,,,29458.659328,,
2013-12,30840.199168,9121.4767045524,,,,,30840.199168,,
2014-01,30005.7002657315,10506.2989409663,,,,,30005.7002657315,,
2014-02,29106.510373874,10482.9544789228,,,,,29106.510373874,,
2014-03,30657.6193227397,10863.9912019571,,,,,30657.6193227397,,
2014-04,30669.2978323288,10885.2706433431,,,,,30669.2978323288,,
2014-05,29465.0029659178,11182.40257315,,,,,29465.0029659178,,
2014-06,29770.9642794082,11057.4390682972,,,,,29770.9642794082,,
2014-07,28583.3419509479,11294.3084906075,,,,,28583.3419509479,,
2014-08,29197.0874382027,11753.2473417033,,,,,29197.0874382027,,
2014-09,29713.5725974795,11234.3311949312,,,,,29713.5725974795,,
2014-10,28417.5929961206,10491.6850864606,,,,,28417.5929961205,,
2014-11,27400.5037392658,10142.2526218231,,,,,27400.5037392658,,
2014-12,23751.70048,9390.8632256243,,,,,23751.70048,,
2015-01,20076.1406055519,9114.363816116,,,,,20076.1406055519,,
2015-02,19511.5314304699,9196.5745273739,,,,,19511.5314304699,,
2015-03,17652.234827541,8856.0600535315,,,,,17652.234827541,,
2015-04,15999.5204770273,8613.7485548957,,,,,15999.5204770273,,
2015-05,18243.9263853115,8798.736616374,,,,,18243.9263853115,,
2015-06,18968.5828154754,9112.8924910014,,,,,18968.5828154754,,
2015-07,19366.2877460984,9058.7488773921,,,,,19366.2877460984,,
2015-08,18126.2329173333,8887.3233965241,,,,,18126.2329173333,,
2015-09,15299.9049428634,8191.0133325573,,,,,15299.9049428634,,
2015-10,15234.394984918,8130.8556847328,,,,,15234.394984918,,
2015-11,14499.3757446995,8169.2485399133,,,,,14499.3757446995,,
2015-12,13689.700352,7931.4097729592,,,,,13689.700352,,
2016-01,10267.6395358685,7605.2224976921,,,,,10267.6395358685,,
2016-02,9491.04197295342,7277.6524141503,,,,,9491.04197295342,,
2016-03,6269.25215912329,7329.8031638422,,,,,6269.25215912329,,
2016-04,6718.60661935342,7289.7894669903,,,,,6718.60661935342,,
2016-05,8149.23033670137,7621.2464267266,,,,,8149.23033670137,,
2016-06,9287.00215688767,7725.2043395212,,,,,9287.00215688767,,
2016-07,11264.5449012603,7804.089718712,,,,,11264.5449012603,,
2016-08,13743.1301077918,8319.4965152189,,,,,13743.1301077918,,
2016-09,12995.8300068822,8466.2432649311,,,,,12995.8300068822,,
2016-10,13090.9735136438,8744.3312115641,,,,,13090.9735136438,,
2016-11,13235.4292019507,8959.2442892621,,,,,13235.4292019507,,
2016-12,13903.0569731507,9312.0446931239,,,,,13903.0569731507,,
2017-01,16266.5727635288,10103.2008931023,,,,,16266.5727635288,,
2017-02,17396.0789398795,10542.281555421,,,,,17396.0789398795,,
2017-03,17036.398662137,10715.6458658162,,,,,17036.398662137,,
2017-04,15244.3545571945,10418.1689107697,,,,,15244.3545571945,,
2017-05,18633.4273816548,10324.1600814848,,,,,18633.4273816548,,
2017-06,18081.3291183342,10304.3419245021,,,,,18081.3291183342,,
2017-07,18690.5115886466,10260.0104573124,,,,,18690.5115886466,,
2017-08,17463.8731432329,10304.735824013,,,,,17463.8731432329,,
2017-09,16782.7974284274,10082.2129125069,,,,,16782.7974284274,,
2017-10,16084.9583370521,10148.8659376692,,,,,16084.9583370521,,
2017-11,16380.8046570959,10459.4927583063,,,,,16380.8046570959,,
2017-12,18573.9865438685,10870.1018472739,,,,,18573.9865438685,,
2018-01,20675.2763455123,11794.4992474787,,,,,20675.2763455123,,
2018-02,24672.9254098411,12755.1722610102,,,,,24672.9254098411,,
2018-03,26057.1317121753,13303.4039465067,,,,,26057.1317121753,,
2018-04,27653.0278961096,13819.4205542614,,,,,27653.0278961096,,
2018-05,31242.9382838356,14154.7305930742,,,,,31242.9382838356,,
2018-06,32289.096914411,14190.3357213692,,,,,32289.096914411,,
2018-07,33905.8481628932,14998.6007179106,,,,,33905.8481628932,,
2018-08,37167.0989838027,15506.1863331426,,,,,37167.0989838027,,
2018-09,40215.8085330411,17153.3111884182,,,,,40215.8085330411,,
2018-10,46121.9973316384,18211.6287511249,,,,,46121.9973316384,,
2018-11,44268.5998851507,17635.5556792081,,,,,44268.5998851507,,
2018-12,40895.598592,17236.6533938273,,,,,40895.598592,,
2019-01,38261.2847297049,16360.5918978485,,,,,38261.2847297049,,
2019-02,40482.485096918,17049.7278266039,,,,,40482.485096918,,
2019-03,39610.4062517159,17523.374060413,,,,,39610.4062517159,,
2019-04,39509.657163541,17325.3866335705,,,,,39509.657163541,,
2019-05,40185.3242810055,16818.031872114,,,,,40185.3242810055,,
2019-06,41076.0062405246,16933.5806126257,,,,,41076.0062405246,,
2019-07,40935.2073148852,16307.7223540856,,,,,40935.2073148852,,
2019-08,36937.3267934426,15482.5294414579,,,,,36937.3267934426,,
2019-09,37058.5714374645,15535.9462691453,,,,,37058.5714374645,,
2019-10,34620.2671786667,15437.0951305221,,,,,34620.2671786667,,
2019-11,35830.8080388197,15152.2360377196,,,,,35830.8080388197,,
2019-12,36095.299584,15200.4732763017,,,,,36095.299584,,
2020-01,36691.5466730959,14075.1634121047,,,,,36691.5466730959,,
2020-02,36448.8134936548,13998.7570471167,,,,,36448.8134936548,,
2020-03,13820.3484721096,12131.0251006431,,,,,13820.3484721096,,
2020-04,6703.70999364384,10238.6557084517,,,,,6703.70999364384,,
2020-05,2076.51467993425,9576.3665825991,,,,,2076.51467993425,,
2020-06,-1170.54291743562,8906.9785976356,,,,,-1170.54291743562,,
2020-07,2054.68929543014,9429.4736035546,,,,,2054.68929543014,,
2020-08,6956.85582343014,10412.2704765741,,,,,6956.85582343014,,
2020-09,10949.8817375326,11661.7103528959,,,701.178082191781,,11253.9853024438,701.178082191781,
2020-10,19121.6516448055,14070.5989312673,,,689.632876712329,,19631.0804788603,689.632876712329,
2020-11,26183.0264269763,16663.0220148499,,,734.816438356164,,27031.5609550904,734.816438356164,
2020-12,33166.803124274,17136.888024143,,,1102.0,,34519.699456,1102.0,
2021-01,34392.6143611611,19470.4803433839,,,1117.64507388493,,35886.0106934356,1117.64507388493,
2021-02,37844.58279833,21360.5583328133,,,1154.38081192329,,40737.3299263123,1154.38081192329,
2021-03,43905.3574941516,24107.4802086203,,,1368.47181676712,,47324.8933523288,1368.47181676712,
2021-04,55462.9627999883,27876.2453567844,,,1380.12907835616,,59894.081676274,1380.12907835616,
2021-05,55670.2483266638,26368.0874790811,,,1392.17491533151,,59614.1361685041,1392.17491533151,
2021-06,62837.152712688,27658.9707358983,,,1556.00622711233,,66787.5196030247,1556.00622711233,
2021-07,63328.9639817172,29127.3175263349,,,1647.89591390685,,67324.2802035726,1647.89591390685,
2021-08,67138.0184479993,28384.9395133663,,,1655.71373589041,,71636.6058089205,1655.71373589041,
2021-09,68014.0385750471,26596.8694792006,,,1800.38356164384,,74310.2949235726,1800.38356164384,
2021-10,76278.1816544336,27010.4924005158,,,1792.2157241863,,82969.3378335562,1792.2157241863,
2021-11,87991.2021795825,27359.8042853086,,,1764.21231412603,,94168.6173976548,1764.21231412603,
2021-12,87803.1219232073,27028.5191873772,,,1850.749952,,94144.397312,1850.749952,
2022-01,85992.8495500006,28151.2120295504,1403.04929174795,,1801.62116208219,,95603.3033426411,3204.67045383014,3204.67045383014
2022-02,85366.793760845,30026.3429480347,1552.59925672329,,1689.4648249863,,94753.2458741479,3242.06408170959,3242.06408170959
2022-03,100411.172772043,32087.0992383976,1676.99659572603,,2121.67365435616,,111657.208004384,3798.6702500821903,3798.6702500821903
2022-04,102698.618525494,34307.4987619675,1870.13049582466,,2572.0218182137,,116580.576707682,4442.15231403836,4442.15231403836
2022-05,108357.285271325,35005.2630952866,1884.4269778411,,2686.35856026301,,123853.803194564,4570.78553810411,4570.78553810411
2022-06,118723.990894534,36390.7902981754,1503.39236050411,,2744.0456914411,,132833.863001074,4247.43805194521,4247.43805194521
2022-07,121159.615932195,36053.5630492353,1626.668768,,3076.45707923288,,133718.851135123,4703.12584723288,4703.12584723288
2022-08,124115.28047713,34794.3544167372,2041.58279153973,,3930.32946884384,,138654.931690258,5971.912260383569,5971.912260383569
2022-09,117964.72608924,33165.1950785359,2291.63181326027,,4103.86167092603,,133333.465003836,6395.4934841863,6395.4934841863
2022-10,115200.810833734,30334.7730485954,2388.49700532603,,4574.18887153973,,134441.043715507,6962.68587686576,6962.68587686576
2022-11,107975.048266181,31015.1158563236,2540.38737884932,,4790.99730972055,,127172.724483507,7331.38468856987,7331.38468856987
2022-12,93337.229023338,28805.7661125306,2371.30105915616,,4831.38185889315,,111782.293604997,7202.68291804931,7202.68291804931
2023-01,80428.649877372,27839.4585870566,2246.68944786885,,5286.78018098361,,95502.7675348634,7533.46962885246,7533.46962885246
2023-02,94928.0577261821,29979.2015456114,2360.54896472131,,5330.76295344262,,109756.969698623,7691.3119181639295,7691.3119181639295
2023-03,90862.3011779233,29097.0078303024,2176.08743973771,,5632.04482797814,,104620.700498536,7808.1322677158505,7808.1322677158505
2023-04,89379.472800842,27118.8137005969,1884.54257311475,,6592.68995497268,,104571.543171497,8477.23252808743,8477.23252808743
2023-05,89818.8943085491,26330.6170542406,1789.52655318033,,6817.75336778142,,104373.43677412,8607.27992096175,8607.27992096175
2023-06,88021.4492638256,25589.0167542496,1580.67188668852,,6699.03177302732,,101431.863083366,8279.70365971584,8279.70365971584
2023-07,85807.5464401881,25474.4542968395,1649.07153206557,,6490.38058177049,,100994.218554754,8139.45211383606,8139.45211383606
2023-08,89188.3903361264,26642.1568551732,1447.866688,,6945.33666133333,,104766.999210667,8393.20334933333,8393.20334933333
2023-09,88112.2523560734,27437.4493531088,1526.93139409836,,7616.53837219672,1546.284864,104374.823415607,10689.75463029508,9143.46976629508
2023-10,94220.0116327529,29781.0872283543,1863.870336,,8429.58848,1658.051648,111768.498176,11951.510464,10293.458816
2023-11,95337.0918038371,28689.2337264073,1935.90676161749,,8443.70036528962,1698.36211794536,111996.671966426,12077.969244852471,10379.60712690711
2023-12,100187.538338538,29546.262293585,1816.09713119126,,7682.22928437158,1473.36274780328,117169.818058842,10971.68916336612,9498.32641556284
2024-01,95929.1657568959,29813.1328602194,1670.51181939726,,7507.26903583562,1426.03138454795,111066.214119452,10603.812239780831,9177.78085523288
2024-02,95003.5372743322,29187.809850116,1528.11175907945,,7429.97645396164,1364.35272170959,110178.972960964,10322.44093475068,8958.08821304109
2024-03,91684.1681568982,27849.5495720741,1754.27628536986,,6999.60417770959,1341.47930546849,109209.028063737,10095.35976854794,8753.88046307945
2024-04,100424.801224771,30546.3561837988,2033.58868865753,,7539.21388010959,1233.10124887671,117013.356880658,10805.90381764383,9572.80256876712
2024-05,96521.7555952557,29622.1865202115,1960.49130257534,,7400.50596120548,1316.03452072329,112242.988769841,10677.03178450411,9360.99726378082
2024-06,91041.7098165104,29058.4153921932,1956.9395270137,,7269.48356348493,1277.93129906849,106349.603147047,10504.35438956712,9226.423090498629
2024-07,101998.068524759,30154.9579791481,2162.57608065753,,6812.78445904658,1246.91837475068,120957.61062926,10222.27891445479,8975.36053970411
2024-08,94043.860382815,28540.2016501304,2531.27965755616,,6694.9791673863,1127.87945205479,110163.620861195,10354.138276997252,9226.25882494246
2024-09,85356.3788830976,27009.5597759625,3226.89890121644,,6547.32646961096,1137.97736539178,100261.33363726,10912.20273621918,9774.2253708274
2024-10,89788.7905143947,27629.9364588461,2984.25161792877,,6485.1228531726,1055.88435690959,104809.442396581,10525.25882801096,9469.37447110137
2024-11,94491.8943942642,29600.8240345202,3064.40596900822,,6366.21684848219,1085.16334325479,109291.340741085,10515.7861607452,9430.62281749041
2024-12,96035.6918860495,29864.4831072854,2403.109888,,5305.639936,998.428992,112997.998592,8707.178816,7708.7498239999995
2025-01,97370.6448217801,29278.3468063418,2318.00409494795,,4891.4213817863,1038.83838001096,114077.482671342,8248.26385674521,7209.42547673425
2025-02,99413.2251526841,29436.8131068519,2455.0280332274,,4966.23884905206,1016.26655316164,115777.270893414,8437.5334354411,7421.26688227946
2025-03,97594.9241391287,29278.2496750191,2466.40395221918,,5047.15118465753,1017.65637961644,114436.165014795,8531.21151649315,7513.55513687671
2025-04,83356.3737068637,24365.0599452765,2036.07574794521,,4503.34595857534,761.569511452055,98053.5517071781,7300.991217972605,6539.42170652055
2025-05,79562.9342821914,24243.1191738377,2003.64970432877,,4789.5121709589,763.047087342466,93733.7573768767,7556.208962630137,6793.16187528767
2025-06,78934.8227791654,24371.6745925219,2026.30281398356,,5165.29689109041,779.811342728767,93223.5627814575,7971.411047802737,7191.59970507397
2025-07,75155.5919994231,24628.1186664759,2092.18633854247,,5187.7694905863,746.945303671233,88335.6600067507,8026.901132800003,7279.95582912877
2025-08,68013.3363593627,22988.5333720822,2041.9071021589,,4946.72524554521,688.346725347945,79629.4530595068,7676.979073052054,6988.63234770411
2025-09,68570.3855872596,22686.6585767034,1968.94765869589,,5281.06460230137,644.623933019178,80098.1294991781,7894.636194016438,7250.01226099726
2025-10,70552.6881284765,23123.5735169821,1620.55976819726,,5060.33346349589,613.924544175343,82245.791194126,7294.817775868492,6680.89323169315
2025-11,64896.1894050892,22764.3740478956,1319.67258581918,,5236.0928326137,557.476712328767,74888.7818015562,7113.242130761648,6555.76541843288
2025-12,60921.4262587754,22859.1884169585,1234.749952,,4099.000064,410.544992,71944.6016,5744.295008,5333.750016
2026-01,59573.0775264635,23899.0290112135,1315.31102684931,,4357.25712482192,354.486971616438,69518.9190908493,6027.055123287668,5672.56815167123
2026-02,67165.2136108715,25065.0820117514,1199.24954336438,,4530.09320819726,376.406389041096,78513.4330865973,6105.749140602736,5729.3427515616395
2026-03,97087.7702336677,31513.3955390524,1697.98694224658,,7481.34059134247,422.313688986301,112627.275467397,9601.641222575352,9179.32753358905
2026-04,107975.190914209,33148.1585961502,1775.81847145205,,8639.0911929863,616.684920986301,124791.851092164,11031.594585424651,10414.90966443835
2026-05,106431.88100599,31211.9427786988,1721.20586660822,,8158.51471605479,623.862465753425,126941.601410455,10503.583048416436,9879.72058266301
2026-06,104108.924582038,29625.2963262043,1544.89565983562,,8552.46147331507,612.102747528767,123220.997723178,10709.459880679457,10097.35713315069
2026-07,105934.636028838,30945.8759482539,1321.8320268274001,,8129.10462246575,512.069933413699,125102.000189721,9963.00658270685,9450.936649293151
2026-08,109063.633669519,31474.8151694147,1414.95880977534,,7165.47762007671,468.23050669589,127708.484178762,9048.666936547941,8580.43642985205
2026-09,110049.060790029,31592.4235889194,1429.52633372055,,7152.35121376438,467.541994432877,127881.287865162,9049.419541917807,8581.87754748493
