month,eps,y_rev3,ibov_constant_basket,y_constant_basket_rev3,focus_pib,d_focus_pib3,focus_ipca,d_focus_ipca3,ipca12_available,d_ipca12_3_available,ipca3_flow_available,bcom_usd,d_bcom_usd3,bcom_brl,d_bcom_brl3,usdbrl,d_usdbrl3,swap360,d_swap360_3,brent_usd,d_brent3
2000-08,,,,,,,,,,,,108.1696,,,,,,17.058,-4.251999999999999,35.08,16.850636707609613
2000-09,,,,,,,,,,,,106.975,,,,,,16.94,-1.9190000000000005,28.42,-10.543088615854135
2000-10,,,,,,,,,,,,103.8204,,,,,,17.61,-0.240000000000002,30.15,17.538052743971992
2000-11,,,,,,,,,,,,111.5902,3.1132866718898247,,,,,18.39,1.3320000000000007,32.53,-7.54684270187221
2000-12,,,,,,,,,,,,114.6134,6.896956358893201,,,,,16.66,-0.28000000000000114,22.58,-23.002856394743873
2001-01,,,,,,,,,,,,111.3745,7.023591322922031,,,,,15.44,-2.17,26.59,-12.564971791826599
2001-02,,,,,,,,,,,,110.4787,-1.0010490275116564,,,,,16.44,-1.9499999999999993,25.16,-25.690730865302037
2001-03,,,,,,,,,,,,105.3717,-8.407062678615059,,,,,19.82,3.16,23.5,3.993586242859743
2001-04,,,,,,,,,,,,108.7085,-2.422840850100071,,,,,21.49,6.049999999999999,27.21,2.3049347540226424
2001-05,,,,,,,,,,,,106.0908,-4.052741098615876,,,,,22.99,6.549999999999997,28.55,12.64015042697794
2001-06,,,,,,,,,,,,101.5707,-3.6738991379241033,,,,,24.03,4.210000000000001,26.21,10.914059618520172
2001-07,,,,,,,,,,,,102.5699,-5.812547056716917,,,,,25.65,4.16,24.35,-11.105270326655608
2001-08,,,,,,,,,,,,102.2247,-3.7121999666483365,,,,,24.56,1.5700000000000003,26.8,-6.325504858520828
2001-09,,,,,,,,,,,,95.1071,-6.57514827073961,,,,,25.92,1.8900000000000006,21.87,-18.102518264663857
2001-10,,,,,,,,,,,,90.4071,-12.622171323785444,,,,,24.55,-1.0999999999999979,19.63,-21.547284124022926
2001-11,,,,,,,,,,,,90.9585,-11.676997300240352,,,,,22.95,-1.6099999999999994,18.92,-34.81823238930787
2001-12,,,,,,,,,,,,89.0333,-6.599316796290315,,,,,20.23,-5.690000000000001,19.35,-12.24234152128857
2002-01,,,,,,,,,,,,88.3089,-2.348190885440123,,,,,20.21,-4.34,19.07,-2.894258867604192
2002-02,,,,,,,,,,,,90.4756,-0.5323157447112052,,,,,18.72,-4.23,20.73,9.136236282395602
2002-03,,,,,,,,,,,,99.5878,11.202921007208367,,,,,18.33,-1.9000000000000021,25.34,26.969175541720205
2002-04,,,,,,,,,,,,99.4308,11.862102953837647,,,,,19.79,-0.4200000000000017,26.98,34.69794311672821
2002-05,,,,,,,,,,,,97.7548,7.738210142518325,,,,,19.9,1.1799999999999997,23.87,14.104051390305056
2002-06,,,,,,,,,,,,99.5183,-0.06981202768041418,,,,,26.21,7.880000000000003,25.33,-0.03947108794092105
2002-07,,,,,,,,,,,,98.8263,-0.6098161158643539,,,,,29.01,9.220000000000002,26.28,-2.628765716320005
2002-08,,,,,,,,,,,,102.5808,4.81884782026932,,,,,23.42,3.520000000000003,27.56,14.374300579471901
2002-09,,,,,,,,,,,,106.2943,6.587011523377612,,,,,29.94,3.7300000000000004,29.11,13.909229374394801
2002-10,,,,,,,,,,,,105.0528,6.109931724771562,,,,,29.7,0.6899999999999977,25.51,-2.973766146268969
2002-11,,,,,,,,,,,,105.2467,2.5656337429807237,,,,,30.9,7.479999999999997,25.74,-6.83192439774772
2002-12,,,,,,,,,,,,110.2756,3.6771024834120967,,,,,29.07,-0.870000000000001,30.12,3.410764517416103
2003-01,,,,,,,,,,,,118.6439,12.166348893492001,,,,,29.13,-0.5700000000000003,31.57,21.31367704161801
2003-02,,,,,,,,,,,,122.5258,15.201450190232782,,,,,29.24,-1.6600000000000001,34.0,27.83143224481808
2003-03,,,,,,,,,,,,113.1709,2.5916378664554673,,,,,27.14,-1.9299999999999997,28.05,-7.120077096298756
2003-04,,,,,,,,,,,,112.3595,-5.442301760107497,,,,,23.96,-5.169999999999998,23.6,-29.096059053833578
2003-05,,,,,,,,,,,,118.8213,-3.0700936267253347,,,,,23.53,-5.709999999999997,26.58,-24.620147133106215
2003-06,,,,,,,,,,,,115.7878,2.2860139946191214,,,,,21.98,-5.16,28.88,2.9160682055920115
2003-07,,,,,,,,,,,,116.3948,3.5284308515984706,,,,,21.32,-2.6400000000000006,28.68,19.49533036998551
2003-08,,,,,,,,,,,,120.8984,1.7329839668644405,,,,,18.99,-4.540000000000003,30.38,13.362544388252761
2003-09,,,,,,,,,,,,120.8978,4.318635506823145,,,,,18.06,-3.9200000000000017,28.09,-2.773567290847317
2003-10,,,,,,,,,,,,126.5708,8.38139746375552,,,,,17.59,-3.7300000000000004,27.88,-2.829042983909655
2003-11,,,,,,,,,,,,126.0868,4.202003520990921,,,,,16.02,-2.969999999999999,28.95,-4.821429314862251
2003-12,,,,,,,,,,,,135.2686,11.231687077824027,,,,,15.88,-2.179999999999998,30.3,7.573407139917111
2004-01,,,,,,,,,,,,137.6197,8.369224845876621,,,,,15.73,-1.8599999999999994,29.53,5.749710986350829
2004-02,,,,,,,,,,,,146.4448,14.967800697904348,,,,,15.73,-0.28999999999999915,32.94,12.911752073048998
2004-03,,,,,,,,,,,,150.8372,10.893867812589093,,,,,15.24,-0.6400000000000006,32.29,6.3609872254860385
2004-04,,,,,,,,,,,,148.0462,7.30303033575589,,,,,15.83,0.09999999999999964,35.23,17.649129659731486
2004-05,,,,,,,,,,,,150.4365,2.6892502598048926,,,,,18.8,3.0700000000000003,37.0,11.623018789473033
2004-06,,,,,,,,,,,,144.0336,-4.615450381106135,,,,,17.04,1.799999999999999,33.22,2.8394519414965047
2004-07,,,,,,,,,,,,146.4138,-1.1087527833924382,,,,,17.61,1.7799999999999994,41.47,16.30722819051437
2004-08,,,,,,,,,,,,143.5561,-4.68151686736318,,,,,17.97,-0.8300000000000018,39.8,7.294899964616748
2004-09,,,,,,,,,,,,153.1752,6.153575861561939,,,,,17.41,0.370000000000001,47.76,36.30363648991978
2004-10,,,,,,,,,,,,155.5494,6.052650667570724,,,,,17.92,0.3100000000000023,48.16,14.955852674227563
2004-11,,,,,,,,,,,,153.406,6.6362102028394325,,,,,17.85,-0.11999999999999744,44.23,10.553637958984346
2004-12,,,,,,,,,,,,145.6045,-5.068832242857167,,,,,17.83,0.41999999999999815,40.38,-16.785385619965513
2005-01,,,,,,,,,,,,146.8208,-5.775057053886852,,,,,18.83,0.9099999999999966,44.51,-7.881491797280262
2005-02,,,,,,,,,,,,156.8857,2.242951313417031,,,,,18.46,0.6099999999999994,50.13,12.521633939517674
2005-03,,,,,,,,,,,,162.0939,10.728175506325128,,,,,19.19,1.360000000000003,53.22,27.609965266485165
2005-04,,,,,,,,,,,,152.2941,3.660072430373861,,,,,19.16,0.33000000000000185,50.61,12.843530219822362
2005-05,,,,,,,,,,,,150.7271,-4.004659779413338,,,,,18.65,0.18999999999999773,49.3,-1.6695550226767668
2005-06,,,,,,,,,,,,152.8846,-5.849240850363008,,,,,18.15,-1.0400000000000027,55.36,3.942304575987101
2005-07,,,,,,,,,,,,159.3296,4.516149276603433,,,,,18.33,-0.8300000000000018,59.77,16.635467761017622
2005-08,,,,,,,,,,,,170.8165,12.511896396681287,,,,,18.32,-0.3299999999999983,66.8,30.377899949395555
2005-09,,,,,,,,,,,,178.2486,15.349581668809975,,,,,17.91,-0.23999999999999844,61.7,10.842661960192803
2005-10,,,,,,,,,,,,166.5165,4.411939102311249,,,,,17.6,-0.7299999999999969,58.47,-2.199006064858374
2005-11,,,,,,,,,,,,166.4017,-2.6185136222963776,,,,,16.75,-1.5700000000000003,53.25,-22.67052759530655
2005-12,,,,,,,,,,,,171.1493,-4.064293013783373,,,,,16.39,-1.5199999999999996,58.34,-5.599596647176681
2006-01,3859.8472,,,,,,,,,,,173.6687,4.205505766046868,384.8498392,,2.216,,15.83,-1.7700000000000014,63.19,7.7632258597784665
2006-02,3877.8347,,,,,,,,,,,162.2336,-2.5367472788094947,346.4498528,,2.1355,,15.22,-1.5299999999999994,59.78,11.567335226625737
2006-03,3815.3765,,,,,,,,,,,165.194,-3.5415734173566573,358.8674456,,2.1724,,14.84,-1.5500000000000007,66.06,12.427545552306828
2006-04,3766.6218,-2.4449071726167464,,,,,,,,,,175.7669,1.2009224114900314,367.21220747999996,-4.691332719013061,2.0892,-5.8922551305030915,14.68,-1.1500000000000004,72.15,13.260122443451609
2006-05,3760.8328,-3.063650860916203,,,,,,,,,,176.6788,8.529612287204875,406.4495794,15.972180218605104,2.3005,7.442567931400215,15.48,0.2599999999999998,67.57,12.249294070829125
2006-06,3633.9221,-4.872681594042,,,,,,,,,,173.2354,4.7530822420003345,374.93337621999996,4.379525877979668,2.1643,-0.3735563640206701,14.78,-0.0600000000000005,73.2,10.263200100462221
2006-07,3607.4653,-4.317313270480931,,,,,,,,,,178.0322,1.280574742328548,387.43367364,5.360476637805349,2.1762,4.079901895476816,14.48,-0.1999999999999993,74.75,3.540192705091579
2006-08,3691.1313,-1.8707425807758158,,,,,,,,,,170.8761,-3.3394662287356605,365.46980268,-10.62762288083035,2.1388,-7.288156652094682,13.95,-1.5300000000000011,67.66,0.1331065788479342
2006-09,3789.2095,4.184488883108032,,,,,,,,,,159.9566,-7.974883479582534,347.77763972,-7.518503754640886,2.1742,0.4563797249416337,13.57,-1.209999999999999,59.09,-21.413371560968265
2006-10,3846.6716,6.420286213668021,,,,,,,,,,166.8169,-6.506762907118792,357.48861669999997,-8.044114911452278,2.143,-1.5373520043334847,13.01,-1.4700000000000006,56.13,-28.647878331668785
2006-11,3945.2307,6.657443524485516,,,,,,,,,,175.214,2.506935150788912,379.65369519999996,3.8075852217056547,2.1668,1.300650070916729,12.75,-1.1999999999999993,64.36,-5.000284122837993
2006-12,4169.8652,9.572628700750633,,,,,,,,,,166.5087,4.014503186875759,355.9956006,2.335506368384807,2.138,-1.6789968184909436,12.38,-1.1899999999999995,58.96,-0.2202457476502052
2007-01,4156.3594,7.743129197343734,,,,,,,,,,166.0942,-0.4341706451157034,352.90034674,-1.291780700314098,2.1247,-0.8576100551984011,12.357,-0.6530000000000005,56.52,0.6924128862218779
2007-02,4270.0479,7.911761330075404,,,,,,,,,,171.0131,-2.42679222300249,362.23994842,-4.695267560419973,2.1182,-2.2684753374174975,12.097,-0.6530000000000005,59.39,-8.036646009641355
2007-03,4370.8179,4.706644491706399,,,,,,,,,,171.9626,3.2229451001429736,352.59211503999995,-0.9606465533699633,2.0504,-4.183591653512922,11.851,-0.5289999999999999,68.47,14.95364452518903
2007-04,4346.0083,4.461824475440521,,,,,,,,,,173.2148,4.197734553816625,352.30158172,-0.16981381919769026,2.0339,-4.367548373014326,11.306,-1.0510000000000002,67.23,17.352501866461857
2007-05,4293.5405,0.5486638973335466,,,,,,,,,,172.7233,0.9950730336120212,333.16597337,-8.366604884325419,1.9289,-9.36167791793742,10.99,-1.1069999999999993,68.18,13.80254046819883
2007-06,4691.4517,7.079191141403668,,,,,,,,,,169.671,-1.3415743477764297,326.82028019999996,-7.590148940086156,1.9262,-6.248574592309731,10.767,-1.0840000000000014,72.22,5.332132271634013
2007-07,4708.3379,8.007716664089799,,,,,,,,,,172.4463,-0.44465591657508713,323.78517288,-8.44073258203869,1.8776,-7.9960766654635975,10.935,-0.37099999999999866,77.01,13.581570707021337
2007-08,5707.6504,28.469576641723947,,,,,,,,,,165.5659,-4.23215892188904,324.8402958,-2.530712032377668,1.962,1.701446889511373,11.36,0.3699999999999992,72.29,5.853454030244874
2007-09,5740.813,20.185877245225377,,,,,,,,,,178.2499,4.932523045311534,327.78374111,0.2943647073159089,1.8389,-4.638158337995641,11.159,0.39200000000000124,80.97,11.436169984871123
2007-10,4946.6372,4.937303390463792,,,,,,,,,,183.5241,6.226011036245156,320.0660304,-1.1552929705437185,1.744,-7.3813040067888736,11.306,0.37099999999999866,89.87,15.442889811912325
2007-11,4974.0532,-13.757240942555903,,,,,,,,,,177.2468,6.8173808779887155,316.15511716000003,-2.710069378116348,1.7837,-9.527450256105064,11.586,0.22600000000000087,88.71,20.468681552028965
2007-12,5006.9883,-13.67662413159773,,,,,,,,,,184.964,3.6974713263315273,327.6267332,-0.04791132249411559,1.7713,-3.745382648825627,12.052,0.8929999999999989,93.68,14.580600359143903
2008-01,5240.1118,5.763484180313953,,,,,,,,,,192.2861,4.663837307010129,338.48122183,5.594129665310302,1.7603,0.9302923583001552,12.078,0.7720000000000002,91.58,1.8848725558667332
2008-02,5341.6909,7.1307209848575,,,,,,,4.56,,,215.5208,19.551431295499775,362.78616264000004,13.75806068157761,1.6833,-5.7933706139221695,11.916,0.33000000000000007,100.9,12.875730482706787
2008-03,5442.8877,8.347515061831343,,,,,,,4.61,,,201.5983,8.611589207423144,352.61558653000003,7.350352172869797,1.7491,-1.2612370345533674,12.693,0.641,102.33,8.831816580920208
2008-04,5607.3096,6.772819832736212,,,,,,,4.73,,1.5176027007999915,208.5523,8.120548202158453,351.86944056,3.8791583134222942,1.6872,-4.241389888736174,13.208,1.1300000000000008,111.12,19.339779121713903
2008-05,5684.3027,6.216621277724645,,,,,,,5.04,0.4800000000000004,1.5276999359999932,213.9473,-0.7327701595430272,348.60573062000003,-3.9872005143924847,1.6294,-3.254430354849459,13.745,1.8289999999999988,127.85,23.672777437763227
2008-06,5735.8604,5.242801824891224,,,,,,,5.58,0.9699999999999998,1.8307978559999993,233.0345,14.490940765216815,370.96762055000005,5.073630910024081,1.5919,-9.417309855192723,14.45,1.7569999999999997,138.4,30.194515808490515
2008-07,5850.1763,4.240076523123023,,,,,,,6.06,1.3299999999999992,2.094293153000004,205.1032,-1.6676582010551328,321.31467311999995,-9.0839266241978,1.5666,-7.416268423142669,14.655,1.4469999999999992,124.1,11.047699376447307
2008-08,5876.8691,3.3315690546739543,,,,,,,6.37,1.33,2.0739859838000196,189.8888,-11.92910853429653,310.35425472000003,-11.62271697160944,1.6344,0.3063915626871071,14.573,0.8280000000000012,113.49,-11.91429744241481
2008-09,6040.9141,5.181757607170016,,,,,,,6.17,0.5899999999999999,1.557488981599997,167.7756,-32.855913901808734,321.17283108,-14.413538983676688,1.9143,18.44237491813206,14.431,-0.019000000000000128,93.52,-39.197272601975634
2008-10,5805.9561,-0.7587493111590969,,,,,,,6.25,0.1900000000000004,1.0735938583999793,131.9721,-44.09227304923518,279.16058313,-14.063375003238528,2.1153,30.028898045996637,15.344,0.6890000000000001,60.0,-72.67431299884608
2008-11,5620.083,-4.467772163396819,,,,,,,6.41,0.040000000000000036,0.9931612759999764,122.7531,-43.62636167310331,286.39525761,-8.034152586543817,2.3331,35.59220908655949,14.427,-0.1460000000000008,47.72,-86.63641300833322
2008-12,5186.624,-15.247233772820284,,,,,,,6.39,0.21999999999999975,1.0737302119999903,117.2441,-35.83692860251783,273.99946170000004,-15.885325102873107,2.337,19.951603499644715,12.168,-2.263,35.82,-95.96689205312472
2009-01,4891.9946,-17.128419044890038,,,1.9666666666666668,,4.591666666666666,,5.9,-0.34999999999999964,1.0938925359999851,110.9304,-17.36875589879183,256.93699248,-8.295629363074559,2.3162,9.073126535717268,11.164,-4.18,44.17,-30.629873661366545
2009-02,4762.7275,-16.552592413903078,,,1.8333333333333333,,4.633333333333334,,5.84,-0.5700000000000003,1.1240848383999857,105.988,-14.684914078178382,252.0818592,-12.761900346690314,2.3784,1.923013731488073,10.62,-3.8070000000000004,44.41,-7.188592792570452
2009-03,4397.8164,-16.49748588143447,,,0.86,,4.365,,5.9,-0.4899999999999993,1.3155313920000022,109.7822,-6.5759683229775545,254.16774944,-7.51316618914143,2.3152,-0.9371978661638636,9.791,-2.376999999999999,46.13,25.295710093716355
2009-04,4386.1196,-10.915519577554088,,,0.9666666666666668,-1.0,4.306666666666667,-0.28499999999999925,5.61,-0.29000000000000004,1.2347052800000036,110.5712,-0.3243320272832912,240.85724496000003,-6.462647596879941,2.1783,-6.138315569596637,9.892,-1.2720000000000002,50.3,12.995925149725828
2009-05,4291.2329,-10.424642741186013,,,1.0325,-0.8008333333333333,4.3175,-0.31583333333333385,5.53,-0.3099999999999996,1.2347052800000036,124.9324,16.444691086079885,246.49162520000002,-2.2425854800473646,1.973,-18.687276566127263,9.339,-1.2809999999999988,64.98,38.061486093694356
2009-06,4325.3525,-1.6614505060039821,,,1.505,0.6449999999999999,4.37,0.004999999999999893,5.2,-0.7000000000000002,1.154160511999991,122.5361,10.990727744751728,239.14145276000002,-6.093925048801995,1.9516,-17.08465279355373,9.226,-0.5649999999999995,68.11,38.96605476834978
2009-07,4410.8643,0.5625738444721222,,,1.9416666666666662,0.9749999999999994,4.4125,0.105833333333333,4.8,-0.8100000000000005,1.3156841215999693,126.4754,13.438816550455543,236.83783404,-1.682875104496666,1.8726,-15.1216916549522,9.205,-0.6869999999999994,70.08,33.163236952244254
2009-08,4481.2793,4.33344827697454,,,2.6133333333333337,1.5808333333333338,4.3,-0.01750000000000007,4.5,-1.0300000000000002,1.0736880607999932,125.7191,0.6277262120993933,237.15651024000002,-3.860771411851485,1.8864,-4.488497623950887,9.197,-0.14200000000000124,69.02,6.031678742890297
2009-09,4591.853,5.979000635690616,,,3.375,1.87,4.375,0.004999999999999893,4.36,-0.8399999999999999,0.7517652960000065,127.6833,4.114729878354081,227.03367573,-5.195687169623925,1.7781,-9.310417047977994,9.648,0.4219999999999988,65.82,-3.420030173803321
2009-10,4706.8179,6.494141795833068,,,4.03,2.088333333333334,4.42,0.007500000000000284,4.34,-0.45999999999999996,0.6312968640000083,131.8621,4.170885668706853,229.9675024,-2.943765734879521,1.744,-7.114651403586389,9.932,0.7270000000000003,74.91,6.664994633165558
2009-11,4877.7139,8.4768083288503,,,4.6,1.986666666666666,4.4425,0.14250000000000007,4.17,-0.33000000000000007,0.6714530080000003,136.4934,8.222620866945213,238.9316967,0.7457419281065769,1.7505,-7.476878938838623,10.122,0.9250000000000007,77.77,11.935943503699468
2009-12,5024.3701,9.001644654419332,,,5.2,1.8250000000000002,4.5,0.125,4.22,-0.14000000000000057,0.9328067551999775,139.1873,8.62675288737501,242.35292676,6.52966810899905,1.7412,-2.097084778375971,10.462,0.8140000000000001,77.91,16.863057082757297
2010-01,5092.3418,7.872572873537266,100.0,,5.279166666666666,1.2491666666666656,4.61,0.1900000000000004,4.31,-0.03000000000000025,1.0637052475999997,129.0506,-2.1552104025911123,241.94406488,5.076855755371504,1.8748,7.232066157962608,10.487,0.5549999999999997,71.2,-5.079457454186136
2010-02,5157.1104,5.569977564773272,100.30086211198316,,5.333333333333334,0.7333333333333343,4.846666666666667,0.4041666666666668,4.59,0.41999999999999993,1.5373783775000094,133.8318,-1.9692474190724574,242.36938979999996,1.428524329796847,1.811,3.397771748869293,10.749,0.6270000000000007,76.36,-1.8296753849305025
2010-03,5539.7319,9.76460132324487,107.85583702785078,,5.265,0.0649999999999995,5.0825,0.5824999999999996,4.83,0.6100000000000003,1.9115326450000136,132.1517,-5.187000296885202,235.3621777,-2.9269529357332997,1.781,2.260047361151909,10.847,0.3849999999999998,80.37,3.10866578818604
2010-04,5738.8687,11.9524296970046,111.33090373096024,10.73366953065729,5.539999999999999,0.26083333333333325,5.213333333333333,0.6033333333333326,5.17,0.8600000000000003,2.063836420000009,134.7037,4.287297597294373,233.11822321999998,-3.7160841902969013,1.7306,-8.00338178759127,11.664,1.1769999999999996,86.19,19.10613432413778
2010-05,5886.8281,13.234090705283627,117.42157900722496,15.759640779595893,5.684166666666667,0.3508333333333331,5.3075,0.46083333333333343,5.26,0.6699999999999999,1.8814891192000083,125.3626,-6.537344951624259,227.74623542,-6.22309599549566,1.8167,0.31424895612859344,11.543,0.7939999999999987,73.0,-4.499955770915575
2010-06,6036.2388,8.583499666089283,120.71903599470674,11.267033586918192,5.84,0.5750000000000002,5.175,0.09250000000000025,5.22,0.3899999999999997,1.5276637452000141,125.7471,-4.967775805335338,226.53340065,-3.823311115486709,1.8015,1.1444646898486288,11.861,1.0140000000000011,74.94,-6.995317885908582
2010-07,6179.5767,7.398767366383117,123.73956981581597,10.567223228537411,5.625,0.08500000000000085,4.995833333333333,-0.21750000000000025,4.84,-0.33000000000000007,1.0024510000000042,134.2481,-0.3387970898833806,235.90076132000002,1.1865493030152365,1.7572,1.5253463928986057,11.159,-0.504999999999999,77.5,-10.627622530000652
2010-08,6383.2007,8.095231898704892,127.89622592703361,8.544850209051486,5.366666666666667,-0.3174999999999999,4.923333333333334,-0.3841666666666663,4.6,-0.6600000000000001,0.44004300000000107,130.8135,4.256230660566574,229.708506,0.8579133356028461,1.756,-3.3983173249637346,11.095,-0.4479999999999986,75.51,3.3805656666943156
2010-09,6518.0547,7.679486977770855,129.58580699286512,7.087743501408888,5.2625,-0.5774999999999997,4.984999999999999,-0.1900000000000004,4.49,-0.7299999999999995,0.05000399999999239,140.2939,10.946676081863238,237.68592538000001,4.805776262793502,1.6942,-6.14089981906975,11.284,-0.577,80.77,7.491781608866354
2010-10,6240.7466,0.9850048681981644,131.47903950919024,6.066832996561463,5.016666666666667,-0.6083333333333334,5.040000000000001,0.04416666666666824,4.7,-0.13999999999999968,0.500229017999998,147.2686,9.25685497553647,250.56279604,6.029835819552412,1.7014,-3.227019155984059,11.209,0.049999999999998934,82.47,6.215665448596274
2010-11,6366.9932,-0.2542315647385939,133.93616761138898,4.614412519462207,4.762499999999999,-0.6041666666666679,5.246666666666666,0.32333333333333236,5.2,0.6000000000000005,1.2438563499999944,146.7299,11.482083698887287,251.80318138999996,9.18366162020683,1.7161,-2.298422078680459,11.936,0.8409999999999993,86.02,13.031472954025606
2010-12,6515.8379,-0.03401593199217128,136.62852278842817,5.292246654892907,4.5,-0.7625000000000002,5.32,0.33500000000000085,5.63,1.1399999999999997,2.04336301250001,162.3929,14.627919965770348,270.57904998,12.961413120106178,1.6662,-1.6665068456641716,12.031,0.7469999999999999,93.23,14.346394885439743
2011-01,6453.5439,3.3529599120183837,138.74926881841424,5.3821039289810875,4.591666666666666,-0.4250000000000007,5.589166666666666,0.5491666666666655,5.91,1.21,2.226218217499998,163.9999,10.760768772391271,274.43743266,9.101373104362711,1.6734,-1.6593956680285724,12.441,1.232000000000001,98.97,18.238218306333575
2011-02,6577.4609,3.2521456379443,140.79845162928132,4.996612136647218,4.333333333333333,-0.42916666666666625,5.63,0.38333333333333375,5.99,0.79,2.3073904006999824,166.1437,12.42595948420716,275.99791444,9.17455531904127,1.6612,-3.2514041651658903,12.616,0.6799999999999997,112.27,26.632685711509797
2011-03,6617.4038,1.5467304596451164,142.69494007824056,4.344333487143501,4.075,-0.4249999999999998,5.765,0.4449999999999994,6.01,0.3799999999999999,2.276950831999991,169.5579,4.317575385123796,276.15895173,2.0412319889944217,1.6287,-2.276343396129368,12.279,0.24799999999999933,116.94,22.659142443892218
2011-04,6699.9399,3.7469134427200577,143.79969780863638,3.575286097942988,4.083333333333333,-0.5083333333333329,5.913333333333333,0.3241666666666667,6.3,0.3899999999999997,2.4395694559999903,175.4211,6.732355110035051,275.99001662999996,0.5641390485229616,1.5733,-6.1682160615120765,12.515,0.07399999999999984,126.59,24.613674374013726
2011-05,6627.1685,0.7528849662400903,144.24688223162315,2.4196844796689168,4.083333333333334,-0.2499999999999991,5.753333333333333,0.12333333333333307,6.51,0.5199999999999996,2.3786116640000188,166.5416,0.23920515257450553,263.11907384,-4.778662735204998,1.5799,-5.017867887779512,12.453,-0.16300000000000026,117.18,4.280452964595464
2011-06,6681.7876,0.9682438737683198,147.24423651038765,3.1383615521902817,4.02,-0.055000000000000604,5.625,-0.13999999999999968,6.55,0.54,2.0434435901000025,158.1349,-6.974599519368605,246.86439238999998,-11.213744481058031,1.5611,-4.239144961689427,12.645,0.36599999999999966,111.71,-4.575475516476745
2011-07,6576.8247,-1.854649573286413,146.99610673086733,2.1984757789081537,3.9833333333333334,-0.09999999999999964,5.720833333333333,-0.1924999999999999,6.71,0.41000000000000014,1.3954844285000156,162.8146,-7.457723903120848,253.38836198,-8.544135406662166,1.5563,-1.0864115035413195,12.582,0.06700000000000017,115.93,-8.796695696642685
2011-08,6496.6675,-1.9888285946991708,146.78724444965817,1.7457930226261582,3.8466666666666667,-0.23666666666666725,5.57,-0.18333333333333268,6.87,0.3600000000000003,0.7816981279999968,164.4327,-1.27437601105025,260.98758144,-0.8133856458697605,1.5872,0.460990365180502,11.221,-1.2319999999999993,116.48,-0.5991629668266747
2011-09,6368.4956,-4.802228439228575,147.66239982256994,0.28359049333951153,3.6525000000000003,-0.36749999999999927,5.7775,0.15249999999999986,7.23,0.6800000000000006,0.681387888000029,140.2016,-12.036707941403554,259.98984704000003,5.180341320883078,1.8544,17.21704926228664,10.385,-2.26,105.42,-5.79538561556961
2011-10,6295.1694,-4.376948309410715,146.14665075919007,-0.5795526770544511,3.4650000000000003,-0.5183333333333331,5.74,0.019166666666666998,7.31,0.5999999999999996,1.0634041376000214,149.4779,-8.546357432062525,252.39343415,-0.3934222705967132,1.6885,8.152935161465802,10.304,-2.2780000000000005,108.43,-6.68817571982195
2011-11,6285.0088,-3.31221109219202,146.24540693696042,-0.3698141675742879,3.4299999999999997,-0.41666666666666696,5.600833333333333,0.030833333333332824,6.97,0.09999999999999964,1.3358394323000233,146.1596,-11.78021926134383,264.68041964,1.4050309103250225,1.8109,13.185250171668836,9.661,-1.5600000000000005,111.22,-4.620936268895792
2011-12,6211.5342,-2.4955353574030106,144.25311476650197,-2.3359087862348464,3.3,-0.3525000000000005,5.32,-0.4574999999999996,6.64,-0.5900000000000007,1.4872828508000202,140.6802,0.34078424674052316,263.88791916,1.4881883956756174,1.8758,1.1474041489350852,10.04,-0.34500000000000064,108.09,2.501184200105077
2012-01,6355.9487,0.9608600147526409,142.77822450124617,-2.331802604272237,3.375,-0.0900000000000003,5.265833333333333,-0.47416666666666707,6.5,-0.8099999999999996,1.456997179999986,144.1561,-3.6251815596490102,250.70187351000004,-0.6724638408315475,1.7391,2.9527177188174547,9.55,-0.7539999999999996,110.26,1.6736409677446895
2012-02,6118.8467,-2.67936111470243,136.64994551769723,-6.78635663851762,3.433333333333333,0.0033333333333334103,5.220000000000001,-0.38083333333333247,6.22,-0.75,1.5883265600000085,148.0367,1.2761040657740312,253.02432764,-4.503749381968661,1.7092,-5.779853447742686,9.256,-0.40499999999999936,122.23,9.43942940297536
2012-03,6162.7573,-0.7883627540189749,136.86255013997098,-5.259235943810018,3.45,0.15000000000000036,5.3275,0.007499999999999396,5.84,-0.7999999999999998,1.5175825999999892,141.9021,0.8648153939860542,258.55981641,-2.0397399079144503,1.8221,-2.904555301900504,8.957,-1.0829999999999984,123.41,13.254793203698048
2012-04,6166.8301,-3.0206231760308078,135.32518422053235,-5.361189478930763,3.5933333333333337,0.2183333333333337,5.286666666666667,0.020833333333333925,5.24,-1.2599999999999998,1.224646292000009,141.2917,-2.007019252366838,267.29563806,6.409082624160481,1.8918,8.416101876527312,8.33,-1.2200000000000006,118.66,7.342104766895968
2012-05,6255.3511,2.206364238539218,134.76636953750423,-1.387983046566278,3.5316666666666663,0.09833333333333316,5.331666666666667,0.11166666666666636,5.1,-1.12,1.3051750480000068,128.3789,-14.247416846276954,259.62064947,2.573588429486353,2.0223,16.821005275763294,7.927,-1.3290000000000006,103.86,-16.28606773729985
2012-06,5999.645,-2.682399022172054,132.82405916755772,-2.9951749488635997,3.125,-0.3250000000000002,5.215,-0.11249999999999982,4.99,-0.8499999999999996,1.2144088384000051,135.4213,-4.674672343570449,273.72707369,5.70044632614147,2.0213,10.375118669711934,7.569,-1.3880000000000008,94.17,-27.041048594312024
2012-07,5781.3765,-6.454314264738974,128.94739106327017,-4.827615403637655,3.1833333333333327,-0.41000000000000103,5.2875,0.0008333333333325754,4.92,-0.3200000000000003,1.083105843199994,144.169,2.015967484767417,295.53203310000004,10.04219295234464,2.0499,8.026225467577222,7.455,-0.875,105.93,-11.348376222209241
2012-08,5480.9302,-13.216244235820767,125.57924362509543,-7.060570059316632,3.213333333333334,-0.31833333333333247,5.406666666666667,0.07500000000000018,5.2,0.10000000000000053,0.8721812384000049,146.0275,12.880891260182231,297.487223,13.614975108476898,2.0372,0.7340838482946666,7.494,-0.43299999999999983,113.93,9.254038629385152
2012-09,5175.2104,-14.782030548118211,122.75980325151448,-7.879576202188764,3.3925,0.26750000000000007,5.45,0.23500000000000032,5.24,0.25,0.9224364103999738,148.5061,9.223537506505679,301.55648666,9.682582217922691,2.0306,0.4590447114170202,7.479,-0.08999999999999986,111.36,16.766653706413763
2012-10,5126.7056,-12.017853346145671,119.13509812026193,-7.914637247307754,3.5900000000000003,0.4066666666666676,5.406666666666668,0.11916666666666842,5.28,0.3600000000000003,1.416561049100018,142.7416,-0.9950219872311585,289.95101208,-1.9065249167444498,2.0313,-0.9115029295133007,7.243,-0.21199999999999974,109.89,3.670136685042796
2012-11,5043.7334,-8.312826925177642,115.98942015717753,-7.943800121023736,3.4975,0.28416666666666623,5.4025,-0.004166666666667318,5.45,0.25,1.578132788300013,142.8028,-2.233030257953487,300.94262072,1.1548341575442866,2.1074,3.387864415497785,7.172,-0.32200000000000006,110.84,-2.749650471524672
2012-12,5211.2515,0.694004272184837,118.20478724857296,-3.781102163302567,3.3,-0.09250000000000025,5.47,0.019999999999999574,5.53,0.29000000000000004,1.770343178,139.0707,-6.564359792592615,284.19097544999994,-5.931088978871665,2.0435,0.6332708137209588,7.136,-0.34299999999999997,110.8,-0.5041422272926153
2013-01,5102.9126,-0.4651794903763011,115.34441486579416,-3.2335563066579907,3.1325,-0.45750000000000046,5.665,0.25833333333333197,5.84,0.5599999999999996,1.9929689660000083,142.3956,-0.24269030475451392,283.12517148,-2.3822882943218984,1.9883,-2.1395979895673913,7.263,0.019999999999999574,115.55,5.022347126155701
2013-02,4978.5234,-1.301322078286037,114.17626824920475,-1.575551445458362,3.18,-0.3174999999999999,5.666666666666666,0.2641666666666662,6.15,0.7000000000000002,2.266734763999989,136.5666,-4.465224983386322,269.77366164,-10.93363005252635,1.9754,-6.468405069140036,7.763,0.5910000000000002,112.2,1.2195273093818206
2013-03,5034.0122,-3.4602717821387547,114.8330980235194,-2.893885276736859,3.1325,-0.16749999999999998,5.7025,0.23249999999999993,6.31,0.7799999999999994,2.2667347640000113,137.4762,-1.1531625698675725,276.84957155999996,-2.6172165221493278,2.0138,-1.4640539522817546,7.918,0.782,108.46,-2.134533290026892
2013-04,5134.0415,0.6081691027002804,116.55525243627572,1.0442865989271708,3.166666666666667,0.03416666666666712,5.72,0.054999999999999716,6.59,0.75,1.9420462519999848,133.6316,-6.3522339543525765,267.49037372,-5.680552231090099,2.0017,0.6716817232624794,8.011,0.7479999999999993,101.53,-12.934901540725841
2013-05,4714.5645,-5.447679401954531,116.63958395429891,2.134523438195119,3.0324999999999998,-0.1475000000000004,5.8,0.13333333333333375,6.49,0.33999999999999986,1.6287205100000035,130.6295,-4.444733583606504,278.48903105,3.1795355560404186,2.1319,7.624269139646936,8.665,0.9019999999999992,100.43,-11.082202568334825
2013-06,4629.1509,-8.38438598790067,116.3892257286514,1.3460215903099326,2.7,-0.43249999999999966,5.875,0.17250000000000032,6.5,0.1900000000000004,1.3963685645000057,124.4663,-9.941581468291888,275.76753428,-0.391605200548438,2.2156,9.54997626774344,9.392,1.4739999999999993,102.49,-5.661620856944296
2013-07,4365.3354,-16.219814095446253,113.95025898234553,-2.2603401953737423,2.45,-0.7166666666666668,5.808333333333333,0.08833333333333293,6.7,0.11000000000000032,1.1844322910000038,126.1571,-5.755880437355632,288.93760612999995,7.712718946455813,2.2903,13.46859938381144,9.288,1.277000000000001,107.89,6.075786825011734
2013-08,4350.5103,-8.036339846121772,114.6797539639088,-1.6945205733932562,2.3066666666666666,-0.7258333333333331,5.836666666666667,0.03666666666666707,6.27,-0.22000000000000064,0.6611512885999815,130.4445,-0.14172229403517356,309.47957625000004,10.551342767323504,2.3725,10.693065061358661,10.194,1.5290000000000017,115.97,14.387056956336423
2013-09,2507.7051,-61.30054282261364,113.85904610370228,-2.197872285660498,2.24,-0.45999999999999996,5.9325,0.05750000000000011,6.09,-0.41000000000000014,0.5307741871999783,127.1103,2.1020216931627296,283.455969,2.749855522684294,2.23,0.6478338295215683,10.07,0.6780000000000008,107.85,5.097613999169389
2013-10,2196.1936,-68.69693447747795,110.73716231245865,-2.860254216901947,2.2,-0.25,5.905,0.09666666666666757,5.86,-0.8399999999999999,0.6210172520000112,125.2281,-0.7391081329531464,275.82741305999997,-4.643541393346254,2.2026,-3.9044332603931218,10.503,1.2149999999999999,107.53,-0.33423111608137734
2013-11,4932.4839,12.554954627933052,115.04506675811349,0.3180440850848651,2.1424999999999996,-0.16416666666666702,5.910833333333334,0.07416666666666671,5.84,-0.4299999999999997,1.1642077880000157,124.2192,-4.890010202245655,288.79721808,-6.916732616275996,2.3249,-2.026722414030337,10.603,0.4089999999999989,111.07,-4.317090378958327
2013-12,5011.5361,69.23744427638375,117.20078492349774,2.8927328732022013,2.0,-0.2400000000000002,5.97,0.037499999999999645,5.77,-0.3200000000000003,1.4669737730000243,125.7515,-1.074747612615445,294.5854639,3.851236205545535,2.3426,4.925983818160986,10.574,0.5039999999999996,109.95,1.9284344165604899
2014-01,4995.4746,82.18067425490581,116.70029377389262,5.24495703401561,1.9341666666666666,-0.2658333333333336,5.9750000000000005,0.07000000000000028,5.91,0.04999999999999982,2.043318317600007,126.1206,0.7101717661996165,306.00641177999995,10.383070013608659,2.4263,9.672898247409043,11.771,1.2680000000000007,108.16,0.5841733892219048
2014-02,5016.522,1.6894170057241833,116.37076401363792,1.145739903199305,1.75,-0.3924999999999996,5.95,0.03916666666666657,5.59,-0.25,2.0230253240000273,133.9783,7.563009961500454,312.62496522,7.9279503660981465,2.3334,0.3649404045977215,11.218,0.6150000000000002,108.98,-1.8996254024076242
2014-03,5086.041,1.4757253423358274,118.12602435927022,0.7863483180862375,1.7374999999999998,-0.2625000000000002,6.1825,0.21250000000000036,5.68,-0.08999999999999986,2.1752379140000055,134.5234,6.74304242665681,304.4264542,3.286036726433138,2.263,-3.457005700223697,11.376,0.8019999999999996,105.95,-3.705843228646213
2014-04,5142.7881,2.906294170878935,117.96008604855965,1.0737256787132163,1.7533333333333334,-0.18083333333333318,6.333333333333333,0.3583333333333325,6.15,0.2400000000000002,2.1752379140000055,137.7964,8.853864138024829,308.11275040000004,0.6859733450304161,2.236,-8.16789079299441,11.333,-0.4380000000000006,108.63,0.4336000151005519
2014-05,5065.8779,0.9790584531849401,116.24414050482046,-0.10886965440705776,1.6458333333333333,-0.10416666666666674,6.278333333333333,0.32833333333333314,6.28,0.6900000000000004,2.297177531599992,133.8324,-0.10895756923382777,299.6507436,-4.238666948334017,2.239,-4.129709379100183,11.104,-0.11400000000000077,109.21,0.21082550546845757
2014-06,5053.9609,-0.6327455822606776,115.38507192781579,-2.3477071272142793,1.2850000000000001,-0.4524999999999997,6.275,0.09250000000000025,6.37,0.6900000000000004,2.063506354400002,134.6268,0.07683442560091633,296.515527,-2.6329943567193483,2.2025,-2.7098287823202707,10.905,-0.4710000000000001,111.03,4.683315035186624
2014-07,5035.8843,-2.1006222975501974,114.42620149880219,-3.041622661733459,1.2333333333333332,-0.5200000000000002,6.3025,-0.030833333333332824,6.52,0.3699999999999992,1.537614327999992,127.9143,-7.441672498624609,290.03288382,-6.047147967773771,2.2674,1.3945245308508416,10.973,-0.35999999999999943,104.94,-3.4558854187093835
2014-08,5066.5815,0.01388803987965676,115.39134797123481,-0.7363261926961322,0.9066666666666668,-0.7391666666666664,6.283333333333334,0.005000000000000782,6.5,0.21999999999999975,0.8719261840000048,126.5745,-5.575720322528696,283.4762502,-5.548926234930357,2.2396,0.026794087598343726,11.091,-0.0129999999999999,101.12,-7.696470381108968
2014-09,5012.8174,-0.817416016598267,115.58378183259799,0.17206645014985444,0.815,-0.4700000000000002,6.302499999999999,0.02749999999999897,6.51,0.13999999999999968,0.6610650999999912,118.6922,-12.59729182828898,290.9145822,-1.9069892565111903,2.451,10.690302571777801,11.768,0.8630000000000013,94.67,-15.940327492537442
2014-10,4877.8447,-3.1885678866620455,111.14877932148619,-2.9060428714767474,0.8733333333333334,-0.35999999999999976,6.341666666666668,0.03916666666666746,6.75,0.23000000000000043,0.8315071424999987,117.7365,-8.2911431791254,287.7715533,-0.782736137085223,2.4442,7.50840704204019,12.171,1.1979999999999986,84.17,-22.055019503508092
2014-11,4837.5972,-4.62481786550244,109.54664085292114,-5.197897458004478,0.7216666666666667,-0.18500000000000016,6.485,0.20166666666666622,6.59,0.08999999999999986,1.2448749849999885,112.9451,-11.392920767549356,289.15075050999997,1.9819834060456898,2.5601,13.374904173595034,12.441,1.3500000000000014,71.89,-34.11707574027672
2014-12,4666.0381,-7.168777330560575,102.54313749943218,-11.971208713277216,0.5,-0.31499999999999995,6.56,0.2575000000000003,6.56,0.04999999999999982,1.5074552094000104,104.3285,-12.898901265744378,277.1173617,-4.8588587219406,2.6562,8.040042543803775,12.955,1.1869999999999994,55.27,-53.81668942956283
2015-01,4540.5571,-7.165374869236442,96.80033273634906,-13.821922645146628,0.15250000000000005,-0.7208333333333333,6.8925,0.5508333333333324,6.41,-0.33999999999999986,1.7194127076000099,100.8413,-15.490108269596059,268.46979299000003,-6.942854287452308,2.6623,8.547253982143737,12.747,0.5760000000000005,47.52,-57.16878881690952
2015-02,4481.2363,-7.651918299887951,94.35733403337582,-14.926140143370386,-0.2333333333333334,-0.9550000000000001,7.141666666666666,0.6566666666666654,7.14,0.5499999999999998,2.550023327200024,103.4379,-8.79304273121478,297.71496378,2.9188351213237063,2.8782,11.711877852538485,13.05,0.609,61.89,-14.977855724451006
2015-03,4316.4131,-7.788558257875129,89.81558938659026,-13.252500226921454,-0.455,-0.9550000000000001,7.535,0.9750000000000005,7.7,1.1400000000000006,3.274433998399995,98.123,-6.13227811911244,314.778584,12.742837882913053,3.208,18.875116002025482,13.519,0.5640000000000001,53.69,-2.900350141069352
2015-04,4035.8179,-11.78407312323539,83.08969308838144,-15.272976769063343,-0.45333333333333325,-0.6058333333333333,7.373333333333333,0.480833333333333,8.13,1.7200000000000006,3.827799689600009,103.7471,2.840821296665908,310.57731856,14.569447866114645,2.9936,11.728626569448753,13.667,0.9199999999999999,63.9,29.61686863290995
2015-05,4199.71,-6.488349289203597,86.99162255167182,-8.127717948816635,-0.3241666666666667,-0.09083333333333332,7.185833333333333,0.044166666666667354,8.17,1.0300000000000002,3.2842523384000177,100.9465,-2.438075910460929,320.8887342,7.495790922534183,3.1788,9.933866832995102,13.756,0.7059999999999995,63.16,2.0312573636171094
2015-06,4293.2578,-0.5378917753722752,88.87714404031655,-1.0503549372793908,-0.5,-0.044999999999999984,7.255,-0.28000000000000025,8.47,0.7700000000000005,2.794463352800025,102.6892,4.548515701337143,318.60351191999996,1.2077936657197004,3.1026,-3.3407220356174454,14.272,0.7530000000000001,60.31,11.627116302841731
2015-07,4362.4937,7.783486085758851,90.95084502874023,9.039853211113249,-0.6333333333333333,-0.18000000000000005,7.004166666666666,-0.36916666666666664,8.89,0.7599999999999998,2.2567505066000138,91.7827,-12.25323802050441,311.51048380000003,0.30001100693025073,3.394,12.553249027434656,13.909,0.24200000000000088,53.29,-18.15706650747982
2015-08,4363.3618,3.8227340010209785,90.71736799160233,4.193700561168404,-1.1033333333333335,-0.7791666666666668,6.766666666666667,-0.41916666666666647,9.56,1.3900000000000006,2.1653682452000167,90.9328,-10.446990134742377,331.60464176,3.2848980620462207,3.6467,13.731888196788628,14.382,0.6259999999999994,47.97,-27.50953738734688
2015-09,4305.5249,0.2853219752154913,87.4726356327196,-1.5929003229868441,-1.455,-0.9550000000000001,6.789999999999999,-0.46500000000000075,9.53,1.0599999999999987,1.6380107755999962,87.8214,-15.640174403718635,348.90564006,9.08540929336114,3.9729,24.72558369707977,15.561,1.2889999999999997,47.29,-24.319907080711097
2015-10,4370.8042,0.19031762350487527,87.86993306698716,-3.4461508276337227,-1.7666666666666666,-1.1333333333333333,6.8933333333333335,-0.1108333333333329,9.49,0.5999999999999996,1.3859073656000032,87.4289,-4.859793508799008,337.37938221,7.977506687061784,3.8589,12.837300195860784,15.389,1.4799999999999986,48.0,-10.45476854008
2015-11,4342.1689,-0.48688454722123076,87.08328591041445,-4.088385707896781,-2.1366666666666667,-1.0333333333333332,6.9525,0.18583333333333307,9.93,0.3699999999999992,1.5874297415999994,81.0781,-11.470788451791298,312.19933186000003,-6.030155325658832,3.8506,5.4406331261324725,15.71,1.3280000000000012,43.73,-9.25414500891434
2015-12,4351.3862,1.0595402566031906,87.23755999211532,-0.2691036795252777,-2.95,-1.495,6.87,0.08000000000000096,10.48,0.9500000000000011,2.3882087228000115,78.5588,-11.145781772496964,306.75640224,-12.874755875306043,3.9048,-1.7289741028090693,15.857,0.2959999999999994,36.61,-25.597742952363962
2016-01,4055.5894,-7.485099121359218,80.41518840484338,-8.865461892818365,-2.7008333333333328,-0.9341666666666661,7.138333333333333,0.24499999999999922,10.67,1.1799999999999997,2.815929507199999,77.2234,-12.412337170905907,312.19876151999995,-7.75680192613313,4.0428,4.65553524477279,14.574,-0.8149999999999995,33.14,-37.04599989094741
2016-02,3920.8132,-10.207488855697715,77.28444964027082,-11.937220363380106,-2.791666666666667,-0.6550000000000002,7.308333333333334,0.3558333333333339,10.71,0.7800000000000011,3.274838139199998,75.9463,-6.538637606903687,302.23589547999995,-3.243404464906746,3.9796,3.29523314199695,14.214,-1.4960000000000004,35.92,-19.674012199083027
2016-03,3844.1367,-12.394540861341293,75.89421685619367,-13.929448478466359,-2.7074999999999996,0.2425000000000006,6.9675,0.09750000000000014,10.36,-0.120000000000001,3.1623717279999797,78.8272,0.3410725988239524,280.53812208,-8.934433124953085,3.5589,-9.275505723777036,13.805,-2.0519999999999996,36.75,0.3816798526700811
2016-04,3840.7729,-5.442240603488758,75.93794708722126,-5.7286547765698055,-2.46,0.2408333333333328,6.533333333333333,-0.6049999999999995,9.39,-1.2799999999999994,2.6208101489999747,85.5205,10.205359337446612,295.1141414,-5.62778396236175,3.4508,-15.833143299808372,13.221,-1.3529999999999998,45.64,32.00435129954581
2016-05,4134.6899,5.311325044201786,80.21492312455378,3.7216805027556394,-1.9858333333333336,0.8058333333333334,6.4275,-0.8808333333333334,9.28,-1.4300000000000015,1.9520066069999897,85.3383,11.659684564830822,306.79972233,1.4987341113064403,3.5951,-10.160950453524396,13.175,-1.0389999999999997,49.26,31.58181492583929
2016-06,4176.7749,8.299034132056564,81.5498390215827,7.187386783519682,-1.195,1.5124999999999995,6.385,-0.5825000000000005,9.32,-1.0399999999999991,1.8307554593999908,88.8423,11.960477296148419,285.16601454,1.6361894513372714,3.2098,-10.324287844811145,13.359,-0.44599999999999973,48.05,26.81039097574558
2016-07,4199.8755,8.938125960482441,82.43594922114355,8.210509764404978,-0.7083333333333335,1.7516666666666665,6.0375,-0.49583333333333357,8.84,-0.5500000000000007,1.7496396530000125,84.2809,-1.4600845716240343,272.9858351,-7.79422937473349,3.239,-6.334144803109454,13.29,0.06899999999999906,40.76,-11.308331663935093
2016-08,4318.4429,4.3482565757744,85.15747592669229,5.9792628962237755,-0.21999999999999975,1.7658333333333338,5.87,-0.5575000000000001,8.74,-0.5399999999999991,1.6586201960000047,82.7727,-3.0525060362770486,268.20837981,-13.44309494501931,3.2403,-10.39058890874226,13.12,-0.05500000000000149,47.94,-2.7162163686153553
2016-09,4393.5918,5.060767652774312,87.08611005526947,6.568304482390361,0.19000000000000006,1.3850000000000002,5.61,-0.7749999999999995,8.97,-0.34999999999999964,1.3156560080000101,85.342,-4.019617477585631,277.0372004,-2.8919723191941955,3.2462,1.1276451583914275,12.504,-0.8550000000000004,48.24,0.39464170026286105
2016-10,4442.0669,5.606490414943239,87.03880208934861,5.433240152275212,0.45833333333333337,1.166666666666667,5.305000000000001,-0.732499999999999,8.48,-0.35999999999999943,1.043057830399996,84.9011,0.7331782083632687,270.07888921,-1.0705809177533843,3.1811,-1.8037591261166548,12.425,-0.8649999999999984,46.2,12.527858973316924
2016-11,4624.2109,6.841084272440921,89.90070856722319,5.420362277578196,0.5216666666666667,0.7416666666666665,5.078333333333333,-0.791666666666667,7.87,-0.8700000000000001,0.7817049151999766,86.0015,3.8266441081919123,292.12129504999996,8.540489503257817,3.3967,4.713845395065915,12.169,-0.9509999999999987,47.95,0.020857232320912005
2016-12,4948.3706,11.891128043580835,96.07180005841845,9.819842928757446,0.5,0.30999999999999994,4.87,-0.7400000000000002,6.99,-1.9800000000000004,0.5208203743999995,87.5144,2.5136638097416912,285.21818104,2.91026402522312,3.2591,0.3966002154814289,11.561,-0.9429999999999996,54.96,13.041709549516392
2017-01,5183.8608,15.44303206953502,102.15631840324447,16.01501532658935,0.6050000000000001,0.14666666666666672,4.674166666666667,-0.6308333333333334,6.29,-2.1900000000000004,0.7417894039999817,87.5922,3.1204903229376835,273.9008094,1.4051932777055463,3.127,-1.7152970452321483,10.83,-1.5950000000000006,55.25,17.888854231016893
2017-02,5382.7139,15.188694917301932,106.40606985444583,16.855679961145256,0.7949999999999999,0.2733333333333332,4.383333333333334,-0.6949999999999994,5.35,-2.5200000000000005,0.8623660520000076,87.7388,1.9999480910392942,271.92886283999997,-7.16286116092949,3.0993,-9.162809251968786,10.203,-1.966000000000001,53.36,10.690260027792094
2017-03,5572.0063,11.869683589566089,110.80369959050036,14.26643343694346,0.9775,0.47750000000000004,4.199999999999999,-0.6700000000000008,4.76,-2.2300000000000004,1.0133877619999954,85.3508,-2.5033528885923384,270.42547472,-5.325788392158334,3.1684,-2.8224355035659876,9.671,-1.8900000000000006,52.2,-5.152315302550081
2017-04,5475.9321,5.481240094999894,108.68429768124486,6.194315461955303,1.1400000000000001,0.535,4.12,-0.5541666666666671,4.57,-1.7199999999999998,0.9630321349999971,84.0128,-4.172278469516521,268.70653952,-1.9146178406870864,3.1984,2.257660628829435,9.301,-1.529,49.46,-11.070407830459207
2017-05,5537.8755,2.8418254091391844,111.08210233000668,4.300696574432748,1.2808333333333333,0.48583333333333334,4.114166666666667,-0.269166666666667,4.08,-1.2699999999999996,0.721638155000015,82.8292,-5.758356264507906,268.67307604,-1.2045188631379273,3.2437,4.553837401369975,9.147,-1.0559999999999992,49.4,-7.711097741349142
2017-06,5534.1045,-0.6825422116662587,112.19010467859574,1.2434632042192644,1.195,0.21750000000000003,3.855,-0.3449999999999993,3.6,-1.1599999999999997,0.7015600850000192,82.6017,-3.273956093687919,273.26294393999996,1.0437945281117067,3.3082,4.317750621799611,8.766,-0.9049999999999994,47.08,-10.323421249651716
2017-07,5500.3999,0.4458290898553155,111.66912554371196,2.709293457082986,1.3083333333333331,0.168333333333333,3.875,-0.2450000000000001,3.0,-1.5700000000000003,0.21939800180001967,84.3915,0.4497517442857593,264.20446905,-1.6896545600737727,3.1307,-2.139406304359547,7.977,-1.3239999999999998,51.99,4.988713030235431
2017-08,5512.0093,-0.46817225181805594,111.63063541469366,0.492593463142876,1.4666666666666668,0.18583333333333352,3.923333333333334,-0.19083333333333297,2.71,-1.37,0.3194772888000186,84.6565,2.1821236173061114,266.42247115,-0.8412023509712895,3.1471,-3.0233259682773928,7.573,-1.5739999999999998,52.69,6.447526002731767
2017-09,5500.3379,-0.6120237738598205,111.66175972710954,-0.4720496154765267,1.96,0.7649999999999999,3.7824999999999998,-0.07250000000000023,2.46,-1.1400000000000001,0.19946595119999522,84.4599,2.224660408372864,267.56896320000004,-2.1057156790075466,3.168,-4.330376087380417,7.125,-1.641,57.02,19.155380109245005
2017-10,5577.125,1.3852611954033567,112.84859362463439,1.050677813430066,2.205,0.896666666666667,3.863333333333333,-0.011666666666667158,2.54,-0.45999999999999996,0.5911447296000016,86.1882,2.106659171819574,282.43011257999996,6.670782353326259,3.2769,4.564123181506698,7.142,-0.835,61.35,16.5543778761296
2017-11,5709.207,3.5150913926145546,115.08935472875405,3.051330113785206,2.4549999999999996,0.9883333333333328,3.9374999999999996,0.014166666666665773,2.7,-0.009999999999999787,0.7717752767999908,85.7033,1.2289438879877106,279.52988328,4.802591753048559,3.2616,3.5736478650608463,7.021,-0.5520000000000005,63.53,18.708655105724755
2017-12,5944.4844,7.765427132355393,118.92600843026803,6.3027222381436525,2.7,0.7400000000000002,3.96,0.1775000000000002,2.8,0.33999999999999986,0.8622978815999938,88.1674,4.296041466331964,291.6577592,8.62037178725848,3.308,4.3243303209265385,6.855,-0.2699999999999996,66.73,15.725254343098927
2018-01,6179.4556,10.255676633431642,124.30714199995668,9.670841378589776,2.706666666666667,0.5016666666666669,3.9750000000000005,0.11166666666666769,2.95,0.41000000000000014,1.1442611743999853,89.8001,4.105281154533014,283.98383624,0.5486191010198944,3.1624,-3.5566620535131386,6.89,-0.25200000000000067,67.78,9.967199502198484
2018-02,6463.8735,12.414861623761215,130.65348326174941,12.683982832909631,2.9166666666666665,0.4616666666666669,3.8166666666666664,-0.12083333333333313,2.86,0.1599999999999997,1.0133235727999734,88.1409,2.8045339109501697,286.00840641,2.2911999626819934,3.2449,-0.5133339482681895,6.669,-0.3520000000000003,66.08,3.935389393428064
2018-03,6749.9937,12.70777735121901,132.94006464129328,11.139686302685728,2.88,0.17999999999999972,3.6750000000000003,-0.2849999999999997,2.84,0.040000000000000036,1.053616083199982,87.4729,-0.7908249069513996,290.74242502,-0.3143319519672966,3.3238,0.47649295498409505,6.292,-0.5630000000000006,69.02,3.3741690754342044
2018-04,6833.7041,10.063667756639044,136.33012477446,9.232387780692648,2.833333333333333,0.12666666666666604,3.673333333333334,-0.30166666666666675,2.68,-0.27,0.7014778351999817,89.593,-0.23088969643118884,311.88219230000004,9.370820582921853,3.4811,9.601710279353048,6.378,-0.5119999999999996,75.92,11.341298812276719
2018-05,7006.3262,8.058473268119979,144.34018388772358,9.962424900607212,2.591666666666667,-0.32499999999999973,3.7824999999999998,-0.03416666666666668,2.76,-0.10000000000000009,0.6311906335999984,90.7159,2.8795974565015894,339.0053183,16.999459202813792,3.737,14.119861746312209,7.22,0.5510000000000002,76.45,14.577080316234877
2018-06,7059.3154,4.480650641417245,145.75012078779486,9.199526910554741,2.025,-0.855,4.0649999999999995,0.38999999999999924,2.86,0.020000000000000018,0.7114387919999743,87.4095,-0.07250586997606147,337.03355009999996,14.774474277218502,3.8558,14.846980147194552,7.575,1.2830000000000004,77.44,11.51071252984643
2018-07,7234.7583,5.703009793545528,149.20725013882202,9.025694757669358,2.083333333333333,-0.75,4.1,0.42666666666666586,4.39,1.7099999999999995,1.8887030879999989,85.3947,-4.79931539502303,320.64855903,2.7720163958927446,3.7549,7.571331790915798,7.396,1.0179999999999998,74.16,-2.3455233044072763
2018-08,7458.1426,6.249291819869445,153.78192574646346,6.336263062905119,2.146666666666667,-0.44499999999999984,4.126666666666667,0.3441666666666672,4.48,1.7200000000000006,2.000534631999984,83.736,-8.006365240205218,346.2734808,2.1213074329099175,4.1353,10.127672673115121,8.188,0.9680000000000009,76.94,0.6388964949077685
2018-09,7740.3882,9.210376341783155,159.6960778435433,9.13788414294245,2.2125,0.1875,4.2250000000000005,0.16000000000000103,4.19,1.3300000000000005,1.5027232578000094,85.201,-2.5590801551126487,341.13628389999997,1.209957638176013,4.0039,3.7690377932886556,7.951,0.37599999999999945,82.72,6.595796779179737
2018-10,7890.7725,8.679708633392929,163.83231738125207,9.35071697553791,2.31,0.22666666666666702,4.253333333333333,0.15333333333333332,4.53,0.14000000000000057,0.7208535743999933,83.1903,-2.6153283486775147,309.27657830999993,-3.610973968827263,3.7177,-0.9956456201497422,7.001,-0.3949999999999996,74.84,0.9127580148289247
2018-11,8341.8154,11.197446456259671,162.01026596225864,5.212417109956551,2.4291666666666663,0.2824999999999993,4.091666666666667,-0.03500000000000014,4.56,0.07999999999999918,0.8413210559999884,82.5607,-1.4135212173103402,318.95675231,-8.217334888896959,3.8633,-6.803813671586615,6.909,-1.2790000000000008,57.71,-28.75954286012739
2018-12,8526.6406,9.674360901940005,162.75488179244377,1.8972780898905213,2.53,0.3174999999999999,4.01,-0.21500000000000075,4.05,-0.14000000000000057,0.7202024639999749,76.7154,-10.49107003678653,297.25683192,-13.76855379138905,3.8748,-3.277483754602518,6.545,-1.4059999999999997,50.57,-49.21028956682272
2019-01,7915.1655,0.3086563969282541,162.66998078696722,-0.7119959100288581,2.5,0.18999999999999995,4.0,-0.25333333333333297,3.75,-0.7800000000000002,0.3894135824999978,80.7252,-3.0079960303464532,294.80035788,-4.7937577703470815,3.6519,-1.7857617400006347,6.416,-0.585,62.46,-18.082614955095632
2019-02,8062.0854,-3.4108609000193093,166.05991324496526,2.468894303990698,2.5166666666666666,0.08750000000000036,3.875,-0.21666666666666679,3.78,-0.7799999999999998,0.25949199200001605,81.3904,-1.4276450443931574,304.2780104,-4.711372950473025,3.7385,-3.283727906079866,6.541,-0.36799999999999944,65.03,11.941823315818546
2019-03,8234.6084,-3.4849641030053253,169.12817524623142,3.8411584576133815,2.1725,-0.35749999999999993,3.9175,-0.0924999999999998,3.89,-0.1599999999999997,0.9025030639999931,81.0872,5.542264833749586,315.97249224,6.105864086661398,3.8967,0.5635992529118088,6.579,0.03399999999999981,67.93,29.511924811131895
2019-04,8294.6475,4.682982448068068,170.1726203601639,4.508984508175313,1.8733333333333335,-0.6266666666666665,4.013333333333334,0.013333333333333641,4.58,0.8300000000000001,1.507011320000018,80.5738,-0.18772595547701448,317.88781314000005,7.540015737759864,3.9453,7.7277416932368626,6.566,0.14999999999999947,72.19,14.477518029613718
2019-05,8209.9082,1.8169484371974975,170.67035515644145,2.73853019807434,1.7008333333333332,-0.8158333333333334,4.0175,0.14250000000000007,4.94,1.1600000000000006,1.759969382500004,77.7043,-4.634673303786453,306.20933501,0.632717800821141,3.9407,5.2673911046076025,6.275,-0.266,66.78,2.655493263444794
2019-06,8146.6211,-1.0742557042066954,170.48577605367797,0.7995007470957785,1.5250000000000001,-0.6474999999999997,3.855,-0.0625,4.66,0.77,1.4559965575000167,79.653,-1.7845418395038308,305.2462266,-3.453640868078793,3.8322,-1.6690990285749534,5.803,-0.7759999999999998,67.52,-0.6053912915509063
2019-07,8102.9888,-2.337744598673384,170.22513701640608,0.03085605326168605,1.5666666666666664,-0.3066666666666671,3.8583333333333325,-0.15500000000000114,3.37,-1.21,0.710811074100004,78.9631,-2.019287989416548,297.28817519,-6.699657645390163,3.7649,-4.680369655973614,5.453,-1.1129999999999995,64.07,-11.932529650013947
2019-08,7973.7251,-2.918996809319072,169.43595352753044,-0.7258948262231402,1.6900000000000002,-0.010833333333333028,3.7633333333333336,-0.25416666666666643,3.22,-1.7200000000000002,0.3302790247000198,77.0044,-0.9048033819447293,318.68270939999996,3.992699701995687,4.1385,4.897503083940417,5.384,-0.891,61.04,-8.987424753930696
2019-09,7870.2744,-3.451032392650979,168.48873630349567,-1.1782967643867845,1.7175,0.1924999999999999,3.6925,-0.1625000000000001,3.43,-1.23,0.3102390209000161,77.7797,-2.379922874267826,323.90578268,5.933392806232121,4.1644,8.313315680499937,4.846,-0.9569999999999999,60.99,-10.171393397933658
2019-10,7787.6797,-3.969002198476089,166.31911808725434,-2.3213555252225646,1.845,0.27833333333333354,3.55,-0.3083333333333327,2.89,-0.48,0.2600889164000142,79.2367,0.34589205900657355,317.27167047,6.5056456281988435,4.0041,6.159753569192268,4.455,-0.9980000000000002,59.3,-7.736692964725038
2019-11,7878.6665,-1.1993110161493525,167.44281480701144,-1.1833111284183717,2.1175,0.4275,3.5933333333333333,-0.17000000000000037,2.54,-0.6800000000000002,0.17002595599999726,77.1108,0.13807855020775794,325.7160192,2.182992856272473,4.224,2.0449143060647126,4.65,-0.734,64.5,5.513583682552527
2019-12,7929.311,0.7473218222669683,168.8949350421873,0.24079347606731138,2.3,0.5824999999999998,3.61,-0.08250000000000002,3.27,-0.16000000000000014,0.5702657960000135,80.8871,3.917388354379591,326.03163397000003,0.6541734070774023,4.0307,-3.2632149473021785,4.548,-0.29800000000000004,67.77,10.540970283965658
2020-01,7782.5386,-0.06603761216160088,169.67730849503147,1.9990106860104027,2.3166666666666664,0.47166666666666646,3.4291666666666663,-0.12083333333333357,4.31,1.4199999999999995,1.767530865000011,74.8374,-5.7121815307545685,319.5182793,0.7056072891899816,4.2695,6.417788819944518,4.411,-0.04400000000000048,57.77,-2.613969621050555
2020-02,7819.1777,-0.7579268085624273,169.90991372717582,1.4626488505309476,2.225,0.10749999999999993,3.283333333333333,-0.31000000000000005,4.19,1.6500000000000004,1.8793633165000045,70.9799,-8.28466102105183,319.31727613000004,-1.9840690463526809,4.4987,6.3005919746991585,4.139,-0.5110000000000001,51.31,-22.87795588478533
2020-03,6753.8911,-16.04473485712285,140.39469379929804,-18.481913802998413,-0.050000000000000044,-2.3499999999999996,3.0124999999999997,-0.5975000000000001,4.01,0.7399999999999998,1.6158210374999982,61.8577,-26.821776939628162,321.57962499,-1.374923320954811,5.1987,25.446853618673344,3.33,-1.218,14.85,-151.8119753899313
2020-04,5874.3818,-28.128175420542096,122.28828882796476,-32.75171675255986,-1.4399999999999995,-3.756666666666666,2.413333333333333,-1.0158333333333331,3.3,-1.0099999999999998,0.5308473674999981,60.8983,-20.61125003099729,330.49507409999995,3.3777270405770943,5.427,23.98897707157439,2.938,-1.4729999999999994,18.11,-116.00053378978524
2020-05,5433.6445,-36.39693081321254,109.42338131316296,-44.004378703412996,-2.1875,-4.4125,2.1958333333333333,-1.0875,2.4,-1.7900000000000005,0.009182457499989916,63.5353,-11.080108141756718,344.76159839,7.666795448740693,5.4263,18.746903590497414,2.532,-1.6070000000000002,34.15,-40.71230789370745
2020-06,5099.2627,-28.10228374031069,103.17504996560648,-30.803063750652942,-1.5499999999999998,-1.4999999999999998,2.315,-0.6974999999999998,1.88,-2.13,-0.619304175400015,64.9762,4.918446316377514,355.8096712,10.115077625780529,5.476,5.196631309403024,2.36,-0.9700000000000002,41.64,103.10613784980596
2020-07,5443.7983,-7.612379482212252,108.68818432748988,-11.789819198471028,-0.3166666666666669,1.1233333333333326,2.4291666666666663,0.015833333333333144,2.13,-1.17,-0.4306129372000034,68.6767,12.020472624023922,357.34547310999994,7.811127084777918,5.2033,-4.209345539246017,2.26,-0.6780000000000004,43.13,86.775453876443
2020-08,6051.4639,10.769012227222262,120.30531440619264,9.48082079750728,0.6000000000000001,2.7875,2.5933333333333333,0.39749999999999996,2.31,-0.08999999999999986,0.23857644320000038,73.315,14.316956947681438,401.1283595,15.142831558155972,5.4713,0.8258746104745307,2.59,0.05799999999999983,45.22,28.077688083302473
2020-09,6637.833,26.368959414935787,131.5827414983357,24.32088067427737,1.37,2.92,2.765,0.4500000000000002,2.44,0.56,0.8624262463999832,70.8516,8.656649980456868,399.65262012,11.619976366207078,5.6407,2.963326385750232,2.77,0.41000000000000014,40.3,-3.2709774794130926
2020-10,7521.7153,32.33171762159274,149.1148583094899,31.62337817423207,1.9816666666666667,2.298333333333334,3.095,0.6658333333333339,3.14,1.0100000000000002,1.2447095295999855,71.8436,4.508154814463746,414.66689047999995,14.877249873247806,5.7718,10.36909505878406,3.16,0.9000000000000004,36.33,-17.157496442664137
2020-11,8322.8066,31.869931996471053,163.42544913790022,30.63241194940246,2.7966666666666664,2.1966666666666663,3.4941666666666666,0.9008333333333334,3.92,1.6099999999999999,1.7491172095999818,74.3612,1.4169074002434725,396.47161004,-1.1677037490672961,5.3317,-2.584611149310773,3.15,0.56,46.84,3.5198071879692807
2020-12,8936.7383,29.738512441229364,179.19904535375747,30.886130659819045,3.4,2.03,3.32,0.5549999999999997,4.31,1.8699999999999997,2.40890298559997,78.0543,9.681718952969243,405.62478081,1.4832826995176052,5.1967,-8.198436253451646,2.83,0.06000000000000005,51.22,23.97786118187419
2021-01,9774.7422,26.20075217665927,192.36423152529082,25.46737439934518,3.4166666666666665,1.4349999999999998,3.5275,0.43249999999999966,4.52,1.3799999999999994,3.1313823289999876,80.0981,10.876059934643209,438.60918579,5.613325482449532,5.4759,-5.262734452193687,3.44,0.2799999999999998,55.25,41.92244941647516
2021-02,10215.0762,20.486515817964072,202.1462948752795,21.263474955106982,3.158333333333333,0.3616666666666668,3.8083333333333336,0.3141666666666669,4.56,0.6399999999999997,2.507645037500006,85.2778,13.697986227994088,471.60328955999995,17.35337068579135,5.5302,3.6553844577972767,4.08,0.9300000000000002,65.86,34.079373821870156
2021-03,11289.5273,23.370482916107367,220.65003361413557,20.80807147973085,2.96315,-0.43684999999999974,4.4921500000000005,1.1721500000000007,5.2,0.8900000000000006,2.4771640250000004,83.4445,6.677700187359805,475.40834985000004,15.874557153058175,5.6973,9.19685696569839,5.08,2.25,63.52,21.522473616750112
2021-04,12347.4277,23.36460258570658,241.4058433485035,22.708890033816648,2.863933333333333,-0.5527333333333333,4.5620666666666665,1.0345666666666666,6.1,1.58,2.052492994999988,90.361,12.056062493888314,488.2746996,10.726937729756116,5.4036,-1.3291247641321942,5.22,1.7799999999999998,67.73,20.366087282895023
2021-05,12220.3633,17.923899539245223,245.78746824963775,19.54755449800045,3.292625,0.13429166666666692,4.679175000000001,0.8708416666666672,6.76,2.2,2.1135717938000065,92.8252,8.480399194137858,485.68001143999993,2.941185041982757,5.2322,-5.539214152155109,5.86,1.7800000000000002,69.36,5.177905552406811
2021-06,12691.7617,11.707758956350071,256.50731557639597,15.057929691282098,3.6430499999999997,0.6798999999999995,4.89165,0.39949999999999974,8.06,2.8600000000000003,2.0831989289000097,94.5412,12.485397811786223,472.91399064,-0.5260584625824066,5.0022,-13.011456274368635,6.57,1.4900000000000002,76.94,19.167108038526877
2021-07,13227.2383,6.8830453081472065,266.0676025599983,9.727090700099097,3.433041666666666,0.5691083333333329,5.055991666666666,0.49392499999999995,8.35,2.25,1.6786286369000036,96.2754,6.3400076075036065,493.08408864,0.9801568195108378,5.1216,-5.3598507879927615,7.45,2.2300000000000004,77.72,13.758341128242687
2021-08,13404.6924,9.250114151052728,268.40965444681837,8.804716251121727,3.0741333333333336,-0.21849166666666653,5.090999999999999,0.41182499999999855,8.99,2.2300000000000004,2.3374972304000208,95.9859,3.3483151027850413,493.68427947,1.634620810842394,5.1433,-1.7136942919426448,8.18,2.3199999999999994,73.45,5.729457014760001
2021-09,13593.0137,6.860286428629777,264.4751786356078,3.059021933757754,2.4355,-1.2075499999999995,5.216125,0.3244749999999996,9.68,1.6199999999999992,2.378095265600022,100.7581,6.368687629294,548.06360914,14.747782129781514,5.4394,8.379094500487502,8.98,2.41,77.81,1.124406030468977
2021-10,13187.5986,-0.30013230750631964,263.3178850704498,-1.0388430672028814,1.8214333333333332,-1.6116083333333329,5.3167,0.26070833333333354,10.25,1.9000000000000004,3.0196768831999954,103.3578,7.098392052070734,583.2480654,16.793286927424898,5.643,9.694894875354155,11.92,4.47,83.1,6.693207735216323
2021-11,13130.2432,-2.068661415215311,268.52240373286367,0.041997599504394745,0.9483083333333333,-2.1258250000000003,5.430816666666667,0.33981666666666754,10.67,1.6799999999999997,3.3155931499999847,95.7976,-0.1963673209710531,538.3729322400001,8.665530013871654,5.6199,8.8618973348427,11.75,3.5700000000000003,70.86,-3.5898803182560397
2021-12,12894.4922,-5.275570327088822,262.8375616145847,-0.6211199392014366,0.3607,-2.0748,5.0302,-0.18592500000000012,10.74,1.0600000000000005,3.3975327500000096,99.1694,-1.5893095654525915,553.4148366999999,0.9716521791745752,5.5805,2.5609617446271713,11.79,2.8099999999999987,77.24,-0.7352500068525176
2022-01,13222.499,0.26429603437463034,266.7773071026168,1.3052263804037936,0.4041666666666667,-1.4172666666666665,5.258075000000001,-0.05862499999999926,10.06,-0.1899999999999995,2.958021687500012,107.8627,4.266236706720082,577.86362898,-0.9274689150713408,5.3574,-5.193705621791427,12.25,0.33000000000000007,92.35,10.554100478384655
2022-02,13361.2461,1.744022410632066,269.3185867355326,0.29606653206428524,0.49999999999999994,-0.44830833333333336,5.2554,-0.175416666666667,10.38,-0.28999999999999915,2.2360444490000297,114.5522,17.879298183122277,588.72957668,8.941545281414726,5.1394,-8.937752901707558,12.47,0.7200000000000006,103.08,37.47992863468383
2022-03,14429.3584,11.246464991939806,291.0705273035785,10.202939475921246,0.7039500000000001,0.34325000000000006,6.13845,1.10825,10.54,-0.20000000000000107,2.2968088142000243,124.4109,22.676029808246692,589.43396202,6.305481291072387,4.7378,-16.37054851717431,12.72,0.9300000000000015,107.29,32.861799108834134
2022-04,15142.5166,13.558660779530266,298.3824508194689,11.196180108671513,0.8002,0.39603333333333335,6.628233333333333,1.3701583333333325,11.3,1.2400000000000002,3.2006523548000043,129.4827,18.268815943671893,636.93834957,9.733496360942553,4.9191,-8.53531958272933,13.01,0.7599999999999998,108.36,15.98733105716455
2022-05,15650.0693,15.811691037425598,306.41107205504,12.903255702894679,1.026625,0.5266249999999999,6.946766666666667,1.6913666666666671,12.13,1.75,3.7344134371999793,131.343,13.678160767993235,621.1079127,5.353788386249147,4.7289,-8.324372381744077,13.39,0.9199999999999999,125.53,19.703938804595275
2022-06,15966.0938,10.12024273178799,317.1692754282723,8.587002356707536,1.0037,0.29974999999999996,6.53665,0.3982000000000001,11.73,1.1900000000000013,3.1798487083999794,117.0482,-6.100398127029323,613.0984716,3.9362871873337815,5.238,10.036685314363085,13.78,1.0599999999999987,119.78,11.01212781876615
2022-07,15655.9824,3.334664979886133,314.2226543257804,5.172576915860238,1.054875,0.254675,6.091725,-0.5365083333333329,11.89,0.5899999999999999,2.215266379399994,121.827,-6.094527589556601,632.0872068,-0.7645498352980413,5.1884,5.329977754258549,13.72,0.7100000000000009,111.51,2.865525576037615
2022-08,16160.0439,3.2066424582043873,315.26429026421675,2.8483730596244228,0.9490999999999998,-0.07752500000000007,5.755366666666667,-1.1913999999999998,10.07,-2.0600000000000005,0.4553755867999776,121.6412,-7.673649404565949,629.9797748,1.418287607762534,5.179,9.091937012328497,13.44,0.049999999999998934,96.55,-26.248376495559366
2022-09,15847.0889,-0.7481518351138106,307.37012496623026,-3.1382983046658985,1.0725,0.06879999999999997,5.185675,-1.350975,8.73,-3.0,-0.37450359840001113,111.4887,-4.866257530219277,602.77480542,-1.6981891900803354,5.4066,3.1680683401389325,13.21,-0.5699999999999985,88.9,-29.814458431645736
2022-10,15653.4551,-0.016144014120278036,306.0588848561483,-2.632430722234478,1.02595,-0.02892500000000009,5.0481,-1.0436250000000005,7.17,-4.720000000000001,-1.3245430992000151,113.3532,-7.209339788887295,595.8977724,-5.895824053594299,5.257,1.3135157352930007,13.15,-0.5700000000000003,93.3,-17.829416512397238
2022-11,15594.8408,-3.560162806588564,297.8252426483647,-5.6904423339860255,0.8885333333333334,-0.060566666666666436,5.093016666666666,-0.6623500000000009,6.47,-3.6000000000000005,-0.06278484040000976,116.0528,-4.703046797581387,614.39512848,-2.5049462482408185,5.2941,2.1981005493405714,13.94,0.5,85.61,-12.025891012012915
2022-12,14681.5596,-7.63935605142132,277.1476617615516,-10.35022010901724,0.8,-0.27249999999999996,5.3128,0.12712500000000038,5.9,-2.83,0.7095119848999909,112.8052,1.173919681928658,588.58369204,-2.3824540898338404,5.2177,-3.556373771762491,13.43,0.21999999999999886,82.82,-7.084256440243783
2023-01,14496.209,-7.680449881518503,263.1199603590686,-15.116746638616393,0.8469666666666666,-0.17898333333333327,5.60035,0.5522499999999999,5.79,-1.38,1.6286339977999997,111.8001,-1.3796152522544296,570.1022499300001,-4.425339895185192,5.0993,-3.0457246429307583,13.47,0.3200000000000003,83.42,-11.193201908449895
2023-02,14965.9922,-4.115970113084564,274.30489045876976,-8.22666537661655,0.9416666666666667,0.053133333333333255,5.58835,0.49533333333333385,5.77,-0.7000000000000002,1.5680144726000211,106.1591,-8.910634774200755,552.85536098,-10.554183896605007,5.2078,-1.643549122404263,13.28,-0.6600000000000001,83.21,-2.8434565842055894
2023-03,14864.3896,1.2376135382189073,270.04631093404817,-2.5956972836692396,1.045,0.24499999999999988,5.500299999999999,0.1874999999999991,5.6,-0.3000000000000007,2.0029736024000044,105.5076,-6.687944905599186,536.02081104,-9.354614217724922,5.0804,-2.6666693121257325,12.9,-0.5299999999999994,79.19,-4.481954989510001
2023-04,14754.7275,1.7676372941428247,266.7581989143687,1.3732574809736722,1.1358333333333333,0.2888666666666666,5.425599999999999,-0.1747500000000004,4.65,-1.1399999999999997,2.094210609200031,104.3114,-6.933179904519776,521.63001798,-8.885717181818618,5.0007,-1.9525372772988354,12.87,-0.6000000000000014,81.32,-2.549610000865342
2023-05,14816.8174,-1.0017594008283235,266.2216569158632,-2.991096819467977,1.2911916666666667,0.3495250000000001,5.0449,-0.54345,4.18,-1.5899999999999999,2.1754553804000043,97.9647,-8.03317025187445,499.21831473,-10.205290938644707,5.0959,-2.172120686770237,12.45,-0.8300000000000001,71.98,-14.49792302614537
2023-06,14545.5723,-2.168175467984198,260.8370438783265,-3.4697606891501294,1.7311999999999999,0.6861999999999999,4.4479,-1.0523999999999996,3.94,-1.6599999999999997,1.5573769613000055,101.4785,-3.893603485205194,489.04518720000004,-9.171809431669649,4.8192,-5.278205946464457,11.72,-1.1799999999999997,74.51,-6.091668365668487
2023-07,14383.9043,-2.545371542721098,260.99890675021845,-2.1826407415853235,1.6902583333333334,0.5544250000000002,4.287416666666667,-1.1381833333333322,3.16,-1.4900000000000002,0.760729877599986,107.3396,2.8616984135339223,508.95071340000004,-2.460737715803053,4.7415,-5.322436129336981,11.26,-1.6099999999999994,85.22,4.684415931162019
2023-08,14609.4521,-1.4094123120158775,263.7362002209968,-0.9379896474473447,1.643066666666667,0.35187500000000016,4.2221,-0.8228,3.99,-0.1899999999999995,0.26999577919999407,106.0289,7.910448876169249,521.86364291,4.436282873641792,4.9219,-3.4741660025274546,10.98,-1.4699999999999989,87.29,19.284760609637384
2023-09,14702.833,1.0753558277115745,265.85878680677297,1.906943177390547,1.854125,0.12292500000000017,4.11825,-0.32965,4.61,0.6700000000000004,0.26999577919999407,104.8391,3.257984052447411,524.9922771600001,7.092865974446154,5.0076,3.834881921998739,11.06,-0.6600000000000001,95.86,25.195544916584904
2023-10,15268.1289,5.965775286012575,275.52353104422286,5.4156818466860335,1.732,0.041741666666666566,4.027516666666667,-0.2599,5.19,2.0300000000000002,0.6111867176000096,104.6162,-2.5699224909289,529.0964315,3.881952380882924,5.0575,6.4518748718118415,11.15,-0.10999999999999943,86.82,1.8600861799681438
2023-11,15638.541,6.806972097245649,277.7903808262588,5.191744148088963,1.6125,-0.030566666666666853,3.9698416666666665,-0.2522583333333337,4.82,0.8300000000000001,0.7317754351999994,101.8067,-4.063578118670474,502.46696785000006,-3.787643112903971,4.9355,0.27593500576650193,10.41,-0.5700000000000003,81.72,-6.593713879783719
2023-12,16031.0898,8.648975303385404,284.60929207731294,6.8152043576293995,1.5198,-0.334325,3.9,-0.21824999999999983,4.68,0.0699999999999994,0.7820257471999881,98.646,-6.088910965183443,477.5748798,-9.466258835053228,4.8413,-3.3773478698697805,10.05,-1.0099999999999998,77.69,-21.016224476915582
2024-01,15831.6328,3.6242437157752514,279.2959772713804,1.359903286794326,1.6333333333333335,-0.09866666666666646,3.7875583333333336,-0.2399583333333335,4.62,-0.5700000000000003,1.083587763199989,98.5602,-5.963088635190421,488.21795069999996,-8.04087789807197,4.9535,-2.077789262881556,9.91,-1.2400000000000002,82.98,-4.52373949667255
2024-02,15759.0117,0.7673928751852879,276.2317628797218,-0.5626569537599022,1.7970833333333334,0.18458333333333332,3.7528333333333332,-0.21700833333333325,4.51,-0.3100000000000005,1.2651025855999976,96.6989,-5.147389026810297,481.87962837,-4.183555296090483,4.9833,0.9638337307198069,9.89,-0.5199999999999996,84.57,3.4280823844709554
2024-03,15912.9502,-0.7396693632254145,276.1427148348031,-3.0199519916082807,1.9175,0.39769999999999994,3.69045,-0.20955000000000013,4.5,-0.17999999999999972,1.8205055216000021,99.4894,0.8513421569428355,497.06894028,4.000776535244756,4.9962,3.1494343783019225,9.85,-0.20000000000000107,86.17,10.359554028934616
2024-04,16058.1777,1.4208219337319206,281.858709675988,0.9133845910867865,2.0327333333333337,0.3994000000000002,3.6959999999999997,-0.09155833333333385,3.93,-0.69,1.4154915775999921,101.6744,3.1108021616303403,525.83966192,7.423441458702462,5.1718,4.312639297072132,10.39,0.4800000000000004,88.23,6.134742632929156
2024-05,16406.2363,4.024915167137542,280.8421051024687,1.6552373929076072,2.029166666666667,0.23208333333333342,3.8347083333333334,0.08187500000000014,3.69,-0.8199999999999998,1.3750950463999878,102.9915,6.304443354572498,539.8402464000001,11.357890659927989,5.2416,5.053447305355486,10.56,0.6699999999999999,79.41,-6.295528888701119
2024-06,16664.9141,4.6172301524564565,278.1681872452422,0.7308106037975887,2.0366999999999997,0.11919999999999975,3.9351000000000003,0.24465000000000048,3.93,-0.5699999999999998,1.003094796799986,100.9915,1.4985249057676508,561.4016493500001,12.170787253260121,5.5589,10.672262347492465,11.18,1.33,87.26,1.257007844378804
2024-07,17196.5,6.848764090422368,293.2924192233671,3.9764213292463118,2.038408333333333,0.0056749999999992085,4.018158333333333,0.3221583333333333,4.23,0.30000000000000027,1.053515670799987,96.4493,-5.275806894128116,546.1055815299999,3.7815988794466673,5.6621,9.057405773574805,11.38,0.9900000000000002,81.39,-8.069462589506337
2024-08,16981.7344,3.4476794621428124,283.6940503039299,1.0103761950698529,2.057,0.027833333333333155,4.0300666666666665,0.19535833333333308,4.5,0.81,1.053515670799987,96.0873,-6.938930731558285,543.48898626,0.673618609588123,5.6562,7.61254934114641,11.74,1.1799999999999997,80.2,0.989920996534923
2024-09,16720.5898,0.3335324923053556,276.5417496966769,-0.5864117806651861,2.185975,0.14927500000000027,4.06845,0.13335000000000008,4.24,0.31000000000000005,0.5706798404000013,100.3406,-0.6465956176546053,546.66562286,-2.6599279100643636,5.4481,-2.013332292409755,12.17,0.9900000000000002,72.35,-18.73767146179709
2024-10,16976.0723,-1.2901033924371268,282.82469925351086,-3.634286070960995,2.1243499999999997,0.0859416666666668,4.092466666666667,0.07430833333333364,4.42,0.1899999999999995,0.8015076655999875,98.0956,1.6925031694834496,566.78656724,3.7170478425039657,5.7779,2.02454467302053,12.67,1.2899999999999991,73.25,-10.537416744177337
2024-11,17404.3145,2.4579815888297647,290.26854764020925,2.291015102063715,2.0572416666666666,0.00024166666666669556,4.425833333333333,0.3957666666666668,4.76,0.2599999999999998,0.9822635072000097,98.1416,2.115418053223676,594.1001756,8.903850904987202,6.0535,6.7884328517635355,13.85,2.1099999999999994,74.16,-7.829859361486917
2024-12,17544.3262,4.808972203996816,292.3636157012854,5.5636483784962385,2.019,-0.16697499999999987,4.9932,0.9247499999999995,4.87,0.6299999999999999,1.396373609599988,98.7611,-1.5866596179807089,611.5583595300001,11.217306450785888,6.1923,12.803966068766574,15.39,3.2200000000000006,74.58,3.0356921673182033
2025-01,17312.8223,1.9642559564393405,289.9200088644598,2.4777784984187092,2.0335916666666667,-0.09075833333333305,5.4075,1.315033333333333,4.83,0.41000000000000014,1.47713535680003,102.2923,4.189188793375022,596.3743382299999,5.088574594008591,5.8301,0.8993858006335663,14.95,2.2799999999999994,77.11,5.135472594769247
2025-02,17576.834,0.9863649772527728,290.9991225485736,0.2513731041763001,1.9541666666666666,-0.10307500000000003,5.441666666666667,1.015833333333334,4.56,-0.20000000000000018,1.0734872448000088,102.7507,4.589433223607614,600.9682941599999,1.1494227067387321,5.8488,-3.440010516868877,15.03,1.1799999999999997,74.76,0.8058061329762441
2025-03,17804.6445,1.4728746034822437,291.06863870783553,-0.44391756206862437,1.8763,-0.14270000000000005,5.362500000000001,0.36930000000000085,5.06,0.1899999999999995,1.9997508992000368,106.4009,7.451023299083974,610.97524798,-0.09539395737465296,5.7422,-7.546417256458607,15.09,-0.3000000000000007,77.23,3.4915607830497843
2025-04,17260.541,-0.302437106838438,274.95739806883086,-5.29888838776631,1.9,-0.13359166666666678,5.200666666666667,-0.20683333333333298,5.48,0.6500000000000004,2.0403397376000276,100.9267,-1.3439890519163111,571.32586336,-4.290881840979191,5.6608,-2.9468927890628827,14.48,-0.46999999999999886,63.37,-19.624241050944374
2025-05,17158.2324,-2.4103703264958414,269.33762166100666,-7.73545601350286,1.9933166666666668,0.03915000000000024,5.05825,-0.3834166666666672,5.53,0.9700000000000006,2.315408544800013,99.987,-2.7265488467847177,570.7957869,-5.151067347088222,5.7087,-2.424518500303521,14.64,-0.3899999999999988,64.32,-15.041235771665137
2025-06,17058.4766,-4.28121087526911,267.4319329242001,-8.469403360791494,2.0447,0.1684000000000001,4.84725,-0.5152500000000009,5.32,0.2600000000000007,1.254988260799994,102.0209,-4.203634126287057,556.73825339,-9.296124030123233,5.4571,-5.092489903836188,14.69,-0.40000000000000036,68.15,-12.507682443863091
2025-07,16701.7148,-3.291163252644505,260.6559186641097,-5.341495127176228,2.034583333333333,0.13458333333333306,4.704149999999999,-0.4965166666666674,5.35,-0.13000000000000078,0.9327766831999762,101.1846,0.2552060572323244,566.84624766,-0.7871636964829091,5.6021,-1.0423697537152385,14.76,0.27999999999999936,73.43,14.734200812809362
2025-08,16630.8359,-3.121952523752963,253.54056734192037,-6.044185254474005,1.975466666666667,-0.01784999999999992,4.488366666666667,-0.5698833333333333,5.23,-0.2999999999999998,0.7619256223999837,102.7876,2.7624545640125437,557.76663264,-2.3090850704075767,5.4264,-5.071539634420114,14.39,-0.25,67.83,5.313395008727742
2025-09,16738.8789,-1.891314998363497,254.8054146877694,-4.836490338927564,1.8903500000000002,-0.15435,4.419025,-0.4282249999999994,5.13,-0.1900000000000004,0.3900733135999923,104.6288,2.5241154085720403,556.47873568,-0.046624821081480174,5.3186,-2.570740229653521,14.34,-0.34999999999999964,68.52,0.5414515313377413
2025-10,17167.0801,2.7482205420784447,260.624705027606,-0.01197575168628687,1.8428666666666667,-0.1917166666666663,4.25755,-0.4465999999999992,5.17,-0.17999999999999972,0.6304326271999727,107.3022,5.87025813276494,577.74723546,1.904836532535013,5.3843,-3.96542160022991,14.09,-0.6699999999999999,65.44,-11.519887916902762
2025-11,17051.7129,2.499210550283559,255.99420099177345,0.9630952656928778,1.8107749999999998,-0.16469166666666712,4.194291666666666,-0.2940750000000012,4.68,-0.5500000000000007,0.45980452479998934,110.4126,7.15595345879107,588.91872588,5.434753368194773,5.3338,-1.721200090596287,13.75,-0.6400000000000006,64.07,-5.702833930705801
2025-12,17633.9668,5.209288244402695,255.42096757657367,0.24128630303807425,1.7997,-0.09065000000000012,4.0426,-0.37642500000000023,4.46,-0.6699999999999999,0.7514587775999892,109.69,4.723935708200672,603.5582559999999,8.121360695116977,5.5024,3.3974249869163113,13.83,-0.5099999999999998,61.35,-11.053050229899867
2026-01,17616.6367,2.585012039928534,255.87538546074384,-1.8390910341946565,1.8009166666666667,-0.04194999999999993,3.974441666666667,-0.2831083333333333,4.26,-0.9100000000000001,0.6010535345999823,120.7009,11.766643189106812,631.2777770900001,8.86095188001196,5.2301,-2.905691309094867,13.39,-0.6999999999999993,72.25,9.899863469804995
2026-02,18054.3184,5.713424067486668,264.82943054641515,3.393116858675437,1.8154166666666667,0.004641666666666877,3.88755,-0.3067416666666656,4.44,-0.23999999999999932,0.842278960200038,121.6831,9.719586652120983,626.6071234499999,6.20315593611592,5.1495,-3.5164307160050554,13.13,-0.6199999999999992,71.32,10.72005573440095
2026-03,20043.0,12.805299167493805,300.38663882528573,16.215740371616203,1.8384749999999999,0.03877499999999978,4.2031,0.16049999999999986,3.81,-0.6499999999999999,1.3657166230000017,135.246,20.94371370046356,705.9029724000001,15.663522906818391,5.2194,-5.280190793645163,13.99,0.16000000000000014,126.69,72.51479864570413
2026-04,20708.8867,16.171919471723918,313.06883543489903,20.17325374562938,1.8164333333333333,0.015516666666666623,4.595133333333333,0.6206916666666662,4.14,-0.1200000000000001,1.9213943279999812,140.5091,15.19566707802593,700.9436962599999,10.468158170387849,4.9886,-4.727508907638074,14.04,0.6499999999999986,124.24,54.208285184789005
2026-05,20770.1445,14.013169231215814,315.52032231069825,17.513713250212938,1.8173083333333333,0.0018916666666666249,4.645208333333334,0.7576583333333335,4.39,-0.05000000000000071,2.2667872719999815,135.1092,10.466321606640822,683.2337134799999,8.651724081511237,5.0569,-1.8145975251295885,14.03,0.8999999999999986,92.88,26.41315443946964
2026-06,20981.9043,4.578040063511158,314.36930843068996,4.549799533901175,1.8378999999999999,-0.0005749999999999922,4.751250000000001,0.5481500000000006,4.72,0.9099999999999997,2.144920196799993,123.1774,-9.346974971436097,637.64012884,-10.170373236427857,5.1766,-0.82339826499175,14.02436877582083,0.03436877582083042,70.46,-58.669798470087045
2026-07,20993.6973,1.365934678115294,315.17570621130795,0.6707192932441214,1.7453083333333335,-0.07112499999999988,4.556025,-0.03910833333333308,4.64,0.5,1.4158922176000122,132.0536,-6.206435458753927,670.47574328,-4.44400396307886,5.0773,1.7624314956750646,13.841040226136116,-0.19895977386388353,96.95,-24.801979715177076
2026-08,21062.002,1.3953968902589646,,,1.65,-0.1673083333333334,4.508733333333334,-0.1364749999999999,,,,138.9678,2.815891126533077,715.8509313600001,4.663496117474421,5.1512,1.847604990941325,13.80444661883018,-0.22555338116981893,89.75,-3.428031002124776
